path	disposition	target_path	batch	notes
.dockerignore	keep		M5	待 M5 逐项评估（兜底）
.env.example	keep		M5	待 M5 逐项评估（兜底）
.gitattributes	keep		M5	待 M5 逐项评估（兜底）
.github/workflows/ci.yml	keep		M5	待 M5 逐项评估（兜底）
.gitignore	keep		M5	待 M5 逐项评估（兜底）
.tool-versions	keep		M5	待 M5 逐项评估（兜底）
AGENTS.md	keep		M1	仓库宪法原位
Finance_Intelligence_OS_完整会话归档.md	archive	docs/90_archive/	M5	设计 V1.1 §5.2
HANDOFF.md	move	docs/knowledge-base/07_handoff/	M5	设计 V1.1 §5.2
Makefile	keep		M5	待 M5 逐项评估（兜底）
README.md	rewrite	README.md	M3	M3.1 精简
apps/web/app/analysis/page.tsx	keep		M5	待 M5 逐项评估（兜底）
apps/web/app/api/auth/login/route.ts	keep		M5	待 M5 逐项评估（兜底）
apps/web/app/api/auth/logout/route.ts	keep		M5	待 M5 逐项评估（兜底）
apps/web/app/api/v1/[...path]/route.ts	keep		M5	待 M5 逐项评估（兜底）
apps/web/app/data/page.tsx	keep		M5	待 M5 逐项评估（兜底）
apps/web/app/globals.css	keep		M5	待 M5 逐项评估（兜底）
apps/web/app/investigations/[findingId]/page.tsx	keep		M5	待 M5 逐项评估（兜底）
apps/web/app/investigations/page.tsx	keep		M5	待 M5 逐项评估（兜底）
apps/web/app/layout.tsx	keep		M5	待 M5 逐项评估（兜底）
apps/web/app/loading.tsx	keep		M5	待 M5 逐项评估（兜底）
apps/web/app/login/page.tsx	keep		M5	待 M5 逐项评估（兜底）
apps/web/app/metric-library/page.tsx	keep		M5	待 M5 逐项评估（兜底）
apps/web/app/operations/page.tsx	keep		M5	待 M5 逐项评估（兜底）
apps/web/app/page.tsx	keep		M5	待 M5 逐项评估（兜底）
apps/web/app/reports/page.tsx	keep		M5	待 M5 逐项评估（兜底）
apps/web/app/statements/page.tsx	keep		M5	待 M5 逐项评估（兜底）
apps/web/components/analysis/four-question-workbench.css	keep		M5	待 M5 逐项评估（兜底）
apps/web/components/analysis/four-question-workbench.tsx	keep		M5	待 M5 逐项评估（兜底）
apps/web/components/dashboard/dashboard-app.tsx	keep		M5	待 M5 逐项评估（兜底）
apps/web/components/dashboard/dashboard-format.ts	keep		M5	待 M5 逐项评估（兜底）
apps/web/components/dashboard/dashboard-header.tsx	keep		M5	待 M5 逐项评估（兜底）
apps/web/components/dashboard/dashboard-state.tsx	keep		M5	待 M5 逐项评估（兜底）
apps/web/components/dashboard/dashboard-types.ts	keep		M5	待 M5 逐项评估（兜底）
apps/web/components/dashboard/dashboard.css	keep		M5	待 M5 逐项评估（兜底）
apps/web/components/dashboard/data-status-bar.tsx	keep		M5	待 M5 逐项评估（兜底）
apps/web/components/dashboard/findings-panel.tsx	keep		M5	待 M5 逐项评估（兜底）
apps/web/components/dashboard/icons.tsx	keep		M5	待 M5 逐项评估（兜底）
apps/web/components/dashboard/margin-matrix.tsx	keep		M5	待 M5 逐项评估（兜底）
apps/web/components/dashboard/metric-grid.tsx	keep		M5	待 M5 逐项评估（兜底）
apps/web/components/dashboard/product-performance-table.tsx	keep		M5	待 M5 逐项评估（兜底）
apps/web/components/dashboard/profit-bridge-panel.tsx	keep		M5	待 M5 逐项评估（兜底）
apps/web/components/dashboard/trend-panel.tsx	keep		M5	待 M5 逐项评估（兜底）
apps/web/components/dashboard/workflow-nav.tsx	keep		M5	待 M5 逐项评估（兜底）
apps/web/components/data/data-workbench.css	keep		M5	待 M5 逐项评估（兜底）
apps/web/components/data/data-workbench.tsx	keep		M5	待 M5 逐项评估（兜底）
apps/web/components/investigation/copilot-panel.tsx	keep		M5	待 M5 逐项评估（兜底）
apps/web/components/investigation/investigation-app.tsx	keep		M5	待 M5 逐项评估（兜底）
apps/web/components/investigation/investigation-view.tsx	keep		M5	待 M5 逐项评估（兜底）
apps/web/components/investigation/investigation.css	keep		M5	待 M5 逐项评估（兜底）
apps/web/components/investigation/investigations-index.css	keep		M5	待 M5 逐项评估（兜底）
apps/web/components/investigation/investigations-index.tsx	keep		M5	待 M5 逐项评估（兜底）
apps/web/components/metric-library/dependency-graph.tsx	keep		M5	待 M5 逐项评估（兜底）
apps/web/components/metric-library/metric-library-app.tsx	keep		M5	待 M5 逐项评估（兜底）
apps/web/components/metric-library/metric-library.css	keep		M5	待 M5 逐项评估（兜底）
apps/web/components/operations/operations-app.tsx	keep		M5	待 M5 逐项评估（兜底）
apps/web/components/operations/operations-overview.css	keep		M5	待 M5 逐项评估（兜底）
apps/web/components/operations/operations-overview.tsx	keep		M5	待 M5 逐项评估（兜底）
apps/web/components/operations/operations.css	keep		M5	待 M5 逐项评估（兜底）
apps/web/components/reports/reports-center.css	keep		M5	待 M5 逐项评估（兜底）
apps/web/components/reports/reports-center.tsx	keep		M5	待 M5 逐项评估（兜底）
apps/web/components/shell/app-shell.css	keep		M5	待 M5 逐项评估（兜底）
apps/web/components/shell/app-shell.tsx	keep		M5	待 M5 逐项评估（兜底）
apps/web/components/statements/charts/donut-chart.tsx	keep		M5	待 M5 逐项评估（兜底）
apps/web/components/statements/charts/grouped-bar-chart.tsx	keep		M5	待 M5 逐项评估（兜底）
apps/web/components/statements/charts/kpi-cards.tsx	keep		M5	待 M5 逐项评估（兜底）
apps/web/components/statements/charts/waterfall-chart.tsx	keep		M5	待 M5 逐项评估（兜底）
apps/web/components/statements/review-panel.tsx	keep		M5	待 M5 逐项评估（兜底）
apps/web/components/statements/statement-app.tsx	keep		M5	待 M5 逐项评估（兜底）
apps/web/components/statements/statement-view.ts	keep		M5	待 M5 逐项评估（兜底）
apps/web/components/statements/statements.css	keep		M5	待 M5 逐项评估（兜底）
apps/web/e2e/__snapshots__/dashboard-1440-darwin.png	keep		M5	待 M5 逐项评估（兜底）
apps/web/e2e/__snapshots__/dashboard-1440-linux.png	keep		M5	待 M5 逐项评估（兜底）
apps/web/e2e/__snapshots__/dashboard-1920-darwin.png	keep		M5	待 M5 逐项评估（兜底）
apps/web/e2e/__snapshots__/dashboard-1920-linux.png	keep		M5	待 M5 逐项评估（兜底）
apps/web/e2e/analysis.spec.ts	keep		M5	待 M5 逐项评估（兜底）
apps/web/e2e/dashboard-network.spec.ts	keep		M5	待 M5 逐项评估（兜底）
apps/web/e2e/dashboard-states.spec.ts	keep		M5	待 M5 逐项评估（兜底）
apps/web/e2e/dashboard-visual.spec.ts	keep		M5	待 M5 逐项评估（兜底）
apps/web/e2e/dashboard.spec.ts	keep		M5	待 M5 逐项评估（兜底）
apps/web/e2e/investigation.spec.ts	keep		M5	待 M5 逐项评估（兜底）
apps/web/e2e/metric-library-governance.spec.ts	keep		M5	待 M5 逐项评估（兜底）
apps/web/e2e/navigation.spec.ts	keep		M5	待 M5 逐项评估（兜底）
apps/web/e2e/statements-review.spec.ts	keep		M5	待 M5 逐项评估（兜底）
apps/web/e2e/statements.spec.ts	keep		M5	待 M5 逐项评估（兜底）
apps/web/e2e/support.ts	keep		M5	待 M5 逐项评估（兜底）
apps/web/e2e/user-closure.spec.ts	keep		M5	待 M5 逐项评估（兜底）
apps/web/eslint.config.mjs	keep		M5	待 M5 逐项评估（兜底）
apps/web/lib/api/client.ts	keep		M5	待 M5 逐项评估（兜底）
apps/web/lib/auth/session.ts	keep		M5	待 M5 逐项评估（兜底）
apps/web/next-env.d.ts	keep		M5	待 M5 逐项评估（兜底）
apps/web/next.config.ts	keep		M5	待 M5 逐项评估（兜底）
apps/web/package.json	keep		M5	待 M5 逐项评估（兜底）
apps/web/playwright.config.ts	keep		M5	待 M5 逐项评估（兜底）
apps/web/proxy.ts	keep		M5	待 M5 逐项评估（兜底）
apps/web/tests/api-client.test.ts	keep		M5	待 M5 逐项评估（兜底）
apps/web/tests/api-proxy.test.ts	keep		M5	待 M5 逐项评估（兜底）
apps/web/tests/auth-proxy.test.ts	keep		M5	待 M5 逐项评估（兜底）
apps/web/tests/auth-session.test.ts	keep		M5	待 M5 逐项评估（兜底）
apps/web/tests/components/data-workbench.test.tsx	keep		M5	待 M5 逐项评估（兜底）
apps/web/tests/components/dependency-graph.test.tsx	keep		M5	待 M5 逐项评估（兜底）
apps/web/tests/components/four-question-workbench.test.tsx	keep		M5	待 M5 逐项评估（兜底）
apps/web/tests/components/metric-library-governance.test.tsx	keep		M5	待 M5 逐项评估（兜底）
apps/web/tests/components/operations-overview.test.tsx	keep		M5	待 M5 逐项评估（兜底）
apps/web/tests/components/reports-center.test.tsx	keep		M5	待 M5 逐项评估（兜底）
apps/web/tests/components/statement-app.test.tsx	keep		M5	待 M5 逐项评估（兜底）
apps/web/tests/dashboard-accessibility.test.tsx	keep		M5	待 M5 逐项评估（兜底）
apps/web/tests/dashboard-content.test.tsx	keep		M5	待 M5 逐项评估（兜底）
apps/web/tests/dashboard-states.test.tsx	keep		M5	待 M5 逐项评估（兜底）
apps/web/tests/home.test.tsx	keep		M5	待 M5 逐项评估（兜底）
apps/web/tests/investigation-handoff.test.tsx	keep		M5	待 M5 逐项评估（兜底）
apps/web/tests/setup.ts	keep		M5	待 M5 逐项评估（兜底）
apps/web/tsconfig.e2e.json	keep		M5	待 M5 逐项评估（兜底）
apps/web/tsconfig.json	keep		M5	待 M5 逐项评估（兜底）
apps/web/vitest.config.ts	keep		M5	待 M5 逐项评估（兜底）
config/analysis/objective_finance_v1.yaml	keep		M5	待 M5 逐项评估（兜底）
config/analysis/objective_topics_v1.yaml	keep		M5	待 M5 逐项评估（兜底）
config/intake/flow_v1_aliases.yaml	keep		M5	待 M5 逐项评估（兜底）
config/intake/flow_v1_transforms.yaml	keep		M5	待 M5 逐项评估（兜底）
config/metrics/accounting_foundation_v0.yaml	keep		M5	待 M5 逐项评估（兜底）
config/metrics/accounting_foundation_v1.yaml	keep		M5	待 M5 逐项评估（兜底）
config/metrics/flow_v1_metrics.yaml	keep		M5	待 M5 逐项评估（兜底）
config/metrics/metric_dictionary_v0.yaml	keep		M5	待 M5 逐项评估（兜底）
config/metrics/metric_dictionary_v1.yaml	keep		M5	待 M5 逐项评估（兜底）
config/metrics/metric_dictionary_v1_1.yaml	keep		M5	待 M5 逐项评估（兜底）
config/metrics/operations_dictionary_v1.yaml	keep		M5	待 M5 逐项评估（兜底）
config/operations/operations_track_v1.yaml	keep		M5	待 M5 逐项评估（兜底）
config/statements/item_alias_map_v0.yaml	keep		M5	待 M5 逐项评估（兜底）
config/statements/item_alias_map_v1.yaml	keep		M5	待 M5 逐项评估（兜底）
docs/2026-09-07-documentation-governance.md	archive	docs/90_archive/	M5	被 10_governance 接替
docs/README.md	rewrite	docs/README.md	M1	重写为纯导航
docs/api-reference.md	move	docs/40_specs/platform/	M3	
docs/architecture/flow-v1-domain-objects.md	move	docs/30_architecture/	M3	
docs/architecture/flow-v1-runtime.md	move	docs/30_architecture/	M3	
docs/assets/screenshots/README.md	keep		M5	截图等 M5 评估
docs/assets/screenshots/dashboard.png	keep		M5	截图等 M5 评估
docs/assets/screenshots/data-mapping.png	keep		M5	截图等 M5 评估
docs/assets/screenshots/data-mobile.png	keep		M5	截图等 M5 评估
docs/assets/screenshots/data-quality.png	keep		M5	截图等 M5 评估
docs/assets/screenshots/investigation.png	keep		M5	截图等 M5 评估
docs/assets/screenshots/login.png	keep		M5	截图等 M5 评估
docs/assets/screenshots/p5/metric-library-overview.png	keep		M5	截图等 M5 评估
docs/assets/screenshots/p5/metric-library-relations.png	keep		M5	截图等 M5 评估
docs/assets/screenshots/p5/sf-cashflow.png	keep		M5	截图等 M5 评估
docs/assets/screenshots/p5/sf-dupont.png	keep		M5	截图等 M5 评估
docs/assets/screenshots/p5/sf-overview.png	keep		M5	截图等 M5 评估
docs/assets/screenshots/p5/sf-peer.png	keep		M5	截图等 M5 评估
docs/assets/screenshots/p5/sf-structure.png	keep		M5	截图等 M5 评估
docs/assets/screenshots/p5/tencent-reconciliation.png	keep		M5	截图等 M5 评估
docs/assets/screenshots/p5/tencent-segments.png	keep		M5	截图等 M5 评估
docs/assets/screenshots/reports.png	keep		M5	截图等 M5 评估
docs/data-contract/flow-v1.md	rewrite	docs/40_specs/financial-facts/	M3	
docs/documentation-status.md	compatibility		M5	M5.2 生成式替代
docs/implementation/2026-08-30-phase-1-verification.md	move	docs/60_delivery/implementation/	M5	机器消费者路径 keep 例外
docs/implementation/2026-08-30-phase-2-verification.md	move	docs/60_delivery/implementation/	M5	机器消费者路径 keep 例外
docs/implementation/2026-08-31-phase-3-verification.md	move	docs/60_delivery/implementation/	M5	机器消费者路径 keep 例外
docs/implementation/2026-09-01-phase-4-verification.md	move	docs/60_delivery/implementation/	M5	机器消费者路径 keep 例外
docs/implementation/2026-09-01-phase-5-verification.md	move	docs/60_delivery/implementation/	M5	机器消费者路径 keep 例外
docs/implementation/2026-09-02-phase-10-acceptance.md	move	docs/60_delivery/implementation/	M5	机器消费者路径 keep 例外
docs/implementation/2026-09-02-phase-6-dashboard-fidelity.md	move	docs/60_delivery/implementation/	M5	机器消费者路径 keep 例外
docs/implementation/2026-09-02-phase-6-verification.md	move	docs/60_delivery/implementation/	M5	机器消费者路径 keep 例外
docs/implementation/2026-09-02-phase-7-verification.md	move	docs/60_delivery/implementation/	M5	机器消费者路径 keep 例外
docs/implementation/2026-09-02-phase-8-verification.md	move	docs/60_delivery/implementation/	M5	机器消费者路径 keep 例外
docs/implementation/2026-09-02-phase-9-verification.md	move	docs/60_delivery/implementation/	M5	机器消费者路径 keep 例外
docs/implementation/2026-09-04-documentation-refresh.md	move	docs/60_delivery/implementation/	M5	机器消费者路径 keep 例外
docs/implementation/2026-09-04-phase-pilot-1-user-closure.md	move	docs/60_delivery/implementation/	M5	机器消费者路径 keep 例外
docs/implementation/2026-09-04-review-repairs.md	move	docs/60_delivery/implementation/	M5	机器消费者路径 keep 例外
docs/implementation/2026-09-05-ci-repair.md	move	docs/60_delivery/implementation/	M5	机器消费者路径 keep 例外
docs/implementation/2026-09-05-p5-first-extraction.md	move	docs/60_delivery/implementation/	M5	机器消费者路径 keep 例外
docs/implementation/2026-09-06-shell-metric-library-s3-proxy.md	move	docs/60_delivery/implementation/	M5	机器消费者路径 keep 例外
docs/implementation/assets/phase-6-approved-reference-1440.png	move	docs/60_delivery/implementation/	M5	机器消费者路径 keep 例外
docs/implementation/metric-library-v1.1.md	move	docs/60_delivery/implementation/	M5	机器消费者路径 keep 例外
docs/implementation/objective-analysis/2026-09-06-baseline-audit.md	keep	docs/implementation/objective-analysis/2026-09-06-baseline-audit.md	M5	机器消费者路径（计划 §1.4）
docs/implementation/objective-analysis/2026-09-06-caliber-audit.md	keep	docs/implementation/objective-analysis/2026-09-06-caliber-audit.md	M5	机器消费者路径（计划 §1.4）
docs/implementation/objective-analysis/2026-09-07-format-review.md	keep	docs/implementation/objective-analysis/2026-09-07-format-review.md	M5	机器消费者路径（计划 §1.4）
docs/implementation/objective-analysis/format-review/2026Q1_顺丰控股_20260907214213.pdf	keep	docs/implementation/objective-analysis/format-review/2026Q1_顺丰控股_20260907214213.pdf	M5	机器消费者路径（计划 §1.4）
docs/implementation/objective-analysis/format-review/2026Q2_腾讯控股_20260907214215.pdf	keep	docs/implementation/objective-analysis/format-review/2026Q2_腾讯控股_20260907214215.pdf	M5	机器消费者路径（计划 §1.4）
docs/implementation/objective-analysis/metric-execution-coverage.md	keep	docs/implementation/objective-analysis/metric-execution-coverage.md	M5	机器消费者路径（计划 §1.4）
docs/implementation/objective-analysis/next-stage-baseline.md	keep	docs/implementation/objective-analysis/next-stage-baseline.md	M5	机器消费者路径（计划 §1.4）
docs/implementation/p5/P5-validation-summary.md	keep	docs/implementation/p5/P5-validation-summary.md	M5	机器消费者路径（计划 §1.4）
docs/implementation/p5/alibaba_2019fy_statements.yaml	keep	docs/implementation/p5/alibaba_2019fy_statements.yaml	M5	机器消费者路径（计划 §1.4）
docs/implementation/p5/alibaba_2020fy_statements.yaml	keep	docs/implementation/p5/alibaba_2020fy_statements.yaml	M5	机器消费者路径（计划 §1.4）
docs/implementation/p5/alibaba_2021fy_statements.yaml	keep	docs/implementation/p5/alibaba_2021fy_statements.yaml	M5	机器消费者路径（计划 §1.4）
docs/implementation/p5/alibaba_2022fy_statements.yaml	keep	docs/implementation/p5/alibaba_2022fy_statements.yaml	M5	机器消费者路径（计划 §1.4）
docs/implementation/p5/alibaba_2023fy_statements.yaml	keep	docs/implementation/p5/alibaba_2023fy_statements.yaml	M5	机器消费者路径（计划 §1.4）
docs/implementation/p5/alibaba_2024fy_statements.yaml	keep	docs/implementation/p5/alibaba_2024fy_statements.yaml	M5	机器消费者路径（计划 §1.4）
docs/implementation/p5/alibaba_2025fy_statements.yaml	keep	docs/implementation/p5/alibaba_2025fy_statements.yaml	M5	机器消费者路径（计划 §1.4）
docs/implementation/p5/alibaba_2026fy_statements.yaml	keep	docs/implementation/p5/alibaba_2026fy_statements.yaml	M5	机器消费者路径（计划 §1.4）
docs/implementation/p5/cainiao_2021fy_statements.yaml	keep	docs/implementation/p5/cainiao_2021fy_statements.yaml	M5	机器消费者路径（计划 §1.4）
docs/implementation/p5/cainiao_2022fy_statements.yaml	keep	docs/implementation/p5/cainiao_2022fy_statements.yaml	M5	机器消费者路径（计划 §1.4）
docs/implementation/p5/cainiao_2023fy_statements.yaml	keep	docs/implementation/p5/cainiao_2023fy_statements.yaml	M5	机器消费者路径（计划 §1.4）
docs/implementation/p5/cainiao_operating_metrics.yaml	keep	docs/implementation/p5/cainiao_operating_metrics.yaml	M5	机器消费者路径（计划 §1.4）
docs/implementation/p5/cainiao_segment_series.yaml	keep	docs/implementation/p5/cainiao_segment_series.yaml	M5	机器消费者路径（计划 §1.4）
docs/implementation/p5/item_alias_map_v0.yaml	keep	docs/implementation/p5/item_alias_map_v0.yaml	M5	机器消费者路径（计划 §1.4）
docs/implementation/p5/jdl_2025fy_statements.yaml	keep	docs/implementation/p5/jdl_2025fy_statements.yaml	M5	机器消费者路径（计划 §1.4）
docs/implementation/p5/metric_coverage_matrix.md	keep	docs/implementation/p5/metric_coverage_matrix.md	M5	机器消费者路径（计划 §1.4）
docs/implementation/p5/sf_2026q1_diff_report.md	keep	docs/implementation/p5/sf_2026q1_diff_report.md	M5	机器消费者路径（计划 §1.4）
docs/implementation/p5/sf_2026q1_report_view.html	keep	docs/implementation/p5/sf_2026q1_report_view.html	M5	机器消费者路径（计划 §1.4）
docs/implementation/p5/sf_2026q1_statements.yaml	keep	docs/implementation/p5/sf_2026q1_statements.yaml	M5	机器消费者路径（计划 §1.4）
docs/implementation/p5/statement_facts.yaml	keep	docs/implementation/p5/statement_facts.yaml	M5	机器消费者路径（计划 §1.4）
docs/implementation/p5/tencent_2026q2_report_view.html	keep	docs/implementation/p5/tencent_2026q2_report_view.html	M5	机器消费者路径（计划 §1.4）
docs/implementation/p5/tencent_2026q2_statements.yaml	keep	docs/implementation/p5/tencent_2026q2_statements.yaml	M5	机器消费者路径（计划 §1.4）
docs/intake/flow-v1-intake.md	rewrite	docs/40_specs/data-intake/	M3	
docs/knowledge-base/00_start_here/2026-09-07-project-state-history.md	rewrite	docs/00_start_here/	M1	唯一入口上移 docs 层
docs/knowledge-base/00_start_here/AGENT_START_HERE.md	rewrite	docs/00_start_here/	M1	唯一入口上移 docs 层
docs/knowledge-base/00_start_here/PROJECT_STATE.md	rewrite	docs/00_start_here/	M1	唯一入口上移 docs 层
docs/knowledge-base/01_conversations/INDEX.md	rewrite	docs/knowledge-base/10_sources/	M2	索引并入来源层
docs/knowledge-base/01_conversations/readable/2026-09-02-positioning-accurate-financial-analysis.md	keep		M5	raw 可读化对应物，原位
docs/knowledge-base/01_conversations/readable/rollout-2026-08-28T14-41-27-01a0471a-1689-7270-8dc5-f2bf084e4db9.md	keep		M5	raw 可读化对应物，原位
docs/knowledge-base/01_conversations/readable/rollout-2026-08-29T14-00-01-01a0471a-1689-7270-8dc5-f2bf084e4db9_01a04c1a-86bd-7960-9db5-80ae486d1bd4.md	keep		M5	raw 可读化对应物，原位
docs/knowledge-base/02_research/2026-09-11-finance-knowledge-map.md	rewrite	docs/knowledge-base/10_sources/source_notes/	M2	知识地图与索引并入来源层
docs/knowledge-base/02_research/INDEX.md	rewrite	docs/knowledge-base/10_sources/source_notes/	M2	知识地图与索引并入来源层
docs/knowledge-base/02_research/synthesis/2026-08-29-Finance_Intelligence_OS_系统研究结论.md	move	docs/knowledge-base/10_sources/source_notes/	M2	研究综合移来源笔记
docs/knowledge-base/02_research/synthesis/2026-09-05-会计与财务指标知识库_设计草案.md	move	docs/knowledge-base/10_sources/source_notes/	M2	研究综合移来源笔记
docs/knowledge-base/02_research/synthesis/2026-09-05-指标库初始目录_v0_草案.md	move	docs/knowledge-base/10_sources/source_notes/	M2	研究综合移来源笔记
docs/knowledge-base/02_research/synthesis/2026-09-06-FineBI财务经营分析看板_架构借鉴分析.md	move	docs/knowledge-base/10_sources/source_notes/	M2	研究综合移来源笔记
docs/knowledge-base/02_research/synthesis/2026-09-06-经营分析轨数据定义_v0_草案.md	move	docs/knowledge-base/10_sources/source_notes/	M2	研究综合移来源笔记
docs/knowledge-base/02_research/synthesis/2026-09-06-财务分析十指标文章_借鉴升级清单.md	move	docs/knowledge-base/10_sources/source_notes/	M2	研究综合移来源笔记
docs/knowledge-base/02_research/synthesis/2026-09-07-reference-and-improvement-master.md	move	docs/knowledge-base/10_sources/source_notes/	M2	研究综合移来源笔记
docs/knowledge-base/02_research/synthesis/2026-09-09-15-models-assessment.md	move	docs/knowledge-base/10_sources/source_notes/	M2	研究综合移来源笔记
docs/knowledge-base/02_research/synthesis/2026-09-09-break-even-tool-assessment.md	move	docs/knowledge-base/10_sources/source_notes/	M2	研究综合移来源笔记
docs/knowledge-base/02_research/synthesis/2026-09-09-finance-cockpit-pbi-assessment.md	move	docs/knowledge-base/10_sources/source_notes/	M2	研究综合移来源笔记
docs/knowledge-base/02_research/synthesis/2026-09-09-metric-linkage-assessment.md	move	docs/knowledge-base/10_sources/source_notes/	M2	研究综合移来源笔记
docs/knowledge-base/02_research/synthesis/2026-09-09-open-source-bi-assessment.md	move	docs/knowledge-base/10_sources/source_notes/	M2	研究综合移来源笔记
docs/knowledge-base/02_research/synthesis/2026-09-09-operations-sop-assessment.md	move	docs/knowledge-base/10_sources/source_notes/	M2	研究综合移来源笔记
docs/knowledge-base/02_research/synthesis/2026-09-09-report-4steps-assessment.md	move	docs/knowledge-base/10_sources/source_notes/	M2	研究综合移来源笔记
docs/knowledge-base/02_research/synthesis/2026-09-11-25-indicators-assessment.md	move	docs/knowledge-base/10_sources/source_notes/	M2	研究综合移来源笔记
docs/knowledge-base/02_research/synthesis/2026-09-12-16-bp26-assessment.md	move	docs/knowledge-base/10_sources/source_notes/	M2	研究综合移来源笔记
docs/knowledge-base/02_research/synthesis/2026-09-12-17-bp-collaboration-assessment.md	move	docs/knowledge-base/10_sources/source_notes/	M2	研究综合移来源笔记
docs/knowledge-base/02_research/synthesis/2026-09-12-18-flash-report-assessment.md	move	docs/knowledge-base/10_sources/source_notes/	M2	研究综合移来源笔记
docs/knowledge-base/02_research/synthesis/2026-09-12-obsidian-internal-kb-assessment.md	move	docs/knowledge-base/10_sources/source_notes/	M2	研究综合移来源笔记
docs/knowledge-base/02_research/synthesis/2026-09-12-obsidian-scan/A-finance.md	move	docs/knowledge-base/10_sources/source_notes/	M2	研究综合移来源笔记
docs/knowledge-base/02_research/synthesis/2026-09-12-obsidian-scan/B-management.md	move	docs/knowledge-base/10_sources/source_notes/	M2	研究综合移来源笔记
docs/knowledge-base/02_research/synthesis/2026-09-12-obsidian-scan/C-logistics.md	move	docs/knowledge-base/10_sources/source_notes/	M2	研究综合移来源笔记
docs/knowledge-base/02_research/synthesis/2026-09-12-obsidian-scan/D-wiki.md	move	docs/knowledge-base/10_sources/source_notes/	M2	研究综合移来源笔记
docs/knowledge-base/02_research/synthesis/2026-09-12-obsidian-scan/W1-wechat-vertical.md	move	docs/knowledge-base/10_sources/source_notes/	M2	研究综合移来源笔记
docs/knowledge-base/02_research/synthesis/2026-09-12-obsidian-scan/W2-wechat-analysis.md	move	docs/knowledge-base/10_sources/source_notes/	M2	研究综合移来源笔记
docs/knowledge-base/02_research/synthesis/2026-09-12-obsidian-scan/W3-wechat-general.md	move	docs/knowledge-base/10_sources/source_notes/	M2	研究综合移来源笔记
docs/knowledge-base/02_research/synthesis/2026-09-12-obsidian-scan/W4-wechat-1546-snapshot.md	move	docs/knowledge-base/10_sources/source_notes/	M2	研究综合移来源笔记
docs/knowledge-base/02_research/synthesis/会计基础数据集_v0_草案.yaml	keep	docs/knowledge-base/02_research/synthesis/会计基础数据集_v0_草案.yaml	M5	机器消费者路径（计划 §1.4）
docs/knowledge-base/02_research/synthesis/指标库初始数据集_v0_草案.yaml	keep	docs/knowledge-base/02_research/synthesis/指标库初始数据集_v0_草案.yaml	M5	机器消费者路径（计划 §1.4）
docs/knowledge-base/03_assets/IMAGE_CATALOG.md	keep		M5	非不可变资产 M5 评估
docs/knowledge-base/03_assets/visual_prototypes/canonical-data-layer.html	keep		M5	非不可变资产 M5 评估
docs/knowledge-base/03_assets/visual_prototypes/dashboard-density-v2.html	keep		M5	非不可变资产 M5 评估
docs/knowledge-base/03_assets/visual_prototypes/excel-import-workflow.html	keep		M5	非不可变资产 M5 评估
docs/knowledge-base/03_assets/visual_prototypes/flow-v1-blueprint.html	keep		M5	非不可变资产 M5 评估
docs/knowledge-base/03_assets/visual_prototypes/information-architecture.html	keep		M5	非不可变资产 M5 评估
docs/knowledge-base/03_assets/visual_prototypes/investigation-evidence-v2.html	keep		M5	非不可变资产 M5 评估
docs/knowledge-base/03_assets/visual_prototypes/investigation-workspace.html	keep		M5	非不可变资产 M5 评估
docs/knowledge-base/03_assets/visual_prototypes/metric-library-v0-review.html	keep		M5	非不可变资产 M5 评估
docs/knowledge-base/03_assets/visual_prototypes/standard-excel-package-v2.html	keep		M5	非不可变资产 M5 评估
docs/knowledge-base/03_assets/visual_prototypes/standard-excel-package.html	keep		M5	非不可变资产 M5 评估
docs/knowledge-base/03_assets/visual_prototypes/unified-publishing.html	keep		M5	非不可变资产 M5 评估
docs/knowledge-base/03_assets/visual_prototypes/waiting-data-contract.html	keep		M5	非不可变资产 M5 评估
docs/knowledge-base/03_assets/visual_prototypes/waiting-template-scope.html	keep		M5	非不可变资产 M5 评估
docs/knowledge-base/04_decisions/CHANGE_IMPACT_MAP.md	rewrite	docs/10_governance/	M1	拆 DECISION_INDEX+单项决策
docs/knowledge-base/04_decisions/DECISION_LOG.md	rewrite	docs/10_governance/	M1	拆 DECISION_INDEX+单项决策
docs/knowledge-base/05_design/PROTOTYPE_INDEX.md	rewrite	docs/20_product/	M3	产品/架构文档拆分
docs/knowledge-base/06_sources/LINK_CATALOG.md	move	docs/knowledge-base/10_sources/	M2	
docs/knowledge-base/06_sources/SOURCE_CATALOG.md	move	docs/knowledge-base/10_sources/	M2	
docs/knowledge-base/06_sources/all_urls_extracted.txt	move	docs/knowledge-base/10_sources/	M2	
docs/knowledge-base/07_handoff/2026-09-07-machine-handoff-p03-plan.md	keep		M5	HANDOFF 目标位置（顶层 HANDOFF.md 迁入）
docs/knowledge-base/07_handoff/CONTINUATION_GUIDE.md	keep		M5	HANDOFF 目标位置（顶层 HANDOFF.md 迁入）
docs/knowledge-base/07_handoff/RESTART_PROMPTS.md	keep		M5	HANDOFF 目标位置（顶层 HANDOFF.md 迁入）
docs/knowledge-base/08_wechat_sources/HANDOFF.md	keep		M2	已移交微信材料；建议 M2 追加 immutable delta 并入来源登记
docs/knowledge-base/08_wechat_sources/INDEX.md	keep		M2	已移交微信材料；建议 M2 追加 immutable delta 并入来源登记
docs/knowledge-base/08_wechat_sources/README.md	keep		M2	已移交微信材料；建议 M2 追加 immutable delta 并入来源登记
docs/knowledge-base/08_wechat_sources/shujuxiong/01_财务分析/20250308_财务分析报告，这样写，更专业（思维导图、案例、模板）/article.md	keep		M2	已移交微信材料；建议 M2 追加 immutable delta 并入来源登记
docs/knowledge-base/08_wechat_sources/shujuxiong/01_财务分析/20250308_财务分析报告，这样写，更专业（思维导图、案例、模板）/images/cover.jpg	keep		M2	已移交微信材料；建议 M2 追加 immutable delta 并入来源登记
docs/knowledge-base/08_wechat_sources/shujuxiong/01_财务分析/20250308_财务分析报告，这样写，更专业（思维导图、案例、模板）/images/img001.gif	keep		M2	已移交微信材料；建议 M2 追加 immutable delta 并入来源登记
docs/knowledge-base/08_wechat_sources/shujuxiong/01_财务分析/20250308_财务分析报告，这样写，更专业（思维导图、案例、模板）/images/img002.jpg	keep		M2	已移交微信材料；建议 M2 追加 immutable delta 并入来源登记
docs/knowledge-base/08_wechat_sources/shujuxiong/01_财务分析/20250308_财务分析报告，这样写，更专业（思维导图、案例、模板）/images/img003.jpg	keep		M2	已移交微信材料；建议 M2 追加 immutable delta 并入来源登记
docs/knowledge-base/08_wechat_sources/shujuxiong/01_财务分析/20250308_财务分析报告，这样写，更专业（思维导图、案例、模板）/images/img004.jpg	keep		M2	已移交微信材料；建议 M2 追加 immutable delta 并入来源登记
docs/knowledge-base/08_wechat_sources/shujuxiong/01_财务分析/20250308_财务分析报告，这样写，更专业（思维导图、案例、模板）/images/img005.jpg	keep		M2	已移交微信材料；建议 M2 追加 immutable delta 并入来源登记
docs/knowledge-base/08_wechat_sources/shujuxiong/01_财务分析/20250308_财务分析报告，这样写，更专业（思维导图、案例、模板）/images/img006.jpg	keep		M2	已移交微信材料；建议 M2 追加 immutable delta 并入来源登记
docs/knowledge-base/08_wechat_sources/shujuxiong/01_财务分析/20250308_财务分析报告，这样写，更专业（思维导图、案例、模板）/images/img007.jpg	keep		M2	已移交微信材料；建议 M2 追加 immutable delta 并入来源登记
docs/knowledge-base/08_wechat_sources/shujuxiong/01_财务分析/20250308_财务分析报告，这样写，更专业（思维导图、案例、模板）/images/img008.jpg	keep		M2	已移交微信材料；建议 M2 追加 immutable delta 并入来源登记
docs/knowledge-base/08_wechat_sources/shujuxiong/01_财务分析/20250308_财务分析报告，这样写，更专业（思维导图、案例、模板）/images/img009.jpg	keep		M2	已移交微信材料；建议 M2 追加 immutable delta 并入来源登记
docs/knowledge-base/08_wechat_sources/shujuxiong/01_财务分析/20250308_财务分析报告，这样写，更专业（思维导图、案例、模板）/images/img010.jpg	keep		M2	已移交微信材料；建议 M2 追加 immutable delta 并入来源登记
docs/knowledge-base/08_wechat_sources/shujuxiong/01_财务分析/20250308_财务分析报告，这样写，更专业（思维导图、案例、模板）/images/img011.png	keep		M2	已移交微信材料；建议 M2 追加 immutable delta 并入来源登记
docs/knowledge-base/08_wechat_sources/shujuxiong/01_财务分析/20250308_财务分析报告，这样写，更专业（思维导图、案例、模板）/meta.json	keep		M2	已移交微信材料；建议 M2 追加 immutable delta 并入来源登记
docs/knowledge-base/08_wechat_sources/shujuxiong/01_财务分析/20250311_财务人必须掌握的7个经典财务模型：思维导图、案例/article.md	keep		M2	已移交微信材料；建议 M2 追加 immutable delta 并入来源登记
docs/knowledge-base/08_wechat_sources/shujuxiong/01_财务分析/20250311_财务人必须掌握的7个经典财务模型：思维导图、案例/images/cover.jpg	keep		M2	已移交微信材料；建议 M2 追加 immutable delta 并入来源登记
docs/knowledge-base/08_wechat_sources/shujuxiong/01_财务分析/20250311_财务人必须掌握的7个经典财务模型：思维导图、案例/images/img001.gif	keep		M2	已移交微信材料；建议 M2 追加 immutable delta 并入来源登记
docs/knowledge-base/08_wechat_sources/shujuxiong/01_财务分析/20250311_财务人必须掌握的7个经典财务模型：思维导图、案例/images/img002.png	keep		M2	已移交微信材料；建议 M2 追加 immutable delta 并入来源登记
docs/knowledge-base/08_wechat_sources/shujuxiong/01_财务分析/20250311_财务人必须掌握的7个经典财务模型：思维导图、案例/images/img003.png	keep		M2	已移交微信材料；建议 M2 追加 immutable delta 并入来源登记
docs/knowledge-base/08_wechat_sources/shujuxiong/01_财务分析/20250311_财务人必须掌握的7个经典财务模型：思维导图、案例/images/img004.jpg	keep		M2	已移交微信材料；建议 M2 追加 immutable delta 并入来源登记
docs/knowledge-base/08_wechat_sources/shujuxiong/01_财务分析/20250311_财务人必须掌握的7个经典财务模型：思维导图、案例/images/img005.jpg	keep		M2	已移交微信材料；建议 M2 追加 immutable delta 并入来源登记
docs/knowledge-base/08_wechat_sources/shujuxiong/01_财务分析/20250311_财务人必须掌握的7个经典财务模型：思维导图、案例/images/img006.jpg	keep		M2	已移交微信材料；建议 M2 追加 immutable delta 并入来源登记
docs/knowledge-base/08_wechat_sources/shujuxiong/01_财务分析/20250311_财务人必须掌握的7个经典财务模型：思维导图、案例/images/img007.jpg	keep		M2	已移交微信材料；建议 M2 追加 immutable delta 并入来源登记
docs/knowledge-base/08_wechat_sources/shujuxiong/01_财务分析/20250311_财务人必须掌握的7个经典财务模型：思维导图、案例/images/img008.jpg	keep		M2	已移交微信材料；建议 M2 追加 immutable delta 并入来源登记
docs/knowledge-base/08_wechat_sources/shujuxiong/01_财务分析/20250311_财务人必须掌握的7个经典财务模型：思维导图、案例/meta.json	keep		M2	已移交微信材料；建议 M2 追加 immutable delta 并入来源登记
docs/knowledge-base/08_wechat_sources/shujuxiong/01_财务分析/20250312_如何通俗的看懂财务三大报表？/article.md	keep		M2	已移交微信材料；建议 M2 追加 immutable delta 并入来源登记
docs/knowledge-base/08_wechat_sources/shujuxiong/01_财务分析/20250312_如何通俗的看懂财务三大报表？/images/cover.jpg	keep		M2	已移交微信材料；建议 M2 追加 immutable delta 并入来源登记
docs/knowledge-base/08_wechat_sources/shujuxiong/01_财务分析/20250312_如何通俗的看懂财务三大报表？/meta.json	keep		M2	已移交微信材料；建议 M2 追加 immutable delta 并入来源登记
docs/knowledge-base/08_wechat_sources/shujuxiong/01_财务分析/20250313_从财务分析到经营分析：财务BP应该实现的7个思维转变/article.md	keep		M2	已移交微信材料；建议 M2 追加 immutable delta 并入来源登记
docs/knowledge-base/08_wechat_sources/shujuxiong/01_财务分析/20250313_从财务分析到经营分析：财务BP应该实现的7个思维转变/images/cover.jpg	keep		M2	已移交微信材料；建议 M2 追加 immutable delta 并入来源登记
docs/knowledge-base/08_wechat_sources/shujuxiong/01_财务分析/20250313_从财务分析到经营分析：财务BP应该实现的7个思维转变/images/img001.gif	keep		M2	已移交微信材料；建议 M2 追加 immutable delta 并入来源登记
docs/knowledge-base/08_wechat_sources/shujuxiong/01_财务分析/20250313_从财务分析到经营分析：财务BP应该实现的7个思维转变/meta.json	keep		M2	已移交微信材料；建议 M2 追加 immutable delta 并入来源登记
docs/knowledge-base/08_wechat_sources/shujuxiong/01_财务分析/20250314_一文读懂利润表/article.md	keep		M2	已移交微信材料；建议 M2 追加 immutable delta 并入来源登记
docs/knowledge-base/08_wechat_sources/shujuxiong/01_财务分析/20250314_一文读懂利润表/images/cover.jpg	keep		M2	已移交微信材料；建议 M2 追加 immutable delta 并入来源登记
docs/knowledge-base/08_wechat_sources/shujuxiong/01_财务分析/20250314_一文读懂利润表/images/img001.gif	keep		M2	已移交微信材料；建议 M2 追加 immutable delta 并入来源登记
docs/knowledge-base/08_wechat_sources/shujuxiong/01_财务分析/20250314_一文读懂利润表/meta.json	keep		M2	已移交微信材料；建议 M2 追加 immutable delta 并入来源登记
docs/knowledge-base/08_wechat_sources/shujuxiong/01_财务分析/20250316_应收账款分析模型：关键指标、思维导图/article.md	keep		M2	已移交微信材料；建议 M2 追加 immutable delta 并入来源登记
docs/knowledge-base/08_wechat_sources/shujuxiong/01_财务分析/20250316_应收账款分析模型：关键指标、思维导图/images/cover.jpg	keep		M2	已移交微信材料；建议 M2 追加 immutable delta 并入来源登记
docs/knowledge-base/08_wechat_sources/shujuxiong/01_财务分析/20250316_应收账款分析模型：关键指标、思维导图/images/img001.gif	keep		M2	已移交微信材料；建议 M2 追加 immutable delta 并入来源登记
docs/knowledge-base/08_wechat_sources/shujuxiong/01_财务分析/20250316_应收账款分析模型：关键指标、思维导图/images/img002.png	keep		M2	已移交微信材料；建议 M2 追加 immutable delta 并入来源登记
docs/knowledge-base/08_wechat_sources/shujuxiong/01_财务分析/20250316_应收账款分析模型：关键指标、思维导图/meta.json	keep		M2	已移交微信材料；建议 M2 追加 immutable delta 并入来源登记
docs/knowledge-base/08_wechat_sources/shujuxiong/01_财务分析/20250318_从“成本管控”到“价值创造”—财务进阶的必经之路/article.md	keep		M2	已移交微信材料；建议 M2 追加 immutable delta 并入来源登记
docs/knowledge-base/08_wechat_sources/shujuxiong/01_财务分析/20250318_从“成本管控”到“价值创造”—财务进阶的必经之路/images/cover.jpg	keep		M2	已移交微信材料；建议 M2 追加 immutable delta 并入来源登记
docs/knowledge-base/08_wechat_sources/shujuxiong/01_财务分析/20250318_从“成本管控”到“价值创造”—财务进阶的必经之路/meta.json	keep		M2	已移交微信材料；建议 M2 追加 immutable delta 并入来源登记
docs/knowledge-base/08_wechat_sources/shujuxiong/01_财务分析/20250329_美的集团2024年财报深度分析/article.md	keep		M2	已移交微信材料；建议 M2 追加 immutable delta 并入来源登记
docs/knowledge-base/08_wechat_sources/shujuxiong/01_财务分析/20250329_美的集团2024年财报深度分析/images/cover.jpg	keep		M2	已移交微信材料；建议 M2 追加 immutable delta 并入来源登记
docs/knowledge-base/08_wechat_sources/shujuxiong/01_财务分析/20250329_美的集团2024年财报深度分析/meta.json	keep		M2	已移交微信材料；建议 M2 追加 immutable delta 并入来源登记
docs/knowledge-base/08_wechat_sources/shujuxiong/01_财务分析/20250330_小米集团2024年财报深度解析：业务全面高歌猛进/article.md	keep		M2	已移交微信材料；建议 M2 追加 immutable delta 并入来源登记
docs/knowledge-base/08_wechat_sources/shujuxiong/01_财务分析/20250330_小米集团2024年财报深度解析：业务全面高歌猛进/images/cover.jpg	keep		M2	已移交微信材料；建议 M2 追加 immutable delta 并入来源登记
docs/knowledge-base/08_wechat_sources/shujuxiong/01_财务分析/20250330_小米集团2024年财报深度解析：业务全面高歌猛进/meta.json	keep		M2	已移交微信材料；建议 M2 追加 immutable delta 并入来源登记
docs/knowledge-base/08_wechat_sources/shujuxiong/01_财务分析/20250401_2025年1季度经营分析报告模板（含ppt模板）/article.md	keep		M2	已移交微信材料；建议 M2 追加 immutable delta 并入来源登记
docs/knowledge-base/08_wechat_sources/shujuxiong/01_财务分析/20250401_2025年1季度经营分析报告模板（含ppt模板）/images/cover.jpg	keep		M2	已移交微信材料；建议 M2 追加 immutable delta 并入来源登记
docs/knowledge-base/08_wechat_sources/shujuxiong/01_财务分析/20250401_2025年1季度经营分析报告模板（含ppt模板）/images/img001.png	keep		M2	已移交微信材料；建议 M2 追加 immutable delta 并入来源登记
docs/knowledge-base/08_wechat_sources/shujuxiong/01_财务分析/20250401_2025年1季度经营分析报告模板（含ppt模板）/meta.json	keep		M2	已移交微信材料；建议 M2 追加 immutable delta 并入来源登记
docs/knowledge-base/08_wechat_sources/shujuxiong/01_财务分析/20250402_业务人员也能看懂的财务指标体系/article.md	keep		M2	已移交微信材料；建议 M2 追加 immutable delta 并入来源登记
docs/knowledge-base/08_wechat_sources/shujuxiong/01_财务分析/20250402_业务人员也能看懂的财务指标体系/images/cover.jpg	keep		M2	已移交微信材料；建议 M2 追加 immutable delta 并入来源登记
docs/knowledge-base/08_wechat_sources/shujuxiong/01_财务分析/20250402_业务人员也能看懂的财务指标体系/meta.json	keep		M2	已移交微信材料；建议 M2 追加 immutable delta 并入来源登记
docs/knowledge-base/08_wechat_sources/shujuxiong/01_财务分析/20250403_2025年一季度财务分析报告模板（附PPT模板）/article.md	keep		M2	已移交微信材料；建议 M2 追加 immutable delta 并入来源登记
docs/knowledge-base/08_wechat_sources/shujuxiong/01_财务分析/20250403_2025年一季度财务分析报告模板（附PPT模板）/images/cover.jpg	keep		M2	已移交微信材料；建议 M2 追加 immutable delta 并入来源登记
docs/knowledge-base/08_wechat_sources/shujuxiong/01_财务分析/20250403_2025年一季度财务分析报告模板（附PPT模板）/images/img001.png	keep		M2	已移交微信材料；建议 M2 追加 immutable delta 并入来源登记
docs/knowledge-base/08_wechat_sources/shujuxiong/01_财务分析/20250403_2025年一季度财务分析报告模板（附PPT模板）/meta.json	keep		M2	已移交微信材料；建议 M2 追加 immutable delta 并入来源登记
docs/knowledge-base/08_wechat_sources/shujuxiong/01_财务分析/20250409_存货周转率：没有拆解等于没有分析（附案例）/article.md	keep		M2	已移交微信材料；建议 M2 追加 immutable delta 并入来源登记
docs/knowledge-base/08_wechat_sources/shujuxiong/01_财务分析/20250409_存货周转率：没有拆解等于没有分析（附案例）/images/cover.jpg	keep		M2	已移交微信材料；建议 M2 追加 immutable delta 并入来源登记
docs/knowledge-base/08_wechat_sources/shujuxiong/01_财务分析/20250409_存货周转率：没有拆解等于没有分析（附案例）/meta.json	keep		M2	已移交微信材料；建议 M2 追加 immutable delta 并入来源登记
docs/knowledge-base/08_wechat_sources/shujuxiong/01_财务分析/20250411_经营分析会，这几件事一定要吵明白/article.md	keep		M2	已移交微信材料；建议 M2 追加 immutable delta 并入来源登记
docs/knowledge-base/08_wechat_sources/shujuxiong/01_财务分析/20250411_经营分析会，这几件事一定要吵明白/images/cover.jpg	keep		M2	已移交微信材料；建议 M2 追加 immutable delta 并入来源登记
docs/knowledge-base/08_wechat_sources/shujuxiong/01_财务分析/20250411_经营分析会，这几件事一定要吵明白/images/img001.png	keep		M2	已移交微信材料；建议 M2 追加 immutable delta 并入来源登记
docs/knowledge-base/08_wechat_sources/shujuxiong/01_财务分析/20250411_经营分析会，这几件事一定要吵明白/meta.json	keep		M2	已移交微信材料；建议 M2 追加 immutable delta 并入来源登记
docs/knowledge-base/08_wechat_sources/shujuxiong/01_财务分析/20250412_财务三大报表的勾稽关系，看这篇就够了！/article.md	keep		M2	已移交微信材料；建议 M2 追加 immutable delta 并入来源登记
docs/knowledge-base/08_wechat_sources/shujuxiong/01_财务分析/20250412_财务三大报表的勾稽关系，看这篇就够了！/images/cover.jpg	keep		M2	已移交微信材料；建议 M2 追加 immutable delta 并入来源登记
docs/knowledge-base/08_wechat_sources/shujuxiong/01_财务分析/20250412_财务三大报表的勾稽关系，看这篇就够了！/meta.json	keep		M2	已移交微信材料；建议 M2 追加 immutable delta 并入来源登记
docs/knowledge-base/08_wechat_sources/shujuxiong/01_财务分析/20250413_做好成本核算，一定要从BOM开始（附案例）/article.md	keep		M2	已移交微信材料；建议 M2 追加 immutable delta 并入来源登记
docs/knowledge-base/08_wechat_sources/shujuxiong/01_财务分析/20250413_做好成本核算，一定要从BOM开始（附案例）/images/cover.jpg	keep		M2	已移交微信材料；建议 M2 追加 immutable delta 并入来源登记
docs/knowledge-base/08_wechat_sources/shujuxiong/01_财务分析/20250413_做好成本核算，一定要从BOM开始（附案例）/meta.json	keep		M2	已移交微信材料；建议 M2 追加 immutable delta 并入来源登记
docs/knowledge-base/08_wechat_sources/shujuxiong/01_财务分析/20250417_经营分析和财务分析，关键区别在这五点/article.md	keep		M2	已移交微信材料；建议 M2 追加 immutable delta 并入来源登记
docs/knowledge-base/08_wechat_sources/shujuxiong/01_财务分析/20250417_经营分析和财务分析，关键区别在这五点/images/cover.jpg	keep		M2	已移交微信材料；建议 M2 追加 immutable delta 并入来源登记
docs/knowledge-base/08_wechat_sources/shujuxiong/01_财务分析/20250417_经营分析和财务分析，关键区别在这五点/meta.json	keep		M2	已移交微信材料；建议 M2 追加 immutable delta 并入来源登记
docs/knowledge-base/08_wechat_sources/shujuxiong/01_财务分析/20250425_EBIT、EBITDA和净利润：三者的本质区别与适用场景/article.md	keep		M2	已移交微信材料；建议 M2 追加 immutable delta 并入来源登记
docs/knowledge-base/08_wechat_sources/shujuxiong/01_财务分析/20250425_EBIT、EBITDA和净利润：三者的本质区别与适用场景/images/cover.jpg	keep		M2	已移交微信材料；建议 M2 追加 immutable delta 并入来源登记
docs/knowledge-base/08_wechat_sources/shujuxiong/01_财务分析/20250425_EBIT、EBITDA和净利润：三者的本质区别与适用场景/meta.json	keep		M2	已移交微信材料；建议 M2 追加 immutable delta 并入来源登记
docs/knowledge-base/08_wechat_sources/shujuxiong/01_财务分析/20250428_成本与费用的本质区别：案例详解/article.md	keep		M2	已移交微信材料；建议 M2 追加 immutable delta 并入来源登记
docs/knowledge-base/08_wechat_sources/shujuxiong/01_财务分析/20250428_成本与费用的本质区别：案例详解/images/cover.jpg	keep		M2	已移交微信材料；建议 M2 追加 immutable delta 并入来源登记
docs/knowledge-base/08_wechat_sources/shujuxiong/01_财务分析/20250428_成本与费用的本质区别：案例详解/meta.json	keep		M2	已移交微信材料；建议 M2 追加 immutable delta 并入来源登记
docs/knowledge-base/08_wechat_sources/shujuxiong/01_财务分析/20250429_财务指标的内在联系/article.md	keep		M2	已移交微信材料；建议 M2 追加 immutable delta 并入来源登记
docs/knowledge-base/08_wechat_sources/shujuxiong/01_财务分析/20250429_财务指标的内在联系/images/cover.jpg	keep		M2	已移交微信材料；建议 M2 追加 immutable delta 并入来源登记
docs/knowledge-base/08_wechat_sources/shujuxiong/01_财务分析/20250429_财务指标的内在联系/meta.json	keep		M2	已移交微信材料；建议 M2 追加 immutable delta 并入来源登记
docs/knowledge-base/08_wechat_sources/shujuxiong/01_财务分析/20250430_应收账款周转率：拆细了才能管得住/article.md	keep		M2	已移交微信材料；建议 M2 追加 immutable delta 并入来源登记
docs/knowledge-base/08_wechat_sources/shujuxiong/01_财务分析/20250430_应收账款周转率：拆细了才能管得住/images/cover.jpg	keep		M2	已移交微信材料；建议 M2 追加 immutable delta 并入来源登记
docs/knowledge-base/08_wechat_sources/shujuxiong/01_财务分析/20250430_应收账款周转率：拆细了才能管得住/meta.json	keep		M2	已移交微信材料；建议 M2 追加 immutable delta 并入来源登记
docs/knowledge-base/08_wechat_sources/shujuxiong/01_财务分析/20250505_巴菲特退休，留下的财报哲学值得每个人学习/article.md	keep		M2	已移交微信材料；建议 M2 追加 immutable delta 并入来源登记
docs/knowledge-base/08_wechat_sources/shujuxiong/01_财务分析/20250505_巴菲特退休，留下的财报哲学值得每个人学习/images/cover.jpg	keep		M2	已移交微信材料；建议 M2 追加 immutable delta 并入来源登记
docs/knowledge-base/08_wechat_sources/shujuxiong/01_财务分析/20250505_巴菲特退休，留下的财报哲学值得每个人学习/meta.json	keep		M2	已移交微信材料；建议 M2 追加 immutable delta 并入来源登记
docs/knowledge-base/08_wechat_sources/shujuxiong/01_财务分析/20250506_2025年4月财务分析PPT框架（附PPT模板）/article.md	keep		M2	已移交微信材料；建议 M2 追加 immutable delta 并入来源登记
docs/knowledge-base/08_wechat_sources/shujuxiong/01_财务分析/20250506_2025年4月财务分析PPT框架（附PPT模板）/images/cover.jpg	keep		M2	已移交微信材料；建议 M2 追加 immutable delta 并入来源登记
docs/knowledge-base/08_wechat_sources/shujuxiong/01_财务分析/20250506_2025年4月财务分析PPT框架（附PPT模板）/meta.json	keep		M2	已移交微信材料；建议 M2 追加 immutable delta 并入来源登记
docs/knowledge-base/08_wechat_sources/shujuxiong/01_财务分析/20250507_2025年4月成本分析PPT框架（附PPT模板）/article.md	keep		M2	已移交微信材料；建议 M2 追加 immutable delta 并入来源登记
docs/knowledge-base/08_wechat_sources/shujuxiong/01_财务分析/20250507_2025年4月成本分析PPT框架（附PPT模板）/images/cover.jpg	keep		M2	已移交微信材料；建议 M2 追加 immutable delta 并入来源登记
docs/knowledge-base/08_wechat_sources/shujuxiong/01_财务分析/20250507_2025年4月成本分析PPT框架（附PPT模板）/meta.json	keep		M2	已移交微信材料；建议 M2 追加 immutable delta 并入来源登记
docs/knowledge-base/08_wechat_sources/shujuxiong/01_财务分析/20250515_财务分析的尽头，是经营洞察/article.md	keep		M2	已移交微信材料；建议 M2 追加 immutable delta 并入来源登记
docs/knowledge-base/08_wechat_sources/shujuxiong/01_财务分析/20250515_财务分析的尽头，是经营洞察/images/cover.jpg	keep		M2	已移交微信材料；建议 M2 追加 immutable delta 并入来源登记
docs/knowledge-base/08_wechat_sources/shujuxiong/01_财务分析/20250515_财务分析的尽头，是经营洞察/meta.json	keep		M2	已移交微信材料；建议 M2 追加 immutable delta 并入来源登记
docs/knowledge-base/08_wechat_sources/shujuxiong/01_财务分析/20250518_财务人，如何提升逻辑思维能力/article.md	keep		M2	已移交微信材料；建议 M2 追加 immutable delta 并入来源登记
docs/knowledge-base/08_wechat_sources/shujuxiong/01_财务分析/20250518_财务人，如何提升逻辑思维能力/images/cover.jpg	keep		M2	已移交微信材料；建议 M2 追加 immutable delta 并入来源登记
docs/knowledge-base/08_wechat_sources/shujuxiong/01_财务分析/20250518_财务人，如何提升逻辑思维能力/images/img001.png	keep		M2	已移交微信材料；建议 M2 追加 immutable delta 并入来源登记
docs/knowledge-base/08_wechat_sources/shujuxiong/01_财务分析/20250518_财务人，如何提升逻辑思维能力/meta.json	keep		M2	已移交微信材料；建议 M2 追加 immutable delta 并入来源登记
docs/knowledge-base/08_wechat_sources/shujuxiong/01_财务分析/20250522_为什么毛利率比净利率更重要？/article.md	keep		M2	已移交微信材料；建议 M2 追加 immutable delta 并入来源登记
docs/knowledge-base/08_wechat_sources/shujuxiong/01_财务分析/20250522_为什么毛利率比净利率更重要？/images/cover.jpg	keep		M2	已移交微信材料；建议 M2 追加 immutable delta 并入来源登记
docs/knowledge-base/08_wechat_sources/shujuxiong/01_财务分析/20250522_为什么毛利率比净利率更重要？/meta.json	keep		M2	已移交微信材料；建议 M2 追加 immutable delta 并入来源登记
docs/knowledge-base/08_wechat_sources/shujuxiong/01_财务分析/20250523_会计利润、财务利润和管理利润，有什么不一样？/article.md	keep		M2	已移交微信材料；建议 M2 追加 immutable delta 并入来源登记
docs/knowledge-base/08_wechat_sources/shujuxiong/01_财务分析/20250523_会计利润、财务利润和管理利润，有什么不一样？/images/cover.jpg	keep		M2	已移交微信材料；建议 M2 追加 immutable delta 并入来源登记
docs/knowledge-base/08_wechat_sources/shujuxiong/01_财务分析/20250523_会计利润、财务利润和管理利润，有什么不一样？/meta.json	keep		M2	已移交微信材料；建议 M2 追加 immutable delta 并入来源登记
docs/knowledge-base/08_wechat_sources/shujuxiong/01_财务分析/20250523_现金流量表：财务高手的“三问三看”/article.md	keep		M2	已移交微信材料；建议 M2 追加 immutable delta 并入来源登记
docs/knowledge-base/08_wechat_sources/shujuxiong/01_财务分析/20250523_现金流量表：财务高手的“三问三看”/images/cover.jpg	keep		M2	已移交微信材料；建议 M2 追加 immutable delta 并入来源登记
docs/knowledge-base/08_wechat_sources/shujuxiong/01_财务分析/20250523_现金流量表：财务高手的“三问三看”/images/img001.png	keep		M2	已移交微信材料；建议 M2 追加 immutable delta 并入来源登记
docs/knowledge-base/08_wechat_sources/shujuxiong/01_财务分析/20250523_现金流量表：财务高手的“三问三看”/meta.json	keep		M2	已移交微信材料；建议 M2 追加 immutable delta 并入来源登记
docs/knowledge-base/08_wechat_sources/shujuxiong/01_财务分析/20250524_为什么现金流比净利润更重要？/article.md	keep		M2	已移交微信材料；建议 M2 追加 immutable delta 并入来源登记
docs/knowledge-base/08_wechat_sources/shujuxiong/01_财务分析/20250524_为什么现金流比净利润更重要？/images/cover.jpg	keep		M2	已移交微信材料；建议 M2 追加 immutable delta 并入来源登记
docs/knowledge-base/08_wechat_sources/shujuxiong/01_财务分析/20250524_为什么现金流比净利润更重要？/meta.json	keep		M2	已移交微信材料；建议 M2 追加 immutable delta 并入来源登记
docs/knowledge-base/08_wechat_sources/shujuxiong/01_财务分析/20250526_从数据到决策：财务分析全流程（附案例）/article.md	keep		M2	已移交微信材料；建议 M2 追加 immutable delta 并入来源登记
docs/knowledge-base/08_wechat_sources/shujuxiong/01_财务分析/20250526_从数据到决策：财务分析全流程（附案例）/images/cover.jpg	keep		M2	已移交微信材料；建议 M2 追加 immutable delta 并入来源登记
docs/knowledge-base/08_wechat_sources/shujuxiong/01_财务分析/20250526_从数据到决策：财务分析全流程（附案例）/meta.json	keep		M2	已移交微信材料；建议 M2 追加 immutable delta 并入来源登记
docs/knowledge-base/08_wechat_sources/shujuxiong/01_财务分析/20250528_毛利率深度拆解：从采购到销售/article.md	keep		M2	已移交微信材料；建议 M2 追加 immutable delta 并入来源登记
docs/knowledge-base/08_wechat_sources/shujuxiong/01_财务分析/20250528_毛利率深度拆解：从采购到销售/images/cover.jpg	keep		M2	已移交微信材料；建议 M2 追加 immutable delta 并入来源登记
docs/knowledge-base/08_wechat_sources/shujuxiong/01_财务分析/20250528_毛利率深度拆解：从采购到销售/meta.json	keep		M2	已移交微信材料；建议 M2 追加 immutable delta 并入来源登记
docs/knowledge-base/08_wechat_sources/shujuxiong/01_财务分析/20250528_盈亏平衡分析：案例与excel模板/article.md	keep		M2	已移交微信材料；建议 M2 追加 immutable delta 并入来源登记
docs/knowledge-base/08_wechat_sources/shujuxiong/01_财务分析/20250528_盈亏平衡分析：案例与excel模板/images/cover.jpg	keep		M2	已移交微信材料；建议 M2 追加 immutable delta 并入来源登记
docs/knowledge-base/08_wechat_sources/shujuxiong/01_财务分析/20250528_盈亏平衡分析：案例与excel模板/meta.json	keep		M2	已移交微信材料；建议 M2 追加 immutable delta 并入来源登记
docs/knowledge-base/08_wechat_sources/shujuxiong/01_财务分析/20250530_净赚109亿元，京东集团2025年1季度财报拆解/article.md	keep		M2	已移交微信材料；建议 M2 追加 immutable delta 并入来源登记
docs/knowledge-base/08_wechat_sources/shujuxiong/01_财务分析/20250530_净赚109亿元，京东集团2025年1季度财报拆解/images/cover.jpg	keep		M2	已移交微信材料；建议 M2 追加 immutable delta 并入来源登记
docs/knowledge-base/08_wechat_sources/shujuxiong/01_财务分析/20250530_净赚109亿元，京东集团2025年1季度财报拆解/meta.json	keep		M2	已移交微信材料；建议 M2 追加 immutable delta 并入来源登记
docs/knowledge-base/08_wechat_sources/shujuxiong/01_财务分析/20250604_2025年5月财务分析PPT模板/article.md	keep		M2	已移交微信材料；建议 M2 追加 immutable delta 并入来源登记
docs/knowledge-base/08_wechat_sources/shujuxiong/01_财务分析/20250604_2025年5月财务分析PPT模板/images/cover.jpg	keep		M2	已移交微信材料；建议 M2 追加 immutable delta 并入来源登记
docs/knowledge-base/08_wechat_sources/shujuxiong/01_财务分析/20250604_2025年5月财务分析PPT模板/meta.json	keep		M2	已移交微信材料；建议 M2 追加 immutable delta 并入来源登记
docs/knowledge-base/08_wechat_sources/shujuxiong/01_财务分析/20250604_利润表分析：掌握“五步闭环法”，轻松读懂利润表/article.md	keep		M2	已移交微信材料；建议 M2 追加 immutable delta 并入来源登记
docs/knowledge-base/08_wechat_sources/shujuxiong/01_财务分析/20250604_利润表分析：掌握“五步闭环法”，轻松读懂利润表/images/cover.jpg	keep		M2	已移交微信材料；建议 M2 追加 immutable delta 并入来源登记
docs/knowledge-base/08_wechat_sources/shujuxiong/01_财务分析/20250604_利润表分析：掌握“五步闭环法”，轻松读懂利润表/images/img001.png	keep		M2	已移交微信材料；建议 M2 追加 immutable delta 并入来源登记
docs/knowledge-base/08_wechat_sources/shujuxiong/01_财务分析/20250604_利润表分析：掌握“五步闭环法”，轻松读懂利润表/meta.json	keep		M2	已移交微信材料；建议 M2 追加 immutable delta 并入来源登记
docs/knowledge-base/08_wechat_sources/shujuxiong/01_财务分析/20250605_一流的财务总监是这样看现金流量表的/article.md	keep		M2	已移交微信材料；建议 M2 追加 immutable delta 并入来源登记
docs/knowledge-base/08_wechat_sources/shujuxiong/01_财务分析/20250605_一流的财务总监是这样看现金流量表的/images/cover.jpg	keep		M2	已移交微信材料；建议 M2 追加 immutable delta 并入来源登记
docs/knowledge-base/08_wechat_sources/shujuxiong/01_财务分析/20250605_一流的财务总监是这样看现金流量表的/meta.json	keep		M2	已移交微信材料；建议 M2 追加 immutable delta 并入来源登记
docs/knowledge-base/08_wechat_sources/shujuxiong/01_财务分析/20250606_资产负债表分析：如何快速摸清企业家底？/article.md	keep		M2	已移交微信材料；建议 M2 追加 immutable delta 并入来源登记
docs/knowledge-base/08_wechat_sources/shujuxiong/01_财务分析/20250606_资产负债表分析：如何快速摸清企业家底？/images/cover.jpg	keep		M2	已移交微信材料；建议 M2 追加 immutable delta 并入来源登记
docs/knowledge-base/08_wechat_sources/shujuxiong/01_财务分析/20250606_资产负债表分析：如何快速摸清企业家底？/meta.json	keep		M2	已移交微信材料；建议 M2 追加 immutable delta 并入来源登记
docs/knowledge-base/08_wechat_sources/shujuxiong/01_财务分析/20250607_ROE和ROA，区别与适用场景/article.md	keep		M2	已移交微信材料；建议 M2 追加 immutable delta 并入来源登记
docs/knowledge-base/08_wechat_sources/shujuxiong/01_财务分析/20250607_ROE和ROA，区别与适用场景/images/cover.jpg	keep		M2	已移交微信材料；建议 M2 追加 immutable delta 并入来源登记
docs/knowledge-base/08_wechat_sources/shujuxiong/01_财务分析/20250607_ROE和ROA，区别与适用场景/meta.json	keep		M2	已移交微信材料；建议 M2 追加 immutable delta 并入来源登记
docs/knowledge-base/08_wechat_sources/shujuxiong/01_财务分析/20250609_产品定价模型，财务BP的必修课/article.md	keep		M2	已移交微信材料；建议 M2 追加 immutable delta 并入来源登记
docs/knowledge-base/08_wechat_sources/shujuxiong/01_财务分析/20250609_产品定价模型，财务BP的必修课/images/cover.jpg	keep		M2	已移交微信材料；建议 M2 追加 immutable delta 并入来源登记
docs/knowledge-base/08_wechat_sources/shujuxiong/01_财务分析/20250609_产品定价模型，财务BP的必修课/meta.json	keep		M2	已移交微信材料；建议 M2 追加 immutable delta 并入来源登记
docs/knowledge-base/08_wechat_sources/shujuxiong/01_财务分析/20250612_盈利能力分析，别停留在指标层/article.md	keep		M2	已移交微信材料；建议 M2 追加 immutable delta 并入来源登记
docs/knowledge-base/08_wechat_sources/shujuxiong/01_财务分析/20250612_盈利能力分析，别停留在指标层/images/cover.jpg	keep		M2	已移交微信材料；建议 M2 追加 immutable delta 并入来源登记
docs/knowledge-base/08_wechat_sources/shujuxiong/01_财务分析/20250612_盈利能力分析，别停留在指标层/meta.json	keep		M2	已移交微信材料；建议 M2 追加 immutable delta 并入来源登记
docs/knowledge-base/08_wechat_sources/shujuxiong/01_财务分析/20250613_普通人应该掌握的10个会计常识/article.md	keep		M2	已移交微信材料；建议 M2 追加 immutable delta 并入来源登记
docs/knowledge-base/08_wechat_sources/shujuxiong/01_财务分析/20250613_普通人应该掌握的10个会计常识/images/cover.jpg	keep		M2	已移交微信材料；建议 M2 追加 immutable delta 并入来源登记
docs/knowledge-base/08_wechat_sources/shujuxiong/01_财务分析/20250613_普通人应该掌握的10个会计常识/meta.json	keep		M2	已移交微信材料；建议 M2 追加 immutable delta 并入来源登记
docs/knowledge-base/08_wechat_sources/shujuxiong/01_财务分析/20250614_非财务人员也能看懂的财务指标体系/article.md	keep		M2	已移交微信材料；建议 M2 追加 immutable delta 并入来源登记
docs/knowledge-base/08_wechat_sources/shujuxiong/01_财务分析/20250614_非财务人员也能看懂的财务指标体系/images/cover.jpg	keep		M2	已移交微信材料；建议 M2 追加 immutable delta 并入来源登记
docs/knowledge-base/08_wechat_sources/shujuxiong/01_财务分析/20250614_非财务人员也能看懂的财务指标体系/images/img001.gif	keep		M2	已移交微信材料；建议 M2 追加 immutable delta 并入来源登记
docs/knowledge-base/08_wechat_sources/shujuxiong/01_财务分析/20250614_非财务人员也能看懂的财务指标体系/images/img002.jpg	keep		M2	已移交微信材料；建议 M2 追加 immutable delta 并入来源登记
docs/knowledge-base/08_wechat_sources/shujuxiong/01_财务分析/20250614_非财务人员也能看懂的财务指标体系/images/img003.jpg	keep		M2	已移交微信材料；建议 M2 追加 immutable delta 并入来源登记
docs/knowledge-base/08_wechat_sources/shujuxiong/01_财务分析/20250614_非财务人员也能看懂的财务指标体系/images/img004.jpg	keep		M2	已移交微信材料；建议 M2 追加 immutable delta 并入来源登记
docs/knowledge-base/08_wechat_sources/shujuxiong/01_财务分析/20250614_非财务人员也能看懂的财务指标体系/images/img005.jpg	keep		M2	已移交微信材料；建议 M2 追加 immutable delta 并入来源登记
docs/knowledge-base/08_wechat_sources/shujuxiong/01_财务分析/20250614_非财务人员也能看懂的财务指标体系/images/img006.jpg	keep		M2	已移交微信材料；建议 M2 追加 immutable delta 并入来源登记
docs/knowledge-base/08_wechat_sources/shujuxiong/01_财务分析/20250614_非财务人员也能看懂的财务指标体系/meta.json	keep		M2	已移交微信材料；建议 M2 追加 immutable delta 并入来源登记
docs/knowledge-base/08_wechat_sources/shujuxiong/01_财务分析/20250618_有价值的财务分析，必须要回答这三个问题/article.md	keep		M2	已移交微信材料；建议 M2 追加 immutable delta 并入来源登记
docs/knowledge-base/08_wechat_sources/shujuxiong/01_财务分析/20250618_有价值的财务分析，必须要回答这三个问题/images/cover.jpg	keep		M2	已移交微信材料；建议 M2 追加 immutable delta 并入来源登记
docs/knowledge-base/08_wechat_sources/shujuxiong/01_财务分析/20250618_有价值的财务分析，必须要回答这三个问题/meta.json	keep		M2	已移交微信材料；建议 M2 追加 immutable delta 并入来源登记
docs/knowledge-base/08_wechat_sources/shujuxiong/01_财务分析/20250620_财务分析的五个基本原则/article.md	keep		M2	已移交微信材料；建议 M2 追加 immutable delta 并入来源登记
docs/knowledge-base/08_wechat_sources/shujuxiong/01_财务分析/20250620_财务分析的五个基本原则/images/cover.jpg	keep		M2	已移交微信材料；建议 M2 追加 immutable delta 并入来源登记
docs/knowledge-base/08_wechat_sources/shujuxiong/01_财务分析/20250620_财务分析的五个基本原则/meta.json	keep		M2	已移交微信材料；建议 M2 追加 immutable delta 并入来源登记
docs/knowledge-base/08_wechat_sources/shujuxiong/01_财务分析/20250620_财务应该具备的七个经营思维/article.md	keep		M2	已移交微信材料；建议 M2 追加 immutable delta 并入来源登记
docs/knowledge-base/08_wechat_sources/shujuxiong/01_财务分析/20250620_财务应该具备的七个经营思维/images/cover.jpg	keep		M2	已移交微信材料；建议 M2 追加 immutable delta 并入来源登记
docs/knowledge-base/08_wechat_sources/shujuxiong/01_财务分析/20250620_财务应该具备的七个经营思维/meta.json	keep		M2	已移交微信材料；建议 M2 追加 immutable delta 并入来源登记
docs/knowledge-base/08_wechat_sources/shujuxiong/01_财务分析/20250622_财务尽职调查：工作流程及审查要点（附案例报告模板）/article.md	keep		M2	已移交微信材料；建议 M2 追加 immutable delta 并入来源登记
docs/knowledge-base/08_wechat_sources/shujuxiong/01_财务分析/20250622_财务尽职调查：工作流程及审查要点（附案例报告模板）/images/cover.jpg	keep		M2	已移交微信材料；建议 M2 追加 immutable delta 并入来源登记
docs/knowledge-base/08_wechat_sources/shujuxiong/01_财务分析/20250622_财务尽职调查：工作流程及审查要点（附案例报告模板）/meta.json	keep		M2	已移交微信材料；建议 M2 追加 immutable delta 并入来源登记
docs/knowledge-base/08_wechat_sources/shujuxiong/01_财务分析/20250624_做好业财融合的4个关键动作/article.md	keep		M2	已移交微信材料；建议 M2 追加 immutable delta 并入来源登记
docs/knowledge-base/08_wechat_sources/shujuxiong/01_财务分析/20250624_做好业财融合的4个关键动作/images/cover.jpg	keep		M2	已移交微信材料；建议 M2 追加 immutable delta 并入来源登记
docs/knowledge-base/08_wechat_sources/shujuxiong/01_财务分析/20250624_做好业财融合的4个关键动作/images/img001.jpg	keep		M2	已移交微信材料；建议 M2 追加 immutable delta 并入来源登记
docs/knowledge-base/08_wechat_sources/shujuxiong/01_财务分析/20250624_做好业财融合的4个关键动作/meta.json	keep		M2	已移交微信材料；建议 M2 追加 immutable delta 并入来源登记
docs/knowledge-base/08_wechat_sources/shujuxiong/01_财务分析/20250625_财务_BP_必须要掌握的5大业务逻辑/article.md	keep		M2	已移交微信材料；建议 M2 追加 immutable delta 并入来源登记
docs/knowledge-base/08_wechat_sources/shujuxiong/01_财务分析/20250625_财务_BP_必须要掌握的5大业务逻辑/images/cover.jpg	keep		M2	已移交微信材料；建议 M2 追加 immutable delta 并入来源登记
docs/knowledge-base/08_wechat_sources/shujuxiong/01_财务分析/20250625_财务_BP_必须要掌握的5大业务逻辑/meta.json	keep		M2	已移交微信材料；建议 M2 追加 immutable delta 并入来源登记
docs/knowledge-base/08_wechat_sources/shujuxiong/01_财务分析/20250626_35岁的财务，就不要迷恋CPA了/article.md	keep		M2	已移交微信材料；建议 M2 追加 immutable delta 并入来源登记
docs/knowledge-base/08_wechat_sources/shujuxiong/01_财务分析/20250626_35岁的财务，就不要迷恋CPA了/images/cover.jpg	keep		M2	已移交微信材料；建议 M2 追加 immutable delta 并入来源登记
docs/knowledge-base/08_wechat_sources/shujuxiong/01_财务分析/20250626_35岁的财务，就不要迷恋CPA了/images/img001.png	keep		M2	已移交微信材料；建议 M2 追加 immutable delta 并入来源登记
docs/knowledge-base/08_wechat_sources/shujuxiong/01_财务分析/20250626_35岁的财务，就不要迷恋CPA了/meta.json	keep		M2	已移交微信材料；建议 M2 追加 immutable delta 并入来源登记
docs/knowledge-base/08_wechat_sources/shujuxiong/01_财务分析/20250626_波特五力模型与财务指标的对应关系/article.md	keep		M2	已移交微信材料；建议 M2 追加 immutable delta 并入来源登记
docs/knowledge-base/08_wechat_sources/shujuxiong/01_财务分析/20250626_波特五力模型与财务指标的对应关系/images/cover.jpg	keep		M2	已移交微信材料；建议 M2 追加 immutable delta 并入来源登记
docs/knowledge-base/08_wechat_sources/shujuxiong/01_财务分析/20250626_波特五力模型与财务指标的对应关系/images/img001.png	keep		M2	已移交微信材料；建议 M2 追加 immutable delta 并入来源登记
docs/knowledge-base/08_wechat_sources/shujuxiong/01_财务分析/20250626_波特五力模型与财务指标的对应关系/meta.json	keep		M2	已移交微信材料；建议 M2 追加 immutable delta 并入来源登记
docs/knowledge-base/08_wechat_sources/shujuxiong/01_财务分析/20250629_半年度财务分析报告模板（附PPT模板）/article.md	keep		M2	已移交微信材料；建议 M2 追加 immutable delta 并入来源登记
docs/knowledge-base/08_wechat_sources/shujuxiong/01_财务分析/20250629_半年度财务分析报告模板（附PPT模板）/images/cover.jpg	keep		M2	已移交微信材料；建议 M2 追加 immutable delta 并入来源登记
docs/knowledge-base/08_wechat_sources/shujuxiong/01_财务分析/20250629_半年度财务分析报告模板（附PPT模板）/images/img001.png	keep		M2	已移交微信材料；建议 M2 追加 immutable delta 并入来源登记
docs/knowledge-base/08_wechat_sources/shujuxiong/01_财务分析/20250629_半年度财务分析报告模板（附PPT模板）/meta.json	keep		M2	已移交微信材料；建议 M2 追加 immutable delta 并入来源登记
docs/knowledge-base/08_wechat_sources/shujuxiong/01_财务分析/20250702_EBIT、EBITDA、净利润，区别与应用场景/article.md	keep		M2	已移交微信材料；建议 M2 追加 immutable delta 并入来源登记
docs/knowledge-base/08_wechat_sources/shujuxiong/01_财务分析/20250702_EBIT、EBITDA、净利润，区别与应用场景/images/cover.jpg	keep		M2	已移交微信材料；建议 M2 追加 immutable delta 并入来源登记
docs/knowledge-base/08_wechat_sources/shujuxiong/01_财务分析/20250702_EBIT、EBITDA、净利润，区别与应用场景/meta.json	keep		M2	已移交微信材料；建议 M2 追加 immutable delta 并入来源登记
docs/knowledge-base/08_wechat_sources/shujuxiong/01_财务分析/20250704_财务分析报告，这样写，更有价值（附PPT模板）/article.md	keep		M2	已移交微信材料；建议 M2 追加 immutable delta 并入来源登记
docs/knowledge-base/08_wechat_sources/shujuxiong/01_财务分析/20250704_财务分析报告，这样写，更有价值（附PPT模板）/images/cover.jpg	keep		M2	已移交微信材料；建议 M2 追加 immutable delta 并入来源登记
docs/knowledge-base/08_wechat_sources/shujuxiong/01_财务分析/20250704_财务分析报告，这样写，更有价值（附PPT模板）/images/img001.png	keep		M2	已移交微信材料；建议 M2 追加 immutable delta 并入来源登记
docs/knowledge-base/08_wechat_sources/shujuxiong/01_财务分析/20250704_财务分析报告，这样写，更有价值（附PPT模板）/meta.json	keep		M2	已移交微信材料；建议 M2 追加 immutable delta 并入来源登记
docs/knowledge-base/08_wechat_sources/shujuxiong/01_财务分析/20250712_财务各岗位如何做好年中复盘/article.md	keep		M2	已移交微信材料；建议 M2 追加 immutable delta 并入来源登记
docs/knowledge-base/08_wechat_sources/shujuxiong/01_财务分析/20250712_财务各岗位如何做好年中复盘/images/cover.jpg	keep		M2	已移交微信材料；建议 M2 追加 immutable delta 并入来源登记
docs/knowledge-base/08_wechat_sources/shujuxiong/01_财务分析/20250712_财务各岗位如何做好年中复盘/images/img001.png	keep		M2	已移交微信材料；建议 M2 追加 immutable delta 并入来源登记
docs/knowledge-base/08_wechat_sources/shujuxiong/01_财务分析/20250712_财务各岗位如何做好年中复盘/meta.json	keep		M2	已移交微信材料；建议 M2 追加 immutable delta 并入来源登记
docs/knowledge-base/08_wechat_sources/shujuxiong/01_财务分析/20250714_资产负债表分析：四大维度与关键指标/article.md	keep		M2	已移交微信材料；建议 M2 追加 immutable delta 并入来源登记
docs/knowledge-base/08_wechat_sources/shujuxiong/01_财务分析/20250714_资产负债表分析：四大维度与关键指标/images/cover.jpg	keep		M2	已移交微信材料；建议 M2 追加 immutable delta 并入来源登记
docs/knowledge-base/08_wechat_sources/shujuxiong/01_财务分析/20250714_资产负债表分析：四大维度与关键指标/images/img001.png	keep		M2	已移交微信材料；建议 M2 追加 immutable delta 并入来源登记
docs/knowledge-base/08_wechat_sources/shujuxiong/01_财务分析/20250714_资产负债表分析：四大维度与关键指标/meta.json	keep		M2	已移交微信材料；建议 M2 追加 immutable delta 并入来源登记
docs/knowledge-base/08_wechat_sources/shujuxiong/01_财务分析/20250722_第一性原理在财务管理中的五个应用场景/article.md	keep		M2	已移交微信材料；建议 M2 追加 immutable delta 并入来源登记
docs/knowledge-base/08_wechat_sources/shujuxiong/01_财务分析/20250722_第一性原理在财务管理中的五个应用场景/images/cover.jpg	keep		M2	已移交微信材料；建议 M2 追加 immutable delta 并入来源登记
docs/knowledge-base/08_wechat_sources/shujuxiong/01_财务分析/20250722_第一性原理在财务管理中的五个应用场景/images/img001.png	keep		M2	已移交微信材料；建议 M2 追加 immutable delta 并入来源登记
docs/knowledge-base/08_wechat_sources/shujuxiong/01_财务分析/20250722_第一性原理在财务管理中的五个应用场景/images/img002.png	keep		M2	已移交微信材料；建议 M2 追加 immutable delta 并入来源登记
docs/knowledge-base/08_wechat_sources/shujuxiong/01_财务分析/20250722_第一性原理在财务管理中的五个应用场景/images/img003.png	keep		M2	已移交微信材料；建议 M2 追加 immutable delta 并入来源登记
docs/knowledge-base/08_wechat_sources/shujuxiong/01_财务分析/20250722_第一性原理在财务管理中的五个应用场景/meta.json	keep		M2	已移交微信材料；建议 M2 追加 immutable delta 并入来源登记
docs/knowledge-base/08_wechat_sources/shujuxiong/01_财务分析/20250801_财务分析，必须基于业务逻辑/article.md	keep		M2	已移交微信材料；建议 M2 追加 immutable delta 并入来源登记
docs/knowledge-base/08_wechat_sources/shujuxiong/01_财务分析/20250801_财务分析，必须基于业务逻辑/images/cover.jpg	keep		M2	已移交微信材料；建议 M2 追加 immutable delta 并入来源登记
docs/knowledge-base/08_wechat_sources/shujuxiong/01_财务分析/20250801_财务分析，必须基于业务逻辑/meta.json	keep		M2	已移交微信材料；建议 M2 追加 immutable delta 并入来源登记
docs/knowledge-base/08_wechat_sources/shujuxiong/01_财务分析/20250819_市盈率，你真的会用吗？/article.md	keep		M2	已移交微信材料；建议 M2 追加 immutable delta 并入来源登记
docs/knowledge-base/08_wechat_sources/shujuxiong/01_财务分析/20250819_市盈率，你真的会用吗？/images/cover.jpg	keep		M2	已移交微信材料；建议 M2 追加 immutable delta 并入来源登记
docs/knowledge-base/08_wechat_sources/shujuxiong/01_财务分析/20250819_市盈率，你真的会用吗？/meta.json	keep		M2	已移交微信材料；建议 M2 追加 immutable delta 并入来源登记
docs/knowledge-base/08_wechat_sources/shujuxiong/01_财务分析/20250904_真正有效的财务分析，必须穿透到业务（附PPT模板）/article.md	keep		M2	已移交微信材料；建议 M2 追加 immutable delta 并入来源登记
docs/knowledge-base/08_wechat_sources/shujuxiong/01_财务分析/20250904_真正有效的财务分析，必须穿透到业务（附PPT模板）/images/cover.jpg	keep		M2	已移交微信材料；建议 M2 追加 immutable delta 并入来源登记
docs/knowledge-base/08_wechat_sources/shujuxiong/01_财务分析/20250904_真正有效的财务分析，必须穿透到业务（附PPT模板）/images/img001.png	keep		M2	已移交微信材料；建议 M2 追加 immutable delta 并入来源登记
docs/knowledge-base/08_wechat_sources/shujuxiong/01_财务分析/20250904_真正有效的财务分析，必须穿透到业务（附PPT模板）/images/img002.png	keep		M2	已移交微信材料；建议 M2 追加 immutable delta 并入来源登记
docs/knowledge-base/08_wechat_sources/shujuxiong/01_财务分析/20250904_真正有效的财务分析，必须穿透到业务（附PPT模板）/images/img003.png	keep		M2	已移交微信材料；建议 M2 追加 immutable delta 并入来源登记
docs/knowledge-base/08_wechat_sources/shujuxiong/01_财务分析/20250904_真正有效的财务分析，必须穿透到业务（附PPT模板）/images/img004.png	keep		M2	已移交微信材料；建议 M2 追加 immutable delta 并入来源登记
docs/knowledge-base/08_wechat_sources/shujuxiong/01_财务分析/20250904_真正有效的财务分析，必须穿透到业务（附PPT模板）/images/img005.png	keep		M2	已移交微信材料；建议 M2 追加 immutable delta 并入来源登记
docs/knowledge-base/08_wechat_sources/shujuxiong/01_财务分析/20250904_真正有效的财务分析，必须穿透到业务（附PPT模板）/images/img006.png	keep		M2	已移交微信材料；建议 M2 追加 immutable delta 并入来源登记
docs/knowledge-base/08_wechat_sources/shujuxiong/01_财务分析/20250904_真正有效的财务分析，必须穿透到业务（附PPT模板）/images/img007.jpg	keep		M2	已移交微信材料；建议 M2 追加 immutable delta 并入来源登记
docs/knowledge-base/08_wechat_sources/shujuxiong/01_财务分析/20250904_真正有效的财务分析，必须穿透到业务（附PPT模板）/meta.json	keep		M2	已移交微信材料；建议 M2 追加 immutable delta 并入来源登记
docs/knowledge-base/08_wechat_sources/shujuxiong/01_财务分析/20250908_财务BP的三张底牌：能影响业务，才能走向管理岗/article.md	keep		M2	已移交微信材料；建议 M2 追加 immutable delta 并入来源登记
docs/knowledge-base/08_wechat_sources/shujuxiong/01_财务分析/20250908_财务BP的三张底牌：能影响业务，才能走向管理岗/images/cover.jpg	keep		M2	已移交微信材料；建议 M2 追加 immutable delta 并入来源登记
docs/knowledge-base/08_wechat_sources/shujuxiong/01_财务分析/20250908_财务BP的三张底牌：能影响业务，才能走向管理岗/images/img001.png	keep		M2	已移交微信材料；建议 M2 追加 immutable delta 并入来源登记
docs/knowledge-base/08_wechat_sources/shujuxiong/01_财务分析/20250908_财务BP的三张底牌：能影响业务，才能走向管理岗/images/img002.png	keep		M2	已移交微信材料；建议 M2 追加 immutable delta 并入来源登记
docs/knowledge-base/08_wechat_sources/shujuxiong/01_财务分析/20250908_财务BP的三张底牌：能影响业务，才能走向管理岗/images/img003.png	keep		M2	已移交微信材料；建议 M2 追加 immutable delta 并入来源登记
docs/knowledge-base/08_wechat_sources/shujuxiong/01_财务分析/20250908_财务BP的三张底牌：能影响业务，才能走向管理岗/images/img004.png	keep		M2	已移交微信材料；建议 M2 追加 immutable delta 并入来源登记
docs/knowledge-base/08_wechat_sources/shujuxiong/01_财务分析/20250908_财务BP的三张底牌：能影响业务，才能走向管理岗/images/img005.png	keep		M2	已移交微信材料；建议 M2 追加 immutable delta 并入来源登记
docs/knowledge-base/08_wechat_sources/shujuxiong/01_财务分析/20250908_财务BP的三张底牌：能影响业务，才能走向管理岗/images/img006.png	keep		M2	已移交微信材料；建议 M2 追加 immutable delta 并入来源登记
docs/knowledge-base/08_wechat_sources/shujuxiong/01_财务分析/20250908_财务BP的三张底牌：能影响业务，才能走向管理岗/images/img007.png	keep		M2	已移交微信材料；建议 M2 追加 immutable delta 并入来源登记
docs/knowledge-base/08_wechat_sources/shujuxiong/01_财务分析/20250908_财务BP的三张底牌：能影响业务，才能走向管理岗/images/img008.png	keep		M2	已移交微信材料；建议 M2 追加 immutable delta 并入来源登记
docs/knowledge-base/08_wechat_sources/shujuxiong/01_财务分析/20250908_财务BP的三张底牌：能影响业务，才能走向管理岗/meta.json	keep		M2	已移交微信材料；建议 M2 追加 immutable delta 并入来源登记
docs/knowledge-base/08_wechat_sources/shujuxiong/01_财务分析/20250910_财务分析，不能脱离业务逻辑！/article.md	keep		M2	已移交微信材料；建议 M2 追加 immutable delta 并入来源登记
docs/knowledge-base/08_wechat_sources/shujuxiong/01_财务分析/20250910_财务分析，不能脱离业务逻辑！/images/cover.jpg	keep		M2	已移交微信材料；建议 M2 追加 immutable delta 并入来源登记
docs/knowledge-base/08_wechat_sources/shujuxiong/01_财务分析/20250910_财务分析，不能脱离业务逻辑！/images/img001.png	keep		M2	已移交微信材料；建议 M2 追加 immutable delta 并入来源登记
docs/knowledge-base/08_wechat_sources/shujuxiong/01_财务分析/20250910_财务分析，不能脱离业务逻辑！/images/img002.png	keep		M2	已移交微信材料；建议 M2 追加 immutable delta 并入来源登记
docs/knowledge-base/08_wechat_sources/shujuxiong/01_财务分析/20250910_财务分析，不能脱离业务逻辑！/images/img003.png	keep		M2	已移交微信材料；建议 M2 追加 immutable delta 并入来源登记
docs/knowledge-base/08_wechat_sources/shujuxiong/01_财务分析/20250910_财务分析，不能脱离业务逻辑！/images/img004.png	keep		M2	已移交微信材料；建议 M2 追加 immutable delta 并入来源登记
docs/knowledge-base/08_wechat_sources/shujuxiong/01_财务分析/20250910_财务分析，不能脱离业务逻辑！/images/img005.png	keep		M2	已移交微信材料；建议 M2 追加 immutable delta 并入来源登记
docs/knowledge-base/08_wechat_sources/shujuxiong/01_财务分析/20250910_财务分析，不能脱离业务逻辑！/images/img006.png	keep		M2	已移交微信材料；建议 M2 追加 immutable delta 并入来源登记
docs/knowledge-base/08_wechat_sources/shujuxiong/01_财务分析/20250910_财务分析，不能脱离业务逻辑！/images/img007.png	keep		M2	已移交微信材料；建议 M2 追加 immutable delta 并入来源登记
docs/knowledge-base/08_wechat_sources/shujuxiong/01_财务分析/20250910_财务分析，不能脱离业务逻辑！/images/img008.png	keep		M2	已移交微信材料；建议 M2 追加 immutable delta 并入来源登记
docs/knowledge-base/08_wechat_sources/shujuxiong/01_财务分析/20250910_财务分析，不能脱离业务逻辑！/images/img009.png	keep		M2	已移交微信材料；建议 M2 追加 immutable delta 并入来源登记
docs/knowledge-base/08_wechat_sources/shujuxiong/01_财务分析/20250910_财务分析，不能脱离业务逻辑！/images/img010.png	keep		M2	已移交微信材料；建议 M2 追加 immutable delta 并入来源登记
docs/knowledge-base/08_wechat_sources/shujuxiong/01_财务分析/20250910_财务分析，不能脱离业务逻辑！/images/img011.png	keep		M2	已移交微信材料；建议 M2 追加 immutable delta 并入来源登记
docs/knowledge-base/08_wechat_sources/shujuxiong/01_财务分析/20250910_财务分析，不能脱离业务逻辑！/images/img012.png	keep		M2	已移交微信材料；建议 M2 追加 immutable delta 并入来源登记
docs/knowledge-base/08_wechat_sources/shujuxiong/01_财务分析/20250910_财务分析，不能脱离业务逻辑！/images/img013.png	keep		M2	已移交微信材料；建议 M2 追加 immutable delta 并入来源登记
docs/knowledge-base/08_wechat_sources/shujuxiong/01_财务分析/20250910_财务分析，不能脱离业务逻辑！/images/img014.png	keep		M2	已移交微信材料；建议 M2 追加 immutable delta 并入来源登记
docs/knowledge-base/08_wechat_sources/shujuxiong/01_财务分析/20250910_财务分析，不能脱离业务逻辑！/meta.json	keep		M2	已移交微信材料；建议 M2 追加 immutable delta 并入来源登记
docs/knowledge-base/08_wechat_sources/shujuxiong/01_财务分析/20251003_2025年三季度财务分析报告模板（word版）/article.md	keep		M2	已移交微信材料；建议 M2 追加 immutable delta 并入来源登记
docs/knowledge-base/08_wechat_sources/shujuxiong/01_财务分析/20251003_2025年三季度财务分析报告模板（word版）/images/cover.jpg	keep		M2	已移交微信材料；建议 M2 追加 immutable delta 并入来源登记
docs/knowledge-base/08_wechat_sources/shujuxiong/01_财务分析/20251003_2025年三季度财务分析报告模板（word版）/images/img001.png	keep		M2	已移交微信材料；建议 M2 追加 immutable delta 并入来源登记
docs/knowledge-base/08_wechat_sources/shujuxiong/01_财务分析/20251003_2025年三季度财务分析报告模板（word版）/meta.json	keep		M2	已移交微信材料；建议 M2 追加 immutable delta 并入来源登记
docs/knowledge-base/08_wechat_sources/shujuxiong/01_财务分析/20251011_2025年三季度财务分析报告_PPT_模板/article.md	keep		M2	已移交微信材料；建议 M2 追加 immutable delta 并入来源登记
docs/knowledge-base/08_wechat_sources/shujuxiong/01_财务分析/20251011_2025年三季度财务分析报告_PPT_模板/images/cover.jpg	keep		M2	已移交微信材料；建议 M2 追加 immutable delta 并入来源登记
docs/knowledge-base/08_wechat_sources/shujuxiong/01_财务分析/20251011_2025年三季度财务分析报告_PPT_模板/images/img001.jpg	keep		M2	已移交微信材料；建议 M2 追加 immutable delta 并入来源登记
docs/knowledge-base/08_wechat_sources/shujuxiong/01_财务分析/20251011_2025年三季度财务分析报告_PPT_模板/images/img002.png	keep		M2	已移交微信材料；建议 M2 追加 immutable delta 并入来源登记
docs/knowledge-base/08_wechat_sources/shujuxiong/01_财务分析/20251011_2025年三季度财务分析报告_PPT_模板/meta.json	keep		M2	已移交微信材料；建议 M2 追加 immutable delta 并入来源登记
docs/knowledge-base/08_wechat_sources/shujuxiong/01_财务分析/20251103_智能财务分析报告：一键生成精美看板/article.md	keep		M2	已移交微信材料；建议 M2 追加 immutable delta 并入来源登记
docs/knowledge-base/08_wechat_sources/shujuxiong/01_财务分析/20251103_智能财务分析报告：一键生成精美看板/images/cover.jpg	keep		M2	已移交微信材料；建议 M2 追加 immutable delta 并入来源登记
docs/knowledge-base/08_wechat_sources/shujuxiong/01_财务分析/20251103_智能财务分析报告：一键生成精美看板/images/img001.gif	keep		M2	已移交微信材料；建议 M2 追加 immutable delta 并入来源登记
docs/knowledge-base/08_wechat_sources/shujuxiong/01_财务分析/20251103_智能财务分析报告：一键生成精美看板/images/img002.jpg	keep		M2	已移交微信材料；建议 M2 追加 immutable delta 并入来源登记
docs/knowledge-base/08_wechat_sources/shujuxiong/01_财务分析/20251103_智能财务分析报告：一键生成精美看板/images/img003.jpg	keep		M2	已移交微信材料；建议 M2 追加 immutable delta 并入来源登记
docs/knowledge-base/08_wechat_sources/shujuxiong/01_财务分析/20251103_智能财务分析报告：一键生成精美看板/images/img004.gif	keep		M2	已移交微信材料；建议 M2 追加 immutable delta 并入来源登记
docs/knowledge-base/08_wechat_sources/shujuxiong/01_财务分析/20251103_智能财务分析报告：一键生成精美看板/images/img005.jpg	keep		M2	已移交微信材料；建议 M2 追加 immutable delta 并入来源登记
docs/knowledge-base/08_wechat_sources/shujuxiong/01_财务分析/20251103_智能财务分析报告：一键生成精美看板/images/img006.jpg	keep		M2	已移交微信材料；建议 M2 追加 immutable delta 并入来源登记
docs/knowledge-base/08_wechat_sources/shujuxiong/01_财务分析/20251103_智能财务分析报告：一键生成精美看板/images/img007.jpg	keep		M2	已移交微信材料；建议 M2 追加 immutable delta 并入来源登记
docs/knowledge-base/08_wechat_sources/shujuxiong/01_财务分析/20251103_智能财务分析报告：一键生成精美看板/images/img008.jpg	keep		M2	已移交微信材料；建议 M2 追加 immutable delta 并入来源登记
docs/knowledge-base/08_wechat_sources/shujuxiong/01_财务分析/20251103_智能财务分析报告：一键生成精美看板/images/img009.jpg	keep		M2	已移交微信材料；建议 M2 追加 immutable delta 并入来源登记
docs/knowledge-base/08_wechat_sources/shujuxiong/01_财务分析/20251103_智能财务分析报告：一键生成精美看板/images/img010.jpg	keep		M2	已移交微信材料；建议 M2 追加 immutable delta 并入来源登记
docs/knowledge-base/08_wechat_sources/shujuxiong/01_财务分析/20251103_智能财务分析报告：一键生成精美看板/images/img011.jpg	keep		M2	已移交微信材料；建议 M2 追加 immutable delta 并入来源登记
docs/knowledge-base/08_wechat_sources/shujuxiong/01_财务分析/20251103_智能财务分析报告：一键生成精美看板/images/img012.gif	keep		M2	已移交微信材料；建议 M2 追加 immutable delta 并入来源登记
docs/knowledge-base/08_wechat_sources/shujuxiong/01_财务分析/20251103_智能财务分析报告：一键生成精美看板/images/img013.webp	keep		M2	已移交微信材料；建议 M2 追加 immutable delta 并入来源登记
docs/knowledge-base/08_wechat_sources/shujuxiong/01_财务分析/20251103_智能财务分析报告：一键生成精美看板/meta.json	keep		M2	已移交微信材料；建议 M2 追加 immutable delta 并入来源登记
docs/knowledge-base/08_wechat_sources/shujuxiong/01_财务分析/20251104_2025年10月财务分析PPT框架/article.md	keep		M2	已移交微信材料；建议 M2 追加 immutable delta 并入来源登记
docs/knowledge-base/08_wechat_sources/shujuxiong/01_财务分析/20251104_2025年10月财务分析PPT框架/images/cover.jpg	keep		M2	已移交微信材料；建议 M2 追加 immutable delta 并入来源登记
docs/knowledge-base/08_wechat_sources/shujuxiong/01_财务分析/20251104_2025年10月财务分析PPT框架/images/img001.jpg	keep		M2	已移交微信材料；建议 M2 追加 immutable delta 并入来源登记
docs/knowledge-base/08_wechat_sources/shujuxiong/01_财务分析/20251104_2025年10月财务分析PPT框架/images/img002.jpg	keep		M2	已移交微信材料；建议 M2 追加 immutable delta 并入来源登记
docs/knowledge-base/08_wechat_sources/shujuxiong/01_财务分析/20251104_2025年10月财务分析PPT框架/images/img003.jpg	keep		M2	已移交微信材料；建议 M2 追加 immutable delta 并入来源登记
docs/knowledge-base/08_wechat_sources/shujuxiong/01_财务分析/20251104_2025年10月财务分析PPT框架/images/img004.jpg	keep		M2	已移交微信材料；建议 M2 追加 immutable delta 并入来源登记
docs/knowledge-base/08_wechat_sources/shujuxiong/01_财务分析/20251104_2025年10月财务分析PPT框架/images/img005.jpg	keep		M2	已移交微信材料；建议 M2 追加 immutable delta 并入来源登记
docs/knowledge-base/08_wechat_sources/shujuxiong/01_财务分析/20251104_2025年10月财务分析PPT框架/images/img006.jpg	keep		M2	已移交微信材料；建议 M2 追加 immutable delta 并入来源登记
docs/knowledge-base/08_wechat_sources/shujuxiong/01_财务分析/20251104_2025年10月财务分析PPT框架/images/img007.jpg	keep		M2	已移交微信材料；建议 M2 追加 immutable delta 并入来源登记
docs/knowledge-base/08_wechat_sources/shujuxiong/01_财务分析/20251104_2025年10月财务分析PPT框架/images/img008.jpg	keep		M2	已移交微信材料；建议 M2 追加 immutable delta 并入来源登记
docs/knowledge-base/08_wechat_sources/shujuxiong/01_财务分析/20251104_2025年10月财务分析PPT框架/images/img009.gif	keep		M2	已移交微信材料；建议 M2 追加 immutable delta 并入来源登记
docs/knowledge-base/08_wechat_sources/shujuxiong/01_财务分析/20251104_2025年10月财务分析PPT框架/images/img010.png	keep		M2	已移交微信材料；建议 M2 追加 immutable delta 并入来源登记
docs/knowledge-base/08_wechat_sources/shujuxiong/01_财务分析/20251104_2025年10月财务分析PPT框架/meta.json	keep		M2	已移交微信材料；建议 M2 追加 immutable delta 并入来源登记
docs/knowledge-base/08_wechat_sources/shujuxiong/01_财务分析/20251105_财务分析，必须要掌握的五大模型/article.md	keep		M2	已移交微信材料；建议 M2 追加 immutable delta 并入来源登记
docs/knowledge-base/08_wechat_sources/shujuxiong/01_财务分析/20251105_财务分析，必须要掌握的五大模型/images/cover.jpg	keep		M2	已移交微信材料；建议 M2 追加 immutable delta 并入来源登记
docs/knowledge-base/08_wechat_sources/shujuxiong/01_财务分析/20251105_财务分析，必须要掌握的五大模型/images/img001.jpg	keep		M2	已移交微信材料；建议 M2 追加 immutable delta 并入来源登记
docs/knowledge-base/08_wechat_sources/shujuxiong/01_财务分析/20251105_财务分析，必须要掌握的五大模型/images/img002.gif	keep		M2	已移交微信材料；建议 M2 追加 immutable delta 并入来源登记
docs/knowledge-base/08_wechat_sources/shujuxiong/01_财务分析/20251105_财务分析，必须要掌握的五大模型/images/img003.jpg	keep		M2	已移交微信材料；建议 M2 追加 immutable delta 并入来源登记
docs/knowledge-base/08_wechat_sources/shujuxiong/01_财务分析/20251105_财务分析，必须要掌握的五大模型/images/img004.gif	keep		M2	已移交微信材料；建议 M2 追加 immutable delta 并入来源登记
docs/knowledge-base/08_wechat_sources/shujuxiong/01_财务分析/20251105_财务分析，必须要掌握的五大模型/images/img005.jpg	keep		M2	已移交微信材料；建议 M2 追加 immutable delta 并入来源登记
docs/knowledge-base/08_wechat_sources/shujuxiong/01_财务分析/20251105_财务分析，必须要掌握的五大模型/images/img006.gif	keep		M2	已移交微信材料；建议 M2 追加 immutable delta 并入来源登记
docs/knowledge-base/08_wechat_sources/shujuxiong/01_财务分析/20251105_财务分析，必须要掌握的五大模型/images/img007.jpg	keep		M2	已移交微信材料；建议 M2 追加 immutable delta 并入来源登记
docs/knowledge-base/08_wechat_sources/shujuxiong/01_财务分析/20251105_财务分析，必须要掌握的五大模型/images/img008.gif	keep		M2	已移交微信材料；建议 M2 追加 immutable delta 并入来源登记
docs/knowledge-base/08_wechat_sources/shujuxiong/01_财务分析/20251105_财务分析，必须要掌握的五大模型/images/img009.jpg	keep		M2	已移交微信材料；建议 M2 追加 immutable delta 并入来源登记
docs/knowledge-base/08_wechat_sources/shujuxiong/01_财务分析/20251105_财务分析，必须要掌握的五大模型/images/img010.gif	keep		M2	已移交微信材料；建议 M2 追加 immutable delta 并入来源登记
docs/knowledge-base/08_wechat_sources/shujuxiong/01_财务分析/20251105_财务分析，必须要掌握的五大模型/images/img011.jpg	keep		M2	已移交微信材料；建议 M2 追加 immutable delta 并入来源登记
docs/knowledge-base/08_wechat_sources/shujuxiong/01_财务分析/20251105_财务分析，必须要掌握的五大模型/images/img012.jpg	keep		M2	已移交微信材料；建议 M2 追加 immutable delta 并入来源登记
docs/knowledge-base/08_wechat_sources/shujuxiong/01_财务分析/20251105_财务分析，必须要掌握的五大模型/images/img013.png	keep		M2	已移交微信材料；建议 M2 追加 immutable delta 并入来源登记
docs/knowledge-base/08_wechat_sources/shujuxiong/01_财务分析/20251105_财务分析，必须要掌握的五大模型/meta.json	keep		M2	已移交微信材料；建议 M2 追加 immutable delta 并入来源登记
docs/knowledge-base/08_wechat_sources/shujuxiong/01_财务分析/20251108_盈亏平衡点的6大应用场景（附Excel模板）/article.md	keep		M2	已移交微信材料；建议 M2 追加 immutable delta 并入来源登记
docs/knowledge-base/08_wechat_sources/shujuxiong/01_财务分析/20251108_盈亏平衡点的6大应用场景（附Excel模板）/images/cover.jpg	keep		M2	已移交微信材料；建议 M2 追加 immutable delta 并入来源登记
docs/knowledge-base/08_wechat_sources/shujuxiong/01_财务分析/20251108_盈亏平衡点的6大应用场景（附Excel模板）/images/img001.jpg	keep		M2	已移交微信材料；建议 M2 追加 immutable delta 并入来源登记
docs/knowledge-base/08_wechat_sources/shujuxiong/01_财务分析/20251108_盈亏平衡点的6大应用场景（附Excel模板）/images/img002.jpg	keep		M2	已移交微信材料；建议 M2 追加 immutable delta 并入来源登记
docs/knowledge-base/08_wechat_sources/shujuxiong/01_财务分析/20251108_盈亏平衡点的6大应用场景（附Excel模板）/images/img003.jpg	keep		M2	已移交微信材料；建议 M2 追加 immutable delta 并入来源登记
docs/knowledge-base/08_wechat_sources/shujuxiong/01_财务分析/20251108_盈亏平衡点的6大应用场景（附Excel模板）/images/img004.png	keep		M2	已移交微信材料；建议 M2 追加 immutable delta 并入来源登记
docs/knowledge-base/08_wechat_sources/shujuxiong/01_财务分析/20251108_盈亏平衡点的6大应用场景（附Excel模板）/images/img005.jpg	keep		M2	已移交微信材料；建议 M2 追加 immutable delta 并入来源登记
docs/knowledge-base/08_wechat_sources/shujuxiong/01_财务分析/20251108_盈亏平衡点的6大应用场景（附Excel模板）/images/img006.jpg	keep		M2	已移交微信材料；建议 M2 追加 immutable delta 并入来源登记
docs/knowledge-base/08_wechat_sources/shujuxiong/01_财务分析/20251108_盈亏平衡点的6大应用场景（附Excel模板）/images/img007.png	keep		M2	已移交微信材料；建议 M2 追加 immutable delta 并入来源登记
docs/knowledge-base/08_wechat_sources/shujuxiong/01_财务分析/20251108_盈亏平衡点的6大应用场景（附Excel模板）/images/img008.jpg	keep		M2	已移交微信材料；建议 M2 追加 immutable delta 并入来源登记
docs/knowledge-base/08_wechat_sources/shujuxiong/01_财务分析/20251108_盈亏平衡点的6大应用场景（附Excel模板）/images/img009.png	keep		M2	已移交微信材料；建议 M2 追加 immutable delta 并入来源登记
docs/knowledge-base/08_wechat_sources/shujuxiong/01_财务分析/20251108_盈亏平衡点的6大应用场景（附Excel模板）/images/img010.jpg	keep		M2	已移交微信材料；建议 M2 追加 immutable delta 并入来源登记
docs/knowledge-base/08_wechat_sources/shujuxiong/01_财务分析/20251108_盈亏平衡点的6大应用场景（附Excel模板）/images/img011.png	keep		M2	已移交微信材料；建议 M2 追加 immutable delta 并入来源登记
docs/knowledge-base/08_wechat_sources/shujuxiong/01_财务分析/20251108_盈亏平衡点的6大应用场景（附Excel模板）/images/img012.jpg	keep		M2	已移交微信材料；建议 M2 追加 immutable delta 并入来源登记
docs/knowledge-base/08_wechat_sources/shujuxiong/01_财务分析/20251108_盈亏平衡点的6大应用场景（附Excel模板）/images/img013.png	keep		M2	已移交微信材料；建议 M2 追加 immutable delta 并入来源登记
docs/knowledge-base/08_wechat_sources/shujuxiong/01_财务分析/20251108_盈亏平衡点的6大应用场景（附Excel模板）/images/img014.jpg	keep		M2	已移交微信材料；建议 M2 追加 immutable delta 并入来源登记
docs/knowledge-base/08_wechat_sources/shujuxiong/01_财务分析/20251108_盈亏平衡点的6大应用场景（附Excel模板）/images/img015.jpg	keep		M2	已移交微信材料；建议 M2 追加 immutable delta 并入来源登记
docs/knowledge-base/08_wechat_sources/shujuxiong/01_财务分析/20251108_盈亏平衡点的6大应用场景（附Excel模板）/images/img016.jpg	keep		M2	已移交微信材料；建议 M2 追加 immutable delta 并入来源登记
docs/knowledge-base/08_wechat_sources/shujuxiong/01_财务分析/20251108_盈亏平衡点的6大应用场景（附Excel模板）/images/img017.png	keep		M2	已移交微信材料；建议 M2 追加 immutable delta 并入来源登记
docs/knowledge-base/08_wechat_sources/shujuxiong/01_财务分析/20251108_盈亏平衡点的6大应用场景（附Excel模板）/images/img018.png	keep		M2	已移交微信材料；建议 M2 追加 immutable delta 并入来源登记
docs/knowledge-base/08_wechat_sources/shujuxiong/01_财务分析/20251108_盈亏平衡点的6大应用场景（附Excel模板）/images/img019.png	keep		M2	已移交微信材料；建议 M2 追加 immutable delta 并入来源登记
docs/knowledge-base/08_wechat_sources/shujuxiong/01_财务分析/20251108_盈亏平衡点的6大应用场景（附Excel模板）/images/img020.webp	keep		M2	已移交微信材料；建议 M2 追加 immutable delta 并入来源登记
docs/knowledge-base/08_wechat_sources/shujuxiong/01_财务分析/20251108_盈亏平衡点的6大应用场景（附Excel模板）/meta.json	keep		M2	已移交微信材料；建议 M2 追加 immutable delta 并入来源登记
docs/knowledge-base/08_wechat_sources/shujuxiong/01_财务分析/20251212_数据熊_财务分析模型：一键导入、自动计算、自动画图/article.md	keep		M2	已移交微信材料；建议 M2 追加 immutable delta 并入来源登记
docs/knowledge-base/08_wechat_sources/shujuxiong/01_财务分析/20251212_数据熊_财务分析模型：一键导入、自动计算、自动画图/images/cover.jpg	keep		M2	已移交微信材料；建议 M2 追加 immutable delta 并入来源登记
docs/knowledge-base/08_wechat_sources/shujuxiong/01_财务分析/20251212_数据熊_财务分析模型：一键导入、自动计算、自动画图/images/img001.gif	keep		M2	已移交微信材料；建议 M2 追加 immutable delta 并入来源登记
docs/knowledge-base/08_wechat_sources/shujuxiong/01_财务分析/20251212_数据熊_财务分析模型：一键导入、自动计算、自动画图/images/img002.gif	keep		M2	已移交微信材料；建议 M2 追加 immutable delta 并入来源登记
docs/knowledge-base/08_wechat_sources/shujuxiong/01_财务分析/20251212_数据熊_财务分析模型：一键导入、自动计算、自动画图/images/img003.gif	keep		M2	已移交微信材料；建议 M2 追加 immutable delta 并入来源登记
docs/knowledge-base/08_wechat_sources/shujuxiong/01_财务分析/20251212_数据熊_财务分析模型：一键导入、自动计算、自动画图/images/img004.gif	keep		M2	已移交微信材料；建议 M2 追加 immutable delta 并入来源登记
docs/knowledge-base/08_wechat_sources/shujuxiong/01_财务分析/20251212_数据熊_财务分析模型：一键导入、自动计算、自动画图/images/img005.gif	keep		M2	已移交微信材料；建议 M2 追加 immutable delta 并入来源登记
docs/knowledge-base/08_wechat_sources/shujuxiong/01_财务分析/20251212_数据熊_财务分析模型：一键导入、自动计算、自动画图/images/img006.gif	keep		M2	已移交微信材料；建议 M2 追加 immutable delta 并入来源登记
docs/knowledge-base/08_wechat_sources/shujuxiong/01_财务分析/20251212_数据熊_财务分析模型：一键导入、自动计算、自动画图/images/img007.gif	keep		M2	已移交微信材料；建议 M2 追加 immutable delta 并入来源登记
docs/knowledge-base/08_wechat_sources/shujuxiong/01_财务分析/20251212_数据熊_财务分析模型：一键导入、自动计算、自动画图/images/img008.png	keep		M2	已移交微信材料；建议 M2 追加 immutable delta 并入来源登记
docs/knowledge-base/08_wechat_sources/shujuxiong/01_财务分析/20251212_数据熊_财务分析模型：一键导入、自动计算、自动画图/meta.json	keep		M2	已移交微信材料；建议 M2 追加 immutable delta 并入来源登记
docs/knowledge-base/08_wechat_sources/shujuxiong/01_财务分析/20251225_财务分析，必须基于业务逻辑/article.md	keep		M2	已移交微信材料；建议 M2 追加 immutable delta 并入来源登记
docs/knowledge-base/08_wechat_sources/shujuxiong/01_财务分析/20251225_财务分析，必须基于业务逻辑/images/cover.jpg	keep		M2	已移交微信材料；建议 M2 追加 immutable delta 并入来源登记
docs/knowledge-base/08_wechat_sources/shujuxiong/01_财务分析/20251225_财务分析，必须基于业务逻辑/meta.json	keep		M2	已移交微信材料；建议 M2 追加 immutable delta 并入来源登记
docs/knowledge-base/08_wechat_sources/shujuxiong/01_财务分析/20260131_2025年财务分析报告/article.md	keep		M2	已移交微信材料；建议 M2 追加 immutable delta 并入来源登记
docs/knowledge-base/08_wechat_sources/shujuxiong/01_财务分析/20260131_2025年财务分析报告/images/cover.jpg	keep		M2	已移交微信材料；建议 M2 追加 immutable delta 并入来源登记
docs/knowledge-base/08_wechat_sources/shujuxiong/01_财务分析/20260131_2025年财务分析报告/images/img001.jpg	keep		M2	已移交微信材料；建议 M2 追加 immutable delta 并入来源登记
docs/knowledge-base/08_wechat_sources/shujuxiong/01_财务分析/20260131_2025年财务分析报告/images/img002.jpg	keep		M2	已移交微信材料；建议 M2 追加 immutable delta 并入来源登记
docs/knowledge-base/08_wechat_sources/shujuxiong/01_财务分析/20260131_2025年财务分析报告/images/img003.jpg	keep		M2	已移交微信材料；建议 M2 追加 immutable delta 并入来源登记
docs/knowledge-base/08_wechat_sources/shujuxiong/01_财务分析/20260131_2025年财务分析报告/images/img004.jpg	keep		M2	已移交微信材料；建议 M2 追加 immutable delta 并入来源登记
docs/knowledge-base/08_wechat_sources/shujuxiong/01_财务分析/20260131_2025年财务分析报告/images/img005.jpg	keep		M2	已移交微信材料；建议 M2 追加 immutable delta 并入来源登记
docs/knowledge-base/08_wechat_sources/shujuxiong/01_财务分析/20260131_2025年财务分析报告/images/img006.jpg	keep		M2	已移交微信材料；建议 M2 追加 immutable delta 并入来源登记
docs/knowledge-base/08_wechat_sources/shujuxiong/01_财务分析/20260131_2025年财务分析报告/images/img007.jpg	keep		M2	已移交微信材料；建议 M2 追加 immutable delta 并入来源登记
docs/knowledge-base/08_wechat_sources/shujuxiong/01_财务分析/20260131_2025年财务分析报告/images/img008.jpg	keep		M2	已移交微信材料；建议 M2 追加 immutable delta 并入来源登记
docs/knowledge-base/08_wechat_sources/shujuxiong/01_财务分析/20260131_2025年财务分析报告/images/img009.jpg	keep		M2	已移交微信材料；建议 M2 追加 immutable delta 并入来源登记
docs/knowledge-base/08_wechat_sources/shujuxiong/01_财务分析/20260131_2025年财务分析报告/images/img010.jpg	keep		M2	已移交微信材料；建议 M2 追加 immutable delta 并入来源登记
docs/knowledge-base/08_wechat_sources/shujuxiong/01_财务分析/20260131_2025年财务分析报告/images/img011.jpg	keep		M2	已移交微信材料；建议 M2 追加 immutable delta 并入来源登记
docs/knowledge-base/08_wechat_sources/shujuxiong/01_财务分析/20260131_2025年财务分析报告/images/img012.jpg	keep		M2	已移交微信材料；建议 M2 追加 immutable delta 并入来源登记
docs/knowledge-base/08_wechat_sources/shujuxiong/01_财务分析/20260131_2025年财务分析报告/images/img013.jpg	keep		M2	已移交微信材料；建议 M2 追加 immutable delta 并入来源登记
docs/knowledge-base/08_wechat_sources/shujuxiong/01_财务分析/20260131_2025年财务分析报告/images/img014.jpg	keep		M2	已移交微信材料；建议 M2 追加 immutable delta 并入来源登记
docs/knowledge-base/08_wechat_sources/shujuxiong/01_财务分析/20260131_2025年财务分析报告/images/img015.jpg	keep		M2	已移交微信材料；建议 M2 追加 immutable delta 并入来源登记
docs/knowledge-base/08_wechat_sources/shujuxiong/01_财务分析/20260131_2025年财务分析报告/images/img016.jpg	keep		M2	已移交微信材料；建议 M2 追加 immutable delta 并入来源登记
docs/knowledge-base/08_wechat_sources/shujuxiong/01_财务分析/20260131_2025年财务分析报告/images/img017.jpg	keep		M2	已移交微信材料；建议 M2 追加 immutable delta 并入来源登记
docs/knowledge-base/08_wechat_sources/shujuxiong/01_财务分析/20260131_2025年财务分析报告/images/img018.jpg	keep		M2	已移交微信材料；建议 M2 追加 immutable delta 并入来源登记
docs/knowledge-base/08_wechat_sources/shujuxiong/01_财务分析/20260131_2025年财务分析报告/images/img019.jpg	keep		M2	已移交微信材料；建议 M2 追加 immutable delta 并入来源登记
docs/knowledge-base/08_wechat_sources/shujuxiong/01_财务分析/20260131_2025年财务分析报告/images/img020.jpg	keep		M2	已移交微信材料；建议 M2 追加 immutable delta 并入来源登记
docs/knowledge-base/08_wechat_sources/shujuxiong/01_财务分析/20260131_2025年财务分析报告/images/img021.jpg	keep		M2	已移交微信材料；建议 M2 追加 immutable delta 并入来源登记
docs/knowledge-base/08_wechat_sources/shujuxiong/01_财务分析/20260131_2025年财务分析报告/images/img022.jpg	keep		M2	已移交微信材料；建议 M2 追加 immutable delta 并入来源登记
docs/knowledge-base/08_wechat_sources/shujuxiong/01_财务分析/20260131_2025年财务分析报告/images/img023.jpg	keep		M2	已移交微信材料；建议 M2 追加 immutable delta 并入来源登记
docs/knowledge-base/08_wechat_sources/shujuxiong/01_财务分析/20260131_2025年财务分析报告/images/img024.jpg	keep		M2	已移交微信材料；建议 M2 追加 immutable delta 并入来源登记
docs/knowledge-base/08_wechat_sources/shujuxiong/01_财务分析/20260131_2025年财务分析报告/images/img025.jpg	keep		M2	已移交微信材料；建议 M2 追加 immutable delta 并入来源登记
docs/knowledge-base/08_wechat_sources/shujuxiong/01_财务分析/20260131_2025年财务分析报告/images/img026.webp	keep		M2	已移交微信材料；建议 M2 追加 immutable delta 并入来源登记
docs/knowledge-base/08_wechat_sources/shujuxiong/01_财务分析/20260131_2025年财务分析报告/meta.json	keep		M2	已移交微信材料；建议 M2 追加 immutable delta 并入来源登记
docs/knowledge-base/08_wechat_sources/shujuxiong/01_财务分析/20260222_2025年财务分析报告/article.md	keep		M2	已移交微信材料；建议 M2 追加 immutable delta 并入来源登记
docs/knowledge-base/08_wechat_sources/shujuxiong/01_财务分析/20260222_2025年财务分析报告/images/cover.jpg	keep		M2	已移交微信材料；建议 M2 追加 immutable delta 并入来源登记
docs/knowledge-base/08_wechat_sources/shujuxiong/01_财务分析/20260222_2025年财务分析报告/images/img001.jpg	keep		M2	已移交微信材料；建议 M2 追加 immutable delta 并入来源登记
docs/knowledge-base/08_wechat_sources/shujuxiong/01_财务分析/20260222_2025年财务分析报告/images/img002.jpg	keep		M2	已移交微信材料；建议 M2 追加 immutable delta 并入来源登记
docs/knowledge-base/08_wechat_sources/shujuxiong/01_财务分析/20260222_2025年财务分析报告/images/img003.jpg	keep		M2	已移交微信材料；建议 M2 追加 immutable delta 并入来源登记
docs/knowledge-base/08_wechat_sources/shujuxiong/01_财务分析/20260222_2025年财务分析报告/images/img004.jpg	keep		M2	已移交微信材料；建议 M2 追加 immutable delta 并入来源登记
docs/knowledge-base/08_wechat_sources/shujuxiong/01_财务分析/20260222_2025年财务分析报告/images/img005.jpg	keep		M2	已移交微信材料；建议 M2 追加 immutable delta 并入来源登记
docs/knowledge-base/08_wechat_sources/shujuxiong/01_财务分析/20260222_2025年财务分析报告/images/img006.jpg	keep		M2	已移交微信材料；建议 M2 追加 immutable delta 并入来源登记
docs/knowledge-base/08_wechat_sources/shujuxiong/01_财务分析/20260222_2025年财务分析报告/images/img007.jpg	keep		M2	已移交微信材料；建议 M2 追加 immutable delta 并入来源登记
docs/knowledge-base/08_wechat_sources/shujuxiong/01_财务分析/20260222_2025年财务分析报告/images/img008.jpg	keep		M2	已移交微信材料；建议 M2 追加 immutable delta 并入来源登记
docs/knowledge-base/08_wechat_sources/shujuxiong/01_财务分析/20260222_2025年财务分析报告/images/img009.jpg	keep		M2	已移交微信材料；建议 M2 追加 immutable delta 并入来源登记
docs/knowledge-base/08_wechat_sources/shujuxiong/01_财务分析/20260222_2025年财务分析报告/images/img010.jpg	keep		M2	已移交微信材料；建议 M2 追加 immutable delta 并入来源登记
docs/knowledge-base/08_wechat_sources/shujuxiong/01_财务分析/20260222_2025年财务分析报告/images/img011.jpg	keep		M2	已移交微信材料；建议 M2 追加 immutable delta 并入来源登记
docs/knowledge-base/08_wechat_sources/shujuxiong/01_财务分析/20260222_2025年财务分析报告/images/img012.jpg	keep		M2	已移交微信材料；建议 M2 追加 immutable delta 并入来源登记
docs/knowledge-base/08_wechat_sources/shujuxiong/01_财务分析/20260222_2025年财务分析报告/images/img013.jpg	keep		M2	已移交微信材料；建议 M2 追加 immutable delta 并入来源登记
docs/knowledge-base/08_wechat_sources/shujuxiong/01_财务分析/20260222_2025年财务分析报告/images/img014.jpg	keep		M2	已移交微信材料；建议 M2 追加 immutable delta 并入来源登记
docs/knowledge-base/08_wechat_sources/shujuxiong/01_财务分析/20260222_2025年财务分析报告/images/img015.jpg	keep		M2	已移交微信材料；建议 M2 追加 immutable delta 并入来源登记
docs/knowledge-base/08_wechat_sources/shujuxiong/01_财务分析/20260222_2025年财务分析报告/images/img016.jpg	keep		M2	已移交微信材料；建议 M2 追加 immutable delta 并入来源登记
docs/knowledge-base/08_wechat_sources/shujuxiong/01_财务分析/20260222_2025年财务分析报告/images/img017.jpg	keep		M2	已移交微信材料；建议 M2 追加 immutable delta 并入来源登记
docs/knowledge-base/08_wechat_sources/shujuxiong/01_财务分析/20260222_2025年财务分析报告/images/img018.jpg	keep		M2	已移交微信材料；建议 M2 追加 immutable delta 并入来源登记
docs/knowledge-base/08_wechat_sources/shujuxiong/01_财务分析/20260222_2025年财务分析报告/images/img019.jpg	keep		M2	已移交微信材料；建议 M2 追加 immutable delta 并入来源登记
docs/knowledge-base/08_wechat_sources/shujuxiong/01_财务分析/20260222_2025年财务分析报告/images/img020.jpg	keep		M2	已移交微信材料；建议 M2 追加 immutable delta 并入来源登记
docs/knowledge-base/08_wechat_sources/shujuxiong/01_财务分析/20260222_2025年财务分析报告/images/img021.jpg	keep		M2	已移交微信材料；建议 M2 追加 immutable delta 并入来源登记
docs/knowledge-base/08_wechat_sources/shujuxiong/01_财务分析/20260222_2025年财务分析报告/images/img022.jpg	keep		M2	已移交微信材料；建议 M2 追加 immutable delta 并入来源登记
docs/knowledge-base/08_wechat_sources/shujuxiong/01_财务分析/20260222_2025年财务分析报告/images/img023.jpg	keep		M2	已移交微信材料；建议 M2 追加 immutable delta 并入来源登记
docs/knowledge-base/08_wechat_sources/shujuxiong/01_财务分析/20260222_2025年财务分析报告/images/img024.jpg	keep		M2	已移交微信材料；建议 M2 追加 immutable delta 并入来源登记
docs/knowledge-base/08_wechat_sources/shujuxiong/01_财务分析/20260222_2025年财务分析报告/images/img025.jpg	keep		M2	已移交微信材料；建议 M2 追加 immutable delta 并入来源登记
docs/knowledge-base/08_wechat_sources/shujuxiong/01_财务分析/20260222_2025年财务分析报告/images/img026.webp	keep		M2	已移交微信材料；建议 M2 追加 immutable delta 并入来源登记
docs/knowledge-base/08_wechat_sources/shujuxiong/01_财务分析/20260222_2025年财务分析报告/meta.json	keep		M2	已移交微信材料；建议 M2 追加 immutable delta 并入来源登记
docs/knowledge-base/08_wechat_sources/shujuxiong/01_财务分析/20260307_数据熊_财务分析模型：一键导入、自动计算、自动画图/article.md	keep		M2	已移交微信材料；建议 M2 追加 immutable delta 并入来源登记
docs/knowledge-base/08_wechat_sources/shujuxiong/01_财务分析/20260307_数据熊_财务分析模型：一键导入、自动计算、自动画图/images/cover.jpg	keep		M2	已移交微信材料；建议 M2 追加 immutable delta 并入来源登记
docs/knowledge-base/08_wechat_sources/shujuxiong/01_财务分析/20260307_数据熊_财务分析模型：一键导入、自动计算、自动画图/images/img001.gif	keep		M2	已移交微信材料；建议 M2 追加 immutable delta 并入来源登记
docs/knowledge-base/08_wechat_sources/shujuxiong/01_财务分析/20260307_数据熊_财务分析模型：一键导入、自动计算、自动画图/images/img002.gif	keep		M2	已移交微信材料；建议 M2 追加 immutable delta 并入来源登记
docs/knowledge-base/08_wechat_sources/shujuxiong/01_财务分析/20260307_数据熊_财务分析模型：一键导入、自动计算、自动画图/images/img003.gif	keep		M2	已移交微信材料；建议 M2 追加 immutable delta 并入来源登记
docs/knowledge-base/08_wechat_sources/shujuxiong/01_财务分析/20260307_数据熊_财务分析模型：一键导入、自动计算、自动画图/images/img004.gif	keep		M2	已移交微信材料；建议 M2 追加 immutable delta 并入来源登记
docs/knowledge-base/08_wechat_sources/shujuxiong/01_财务分析/20260307_数据熊_财务分析模型：一键导入、自动计算、自动画图/images/img005.gif	keep		M2	已移交微信材料；建议 M2 追加 immutable delta 并入来源登记
docs/knowledge-base/08_wechat_sources/shujuxiong/01_财务分析/20260307_数据熊_财务分析模型：一键导入、自动计算、自动画图/images/img006.gif	keep		M2	已移交微信材料；建议 M2 追加 immutable delta 并入来源登记
docs/knowledge-base/08_wechat_sources/shujuxiong/01_财务分析/20260307_数据熊_财务分析模型：一键导入、自动计算、自动画图/images/img007.gif	keep		M2	已移交微信材料；建议 M2 追加 immutable delta 并入来源登记
docs/knowledge-base/08_wechat_sources/shujuxiong/01_财务分析/20260307_数据熊_财务分析模型：一键导入、自动计算、自动画图/images/img008.webp	keep		M2	已移交微信材料；建议 M2 追加 immutable delta 并入来源登记
docs/knowledge-base/08_wechat_sources/shujuxiong/01_财务分析/20260307_数据熊_财务分析模型：一键导入、自动计算、自动画图/meta.json	keep		M2	已移交微信材料；建议 M2 追加 immutable delta 并入来源登记
docs/knowledge-base/08_wechat_sources/shujuxiong/01_财务分析/20260323_智能财务分析报告：一键生成精美看板/article.md	keep		M2	已移交微信材料；建议 M2 追加 immutable delta 并入来源登记
docs/knowledge-base/08_wechat_sources/shujuxiong/01_财务分析/20260323_智能财务分析报告：一键生成精美看板/images/cover.jpg	keep		M2	已移交微信材料；建议 M2 追加 immutable delta 并入来源登记
docs/knowledge-base/08_wechat_sources/shujuxiong/01_财务分析/20260323_智能财务分析报告：一键生成精美看板/images/img001.gif	keep		M2	已移交微信材料；建议 M2 追加 immutable delta 并入来源登记
docs/knowledge-base/08_wechat_sources/shujuxiong/01_财务分析/20260323_智能财务分析报告：一键生成精美看板/images/img002.jpg	keep		M2	已移交微信材料；建议 M2 追加 immutable delta 并入来源登记
docs/knowledge-base/08_wechat_sources/shujuxiong/01_财务分析/20260323_智能财务分析报告：一键生成精美看板/images/img003.jpg	keep		M2	已移交微信材料；建议 M2 追加 immutable delta 并入来源登记
docs/knowledge-base/08_wechat_sources/shujuxiong/01_财务分析/20260323_智能财务分析报告：一键生成精美看板/images/img004.gif	keep		M2	已移交微信材料；建议 M2 追加 immutable delta 并入来源登记
docs/knowledge-base/08_wechat_sources/shujuxiong/01_财务分析/20260323_智能财务分析报告：一键生成精美看板/images/img005.jpg	keep		M2	已移交微信材料；建议 M2 追加 immutable delta 并入来源登记
docs/knowledge-base/08_wechat_sources/shujuxiong/01_财务分析/20260323_智能财务分析报告：一键生成精美看板/images/img006.jpg	keep		M2	已移交微信材料；建议 M2 追加 immutable delta 并入来源登记
docs/knowledge-base/08_wechat_sources/shujuxiong/01_财务分析/20260323_智能财务分析报告：一键生成精美看板/images/img007.jpg	keep		M2	已移交微信材料；建议 M2 追加 immutable delta 并入来源登记
docs/knowledge-base/08_wechat_sources/shujuxiong/01_财务分析/20260323_智能财务分析报告：一键生成精美看板/images/img008.jpg	keep		M2	已移交微信材料；建议 M2 追加 immutable delta 并入来源登记
docs/knowledge-base/08_wechat_sources/shujuxiong/01_财务分析/20260323_智能财务分析报告：一键生成精美看板/images/img009.jpg	keep		M2	已移交微信材料；建议 M2 追加 immutable delta 并入来源登记
docs/knowledge-base/08_wechat_sources/shujuxiong/01_财务分析/20260323_智能财务分析报告：一键生成精美看板/images/img010.jpg	keep		M2	已移交微信材料；建议 M2 追加 immutable delta 并入来源登记
docs/knowledge-base/08_wechat_sources/shujuxiong/01_财务分析/20260323_智能财务分析报告：一键生成精美看板/images/img011.jpg	keep		M2	已移交微信材料；建议 M2 追加 immutable delta 并入来源登记
docs/knowledge-base/08_wechat_sources/shujuxiong/01_财务分析/20260323_智能财务分析报告：一键生成精美看板/images/img012.gif	keep		M2	已移交微信材料；建议 M2 追加 immutable delta 并入来源登记
docs/knowledge-base/08_wechat_sources/shujuxiong/01_财务分析/20260323_智能财务分析报告：一键生成精美看板/images/img013.webp	keep		M2	已移交微信材料；建议 M2 追加 immutable delta 并入来源登记
docs/knowledge-base/08_wechat_sources/shujuxiong/01_财务分析/20260323_智能财务分析报告：一键生成精美看板/meta.json	keep		M2	已移交微信材料；建议 M2 追加 immutable delta 并入来源登记
docs/knowledge-base/08_wechat_sources/shujuxiong/01_财务分析/20260324_2026年2月财务分析报告/article.md	keep		M2	已移交微信材料；建议 M2 追加 immutable delta 并入来源登记
docs/knowledge-base/08_wechat_sources/shujuxiong/01_财务分析/20260324_2026年2月财务分析报告/images/cover.jpg	keep		M2	已移交微信材料；建议 M2 追加 immutable delta 并入来源登记
docs/knowledge-base/08_wechat_sources/shujuxiong/01_财务分析/20260324_2026年2月财务分析报告/images/img001.jpg	keep		M2	已移交微信材料；建议 M2 追加 immutable delta 并入来源登记
docs/knowledge-base/08_wechat_sources/shujuxiong/01_财务分析/20260324_2026年2月财务分析报告/images/img002.jpg	keep		M2	已移交微信材料；建议 M2 追加 immutable delta 并入来源登记
docs/knowledge-base/08_wechat_sources/shujuxiong/01_财务分析/20260324_2026年2月财务分析报告/images/img003.jpg	keep		M2	已移交微信材料；建议 M2 追加 immutable delta 并入来源登记
docs/knowledge-base/08_wechat_sources/shujuxiong/01_财务分析/20260324_2026年2月财务分析报告/images/img004.jpg	keep		M2	已移交微信材料；建议 M2 追加 immutable delta 并入来源登记
docs/knowledge-base/08_wechat_sources/shujuxiong/01_财务分析/20260324_2026年2月财务分析报告/images/img005.jpg	keep		M2	已移交微信材料；建议 M2 追加 immutable delta 并入来源登记
docs/knowledge-base/08_wechat_sources/shujuxiong/01_财务分析/20260324_2026年2月财务分析报告/images/img006.jpg	keep		M2	已移交微信材料；建议 M2 追加 immutable delta 并入来源登记
docs/knowledge-base/08_wechat_sources/shujuxiong/01_财务分析/20260324_2026年2月财务分析报告/images/img007.jpg	keep		M2	已移交微信材料；建议 M2 追加 immutable delta 并入来源登记
docs/knowledge-base/08_wechat_sources/shujuxiong/01_财务分析/20260324_2026年2月财务分析报告/images/img008.jpg	keep		M2	已移交微信材料；建议 M2 追加 immutable delta 并入来源登记
docs/knowledge-base/08_wechat_sources/shujuxiong/01_财务分析/20260324_2026年2月财务分析报告/images/img009.jpg	keep		M2	已移交微信材料；建议 M2 追加 immutable delta 并入来源登记
docs/knowledge-base/08_wechat_sources/shujuxiong/01_财务分析/20260324_2026年2月财务分析报告/images/img010.jpg	keep		M2	已移交微信材料；建议 M2 追加 immutable delta 并入来源登记
docs/knowledge-base/08_wechat_sources/shujuxiong/01_财务分析/20260324_2026年2月财务分析报告/images/img011.jpg	keep		M2	已移交微信材料；建议 M2 追加 immutable delta 并入来源登记
docs/knowledge-base/08_wechat_sources/shujuxiong/01_财务分析/20260324_2026年2月财务分析报告/images/img012.jpg	keep		M2	已移交微信材料；建议 M2 追加 immutable delta 并入来源登记
docs/knowledge-base/08_wechat_sources/shujuxiong/01_财务分析/20260324_2026年2月财务分析报告/images/img013.jpg	keep		M2	已移交微信材料；建议 M2 追加 immutable delta 并入来源登记
docs/knowledge-base/08_wechat_sources/shujuxiong/01_财务分析/20260324_2026年2月财务分析报告/images/img014.jpg	keep		M2	已移交微信材料；建议 M2 追加 immutable delta 并入来源登记
docs/knowledge-base/08_wechat_sources/shujuxiong/01_财务分析/20260324_2026年2月财务分析报告/images/img015.jpg	keep		M2	已移交微信材料；建议 M2 追加 immutable delta 并入来源登记
docs/knowledge-base/08_wechat_sources/shujuxiong/01_财务分析/20260324_2026年2月财务分析报告/images/img016.jpg	keep		M2	已移交微信材料；建议 M2 追加 immutable delta 并入来源登记
docs/knowledge-base/08_wechat_sources/shujuxiong/01_财务分析/20260324_2026年2月财务分析报告/images/img017.jpg	keep		M2	已移交微信材料；建议 M2 追加 immutable delta 并入来源登记
docs/knowledge-base/08_wechat_sources/shujuxiong/01_财务分析/20260324_2026年2月财务分析报告/images/img018.jpg	keep		M2	已移交微信材料；建议 M2 追加 immutable delta 并入来源登记
docs/knowledge-base/08_wechat_sources/shujuxiong/01_财务分析/20260324_2026年2月财务分析报告/images/img019.jpg	keep		M2	已移交微信材料；建议 M2 追加 immutable delta 并入来源登记
docs/knowledge-base/08_wechat_sources/shujuxiong/01_财务分析/20260324_2026年2月财务分析报告/images/img020.webp	keep		M2	已移交微信材料；建议 M2 追加 immutable delta 并入来源登记
docs/knowledge-base/08_wechat_sources/shujuxiong/01_财务分析/20260324_2026年2月财务分析报告/meta.json	keep		M2	已移交微信材料；建议 M2 追加 immutable delta 并入来源登记
docs/knowledge-base/08_wechat_sources/shujuxiong/01_财务分析/20260409_2026年1季度财务分析报告.pptx/article.md	keep		M2	已移交微信材料；建议 M2 追加 immutable delta 并入来源登记
docs/knowledge-base/08_wechat_sources/shujuxiong/01_财务分析/20260409_2026年1季度财务分析报告.pptx/images/cover.jpg	keep		M2	已移交微信材料；建议 M2 追加 immutable delta 并入来源登记
docs/knowledge-base/08_wechat_sources/shujuxiong/01_财务分析/20260409_2026年1季度财务分析报告.pptx/images/img001.jpg	keep		M2	已移交微信材料；建议 M2 追加 immutable delta 并入来源登记
docs/knowledge-base/08_wechat_sources/shujuxiong/01_财务分析/20260409_2026年1季度财务分析报告.pptx/images/img002.jpg	keep		M2	已移交微信材料；建议 M2 追加 immutable delta 并入来源登记
docs/knowledge-base/08_wechat_sources/shujuxiong/01_财务分析/20260409_2026年1季度财务分析报告.pptx/images/img003.jpg	keep		M2	已移交微信材料；建议 M2 追加 immutable delta 并入来源登记
docs/knowledge-base/08_wechat_sources/shujuxiong/01_财务分析/20260409_2026年1季度财务分析报告.pptx/images/img004.jpg	keep		M2	已移交微信材料；建议 M2 追加 immutable delta 并入来源登记
docs/knowledge-base/08_wechat_sources/shujuxiong/01_财务分析/20260409_2026年1季度财务分析报告.pptx/images/img005.jpg	keep		M2	已移交微信材料；建议 M2 追加 immutable delta 并入来源登记
docs/knowledge-base/08_wechat_sources/shujuxiong/01_财务分析/20260409_2026年1季度财务分析报告.pptx/images/img006.jpg	keep		M2	已移交微信材料；建议 M2 追加 immutable delta 并入来源登记
docs/knowledge-base/08_wechat_sources/shujuxiong/01_财务分析/20260409_2026年1季度财务分析报告.pptx/images/img007.jpg	keep		M2	已移交微信材料；建议 M2 追加 immutable delta 并入来源登记
docs/knowledge-base/08_wechat_sources/shujuxiong/01_财务分析/20260409_2026年1季度财务分析报告.pptx/images/img008.jpg	keep		M2	已移交微信材料；建议 M2 追加 immutable delta 并入来源登记
docs/knowledge-base/08_wechat_sources/shujuxiong/01_财务分析/20260409_2026年1季度财务分析报告.pptx/images/img009.jpg	keep		M2	已移交微信材料；建议 M2 追加 immutable delta 并入来源登记
docs/knowledge-base/08_wechat_sources/shujuxiong/01_财务分析/20260409_2026年1季度财务分析报告.pptx/images/img010.jpg	keep		M2	已移交微信材料；建议 M2 追加 immutable delta 并入来源登记
docs/knowledge-base/08_wechat_sources/shujuxiong/01_财务分析/20260409_2026年1季度财务分析报告.pptx/images/img011.png	keep		M2	已移交微信材料；建议 M2 追加 immutable delta 并入来源登记
docs/knowledge-base/08_wechat_sources/shujuxiong/01_财务分析/20260409_2026年1季度财务分析报告.pptx/images/img012.png	keep		M2	已移交微信材料；建议 M2 追加 immutable delta 并入来源登记
docs/knowledge-base/08_wechat_sources/shujuxiong/01_财务分析/20260409_2026年1季度财务分析报告.pptx/meta.json	keep		M2	已移交微信材料；建议 M2 追加 immutable delta 并入来源登记
docs/knowledge-base/08_wechat_sources/shujuxiong/01_财务分析/20260421_财务分析报告，这样写更有价值（附财务分析报告.pptx）/article.md	keep		M2	已移交微信材料；建议 M2 追加 immutable delta 并入来源登记
docs/knowledge-base/08_wechat_sources/shujuxiong/01_财务分析/20260421_财务分析报告，这样写更有价值（附财务分析报告.pptx）/images/cover.jpg	keep		M2	已移交微信材料；建议 M2 追加 immutable delta 并入来源登记
docs/knowledge-base/08_wechat_sources/shujuxiong/01_财务分析/20260421_财务分析报告，这样写更有价值（附财务分析报告.pptx）/images/img001.png	keep		M2	已移交微信材料；建议 M2 追加 immutable delta 并入来源登记
docs/knowledge-base/08_wechat_sources/shujuxiong/01_财务分析/20260421_财务分析报告，这样写更有价值（附财务分析报告.pptx）/images/img002.jpg	keep		M2	已移交微信材料；建议 M2 追加 immutable delta 并入来源登记
docs/knowledge-base/08_wechat_sources/shujuxiong/01_财务分析/20260421_财务分析报告，这样写更有价值（附财务分析报告.pptx）/images/img003.jpg	keep		M2	已移交微信材料；建议 M2 追加 immutable delta 并入来源登记
docs/knowledge-base/08_wechat_sources/shujuxiong/01_财务分析/20260421_财务分析报告，这样写更有价值（附财务分析报告.pptx）/images/img004.jpg	keep		M2	已移交微信材料；建议 M2 追加 immutable delta 并入来源登记
docs/knowledge-base/08_wechat_sources/shujuxiong/01_财务分析/20260421_财务分析报告，这样写更有价值（附财务分析报告.pptx）/images/img005.jpg	keep		M2	已移交微信材料；建议 M2 追加 immutable delta 并入来源登记
docs/knowledge-base/08_wechat_sources/shujuxiong/01_财务分析/20260421_财务分析报告，这样写更有价值（附财务分析报告.pptx）/images/img006.jpg	keep		M2	已移交微信材料；建议 M2 追加 immutable delta 并入来源登记
docs/knowledge-base/08_wechat_sources/shujuxiong/01_财务分析/20260421_财务分析报告，这样写更有价值（附财务分析报告.pptx）/images/img007.jpg	keep		M2	已移交微信材料；建议 M2 追加 immutable delta 并入来源登记
docs/knowledge-base/08_wechat_sources/shujuxiong/01_财务分析/20260421_财务分析报告，这样写更有价值（附财务分析报告.pptx）/images/img008.jpg	keep		M2	已移交微信材料；建议 M2 追加 immutable delta 并入来源登记
docs/knowledge-base/08_wechat_sources/shujuxiong/01_财务分析/20260421_财务分析报告，这样写更有价值（附财务分析报告.pptx）/images/img009.jpg	keep		M2	已移交微信材料；建议 M2 追加 immutable delta 并入来源登记
docs/knowledge-base/08_wechat_sources/shujuxiong/01_财务分析/20260421_财务分析报告，这样写更有价值（附财务分析报告.pptx）/images/img010.jpg	keep		M2	已移交微信材料；建议 M2 追加 immutable delta 并入来源登记
docs/knowledge-base/08_wechat_sources/shujuxiong/01_财务分析/20260421_财务分析报告，这样写更有价值（附财务分析报告.pptx）/images/img011.jpg	keep		M2	已移交微信材料；建议 M2 追加 immutable delta 并入来源登记
docs/knowledge-base/08_wechat_sources/shujuxiong/01_财务分析/20260421_财务分析报告，这样写更有价值（附财务分析报告.pptx）/images/img012.png	keep		M2	已移交微信材料；建议 M2 追加 immutable delta 并入来源登记
docs/knowledge-base/08_wechat_sources/shujuxiong/01_财务分析/20260421_财务分析报告，这样写更有价值（附财务分析报告.pptx）/images/img013.png	keep		M2	已移交微信材料；建议 M2 追加 immutable delta 并入来源登记
docs/knowledge-base/08_wechat_sources/shujuxiong/01_财务分析/20260421_财务分析报告，这样写更有价值（附财务分析报告.pptx）/meta.json	keep		M2	已移交微信材料；建议 M2 追加 immutable delta 并入来源登记
docs/knowledge-base/08_wechat_sources/shujuxiong/01_财务分析/20260426_2026年4月财务分析报告/article.md	keep		M2	已移交微信材料；建议 M2 追加 immutable delta 并入来源登记
docs/knowledge-base/08_wechat_sources/shujuxiong/01_财务分析/20260426_2026年4月财务分析报告/images/cover.jpg	keep		M2	已移交微信材料；建议 M2 追加 immutable delta 并入来源登记
docs/knowledge-base/08_wechat_sources/shujuxiong/01_财务分析/20260426_2026年4月财务分析报告/images/img001.jpg	keep		M2	已移交微信材料；建议 M2 追加 immutable delta 并入来源登记
docs/knowledge-base/08_wechat_sources/shujuxiong/01_财务分析/20260426_2026年4月财务分析报告/images/img002.jpg	keep		M2	已移交微信材料；建议 M2 追加 immutable delta 并入来源登记
docs/knowledge-base/08_wechat_sources/shujuxiong/01_财务分析/20260426_2026年4月财务分析报告/images/img003.jpg	keep		M2	已移交微信材料；建议 M2 追加 immutable delta 并入来源登记
docs/knowledge-base/08_wechat_sources/shujuxiong/01_财务分析/20260426_2026年4月财务分析报告/images/img004.jpg	keep		M2	已移交微信材料；建议 M2 追加 immutable delta 并入来源登记
docs/knowledge-base/08_wechat_sources/shujuxiong/01_财务分析/20260426_2026年4月财务分析报告/images/img005.jpg	keep		M2	已移交微信材料；建议 M2 追加 immutable delta 并入来源登记
docs/knowledge-base/08_wechat_sources/shujuxiong/01_财务分析/20260426_2026年4月财务分析报告/images/img006.jpg	keep		M2	已移交微信材料；建议 M2 追加 immutable delta 并入来源登记
docs/knowledge-base/08_wechat_sources/shujuxiong/01_财务分析/20260426_2026年4月财务分析报告/images/img007.jpg	keep		M2	已移交微信材料；建议 M2 追加 immutable delta 并入来源登记
docs/knowledge-base/08_wechat_sources/shujuxiong/01_财务分析/20260426_2026年4月财务分析报告/images/img008.jpg	keep		M2	已移交微信材料；建议 M2 追加 immutable delta 并入来源登记
docs/knowledge-base/08_wechat_sources/shujuxiong/01_财务分析/20260426_2026年4月财务分析报告/images/img009.jpg	keep		M2	已移交微信材料；建议 M2 追加 immutable delta 并入来源登记
docs/knowledge-base/08_wechat_sources/shujuxiong/01_财务分析/20260426_2026年4月财务分析报告/images/img010.jpg	keep		M2	已移交微信材料；建议 M2 追加 immutable delta 并入来源登记
docs/knowledge-base/08_wechat_sources/shujuxiong/01_财务分析/20260426_2026年4月财务分析报告/images/img011.jpg	keep		M2	已移交微信材料；建议 M2 追加 immutable delta 并入来源登记
docs/knowledge-base/08_wechat_sources/shujuxiong/01_财务分析/20260426_2026年4月财务分析报告/images/img012.png	keep		M2	已移交微信材料；建议 M2 追加 immutable delta 并入来源登记
docs/knowledge-base/08_wechat_sources/shujuxiong/01_财务分析/20260426_2026年4月财务分析报告/meta.json	keep		M2	已移交微信材料；建议 M2 追加 immutable delta 并入来源登记
docs/knowledge-base/08_wechat_sources/shujuxiong/01_财务分析/20260531_2026年5月财务分析报告/article.md	keep		M2	已移交微信材料；建议 M2 追加 immutable delta 并入来源登记
docs/knowledge-base/08_wechat_sources/shujuxiong/01_财务分析/20260531_2026年5月财务分析报告/images/cover.jpg	keep		M2	已移交微信材料；建议 M2 追加 immutable delta 并入来源登记
docs/knowledge-base/08_wechat_sources/shujuxiong/01_财务分析/20260531_2026年5月财务分析报告/images/img001.jpg	keep		M2	已移交微信材料；建议 M2 追加 immutable delta 并入来源登记
docs/knowledge-base/08_wechat_sources/shujuxiong/01_财务分析/20260531_2026年5月财务分析报告/images/img002.jpg	keep		M2	已移交微信材料；建议 M2 追加 immutable delta 并入来源登记
docs/knowledge-base/08_wechat_sources/shujuxiong/01_财务分析/20260531_2026年5月财务分析报告/images/img003.jpg	keep		M2	已移交微信材料；建议 M2 追加 immutable delta 并入来源登记
docs/knowledge-base/08_wechat_sources/shujuxiong/01_财务分析/20260531_2026年5月财务分析报告/images/img004.jpg	keep		M2	已移交微信材料；建议 M2 追加 immutable delta 并入来源登记
docs/knowledge-base/08_wechat_sources/shujuxiong/01_财务分析/20260531_2026年5月财务分析报告/images/img005.jpg	keep		M2	已移交微信材料；建议 M2 追加 immutable delta 并入来源登记
docs/knowledge-base/08_wechat_sources/shujuxiong/01_财务分析/20260531_2026年5月财务分析报告/images/img006.jpg	keep		M2	已移交微信材料；建议 M2 追加 immutable delta 并入来源登记
docs/knowledge-base/08_wechat_sources/shujuxiong/01_财务分析/20260531_2026年5月财务分析报告/images/img007.jpg	keep		M2	已移交微信材料；建议 M2 追加 immutable delta 并入来源登记
docs/knowledge-base/08_wechat_sources/shujuxiong/01_财务分析/20260531_2026年5月财务分析报告/images/img008.jpg	keep		M2	已移交微信材料；建议 M2 追加 immutable delta 并入来源登记
docs/knowledge-base/08_wechat_sources/shujuxiong/01_财务分析/20260531_2026年5月财务分析报告/images/img009.jpg	keep		M2	已移交微信材料；建议 M2 追加 immutable delta 并入来源登记
docs/knowledge-base/08_wechat_sources/shujuxiong/01_财务分析/20260531_2026年5月财务分析报告/images/img010.jpg	keep		M2	已移交微信材料；建议 M2 追加 immutable delta 并入来源登记
docs/knowledge-base/08_wechat_sources/shujuxiong/01_财务分析/20260531_2026年5月财务分析报告/images/img011.jpg	keep		M2	已移交微信材料；建议 M2 追加 immutable delta 并入来源登记
docs/knowledge-base/08_wechat_sources/shujuxiong/01_财务分析/20260531_2026年5月财务分析报告/images/img012.jpg	keep		M2	已移交微信材料；建议 M2 追加 immutable delta 并入来源登记
docs/knowledge-base/08_wechat_sources/shujuxiong/01_财务分析/20260531_2026年5月财务分析报告/images/img013.jpg	keep		M2	已移交微信材料；建议 M2 追加 immutable delta 并入来源登记
docs/knowledge-base/08_wechat_sources/shujuxiong/01_财务分析/20260531_2026年5月财务分析报告/meta.json	keep		M2	已移交微信材料；建议 M2 追加 immutable delta 并入来源登记
docs/knowledge-base/08_wechat_sources/shujuxiong/01_财务分析/20260605_2026年5月费用分析报告/article.md	keep		M2	已移交微信材料；建议 M2 追加 immutable delta 并入来源登记
docs/knowledge-base/08_wechat_sources/shujuxiong/01_财务分析/20260605_2026年5月费用分析报告/images/cover.jpg	keep		M2	已移交微信材料；建议 M2 追加 immutable delta 并入来源登记
docs/knowledge-base/08_wechat_sources/shujuxiong/01_财务分析/20260605_2026年5月费用分析报告/images/img001.jpg	keep		M2	已移交微信材料；建议 M2 追加 immutable delta 并入来源登记
docs/knowledge-base/08_wechat_sources/shujuxiong/01_财务分析/20260605_2026年5月费用分析报告/images/img002.jpg	keep		M2	已移交微信材料；建议 M2 追加 immutable delta 并入来源登记
docs/knowledge-base/08_wechat_sources/shujuxiong/01_财务分析/20260605_2026年5月费用分析报告/images/img003.jpg	keep		M2	已移交微信材料；建议 M2 追加 immutable delta 并入来源登记
docs/knowledge-base/08_wechat_sources/shujuxiong/01_财务分析/20260605_2026年5月费用分析报告/images/img004.jpg	keep		M2	已移交微信材料；建议 M2 追加 immutable delta 并入来源登记
docs/knowledge-base/08_wechat_sources/shujuxiong/01_财务分析/20260605_2026年5月费用分析报告/images/img005.jpg	keep		M2	已移交微信材料；建议 M2 追加 immutable delta 并入来源登记
docs/knowledge-base/08_wechat_sources/shujuxiong/01_财务分析/20260605_2026年5月费用分析报告/images/img006.jpg	keep		M2	已移交微信材料；建议 M2 追加 immutable delta 并入来源登记
docs/knowledge-base/08_wechat_sources/shujuxiong/01_财务分析/20260605_2026年5月费用分析报告/images/img007.jpg	keep		M2	已移交微信材料；建议 M2 追加 immutable delta 并入来源登记
docs/knowledge-base/08_wechat_sources/shujuxiong/01_财务分析/20260605_2026年5月费用分析报告/images/img008.jpg	keep		M2	已移交微信材料；建议 M2 追加 immutable delta 并入来源登记
docs/knowledge-base/08_wechat_sources/shujuxiong/01_财务分析/20260605_2026年5月费用分析报告/images/img009.jpg	keep		M2	已移交微信材料；建议 M2 追加 immutable delta 并入来源登记
docs/knowledge-base/08_wechat_sources/shujuxiong/01_财务分析/20260605_2026年5月费用分析报告/images/img010.jpg	keep		M2	已移交微信材料；建议 M2 追加 immutable delta 并入来源登记
docs/knowledge-base/08_wechat_sources/shujuxiong/01_财务分析/20260605_2026年5月费用分析报告/images/img011.jpg	keep		M2	已移交微信材料；建议 M2 追加 immutable delta 并入来源登记
docs/knowledge-base/08_wechat_sources/shujuxiong/01_财务分析/20260605_2026年5月费用分析报告/images/img012.jpg	keep		M2	已移交微信材料；建议 M2 追加 immutable delta 并入来源登记
docs/knowledge-base/08_wechat_sources/shujuxiong/01_财务分析/20260605_2026年5月费用分析报告/images/img013.jpg	keep		M2	已移交微信材料；建议 M2 追加 immutable delta 并入来源登记
docs/knowledge-base/08_wechat_sources/shujuxiong/01_财务分析/20260605_2026年5月费用分析报告/images/img014.jpg	keep		M2	已移交微信材料；建议 M2 追加 immutable delta 并入来源登记
docs/knowledge-base/08_wechat_sources/shujuxiong/01_财务分析/20260605_2026年5月费用分析报告/meta.json	keep		M2	已移交微信材料；建议 M2 追加 immutable delta 并入来源登记
docs/knowledge-base/08_wechat_sources/shujuxiong/01_财务分析/20260704_2026年上半年财务分析报告/article.md	keep		M2	已移交微信材料；建议 M2 追加 immutable delta 并入来源登记
docs/knowledge-base/08_wechat_sources/shujuxiong/01_财务分析/20260704_2026年上半年财务分析报告/images/cover.jpg	keep		M2	已移交微信材料；建议 M2 追加 immutable delta 并入来源登记
docs/knowledge-base/08_wechat_sources/shujuxiong/01_财务分析/20260704_2026年上半年财务分析报告/images/img001.jpg	keep		M2	已移交微信材料；建议 M2 追加 immutable delta 并入来源登记
docs/knowledge-base/08_wechat_sources/shujuxiong/01_财务分析/20260704_2026年上半年财务分析报告/images/img002.jpg	keep		M2	已移交微信材料；建议 M2 追加 immutable delta 并入来源登记
docs/knowledge-base/08_wechat_sources/shujuxiong/01_财务分析/20260704_2026年上半年财务分析报告/images/img003.jpg	keep		M2	已移交微信材料；建议 M2 追加 immutable delta 并入来源登记
docs/knowledge-base/08_wechat_sources/shujuxiong/01_财务分析/20260704_2026年上半年财务分析报告/images/img004.jpg	keep		M2	已移交微信材料；建议 M2 追加 immutable delta 并入来源登记
docs/knowledge-base/08_wechat_sources/shujuxiong/01_财务分析/20260704_2026年上半年财务分析报告/images/img005.jpg	keep		M2	已移交微信材料；建议 M2 追加 immutable delta 并入来源登记
docs/knowledge-base/08_wechat_sources/shujuxiong/01_财务分析/20260704_2026年上半年财务分析报告/images/img006.jpg	keep		M2	已移交微信材料；建议 M2 追加 immutable delta 并入来源登记
docs/knowledge-base/08_wechat_sources/shujuxiong/01_财务分析/20260704_2026年上半年财务分析报告/images/img007.jpg	keep		M2	已移交微信材料；建议 M2 追加 immutable delta 并入来源登记
docs/knowledge-base/08_wechat_sources/shujuxiong/01_财务分析/20260704_2026年上半年财务分析报告/images/img008.jpg	keep		M2	已移交微信材料；建议 M2 追加 immutable delta 并入来源登记
docs/knowledge-base/08_wechat_sources/shujuxiong/01_财务分析/20260704_2026年上半年财务分析报告/images/img009.jpg	keep		M2	已移交微信材料；建议 M2 追加 immutable delta 并入来源登记
docs/knowledge-base/08_wechat_sources/shujuxiong/01_财务分析/20260704_2026年上半年财务分析报告/images/img010.jpg	keep		M2	已移交微信材料；建议 M2 追加 immutable delta 并入来源登记
docs/knowledge-base/08_wechat_sources/shujuxiong/01_财务分析/20260704_2026年上半年财务分析报告/images/img011.jpg	keep		M2	已移交微信材料；建议 M2 追加 immutable delta 并入来源登记
docs/knowledge-base/08_wechat_sources/shujuxiong/01_财务分析/20260704_2026年上半年财务分析报告/images/img012.jpg	keep		M2	已移交微信材料；建议 M2 追加 immutable delta 并入来源登记
docs/knowledge-base/08_wechat_sources/shujuxiong/01_财务分析/20260704_2026年上半年财务分析报告/images/img013.jpg	keep		M2	已移交微信材料；建议 M2 追加 immutable delta 并入来源登记
docs/knowledge-base/08_wechat_sources/shujuxiong/01_财务分析/20260704_2026年上半年财务分析报告/images/img014.jpg	keep		M2	已移交微信材料；建议 M2 追加 immutable delta 并入来源登记
docs/knowledge-base/08_wechat_sources/shujuxiong/01_财务分析/20260704_2026年上半年财务分析报告/images/img015.jpg	keep		M2	已移交微信材料；建议 M2 追加 immutable delta 并入来源登记
docs/knowledge-base/08_wechat_sources/shujuxiong/01_财务分析/20260704_2026年上半年财务分析报告/images/img016.jpg	keep		M2	已移交微信材料；建议 M2 追加 immutable delta 并入来源登记
docs/knowledge-base/08_wechat_sources/shujuxiong/01_财务分析/20260704_2026年上半年财务分析报告/images/img017.jpg	keep		M2	已移交微信材料；建议 M2 追加 immutable delta 并入来源登记
docs/knowledge-base/08_wechat_sources/shujuxiong/01_财务分析/20260704_2026年上半年财务分析报告/images/img018.jpg	keep		M2	已移交微信材料；建议 M2 追加 immutable delta 并入来源登记
docs/knowledge-base/08_wechat_sources/shujuxiong/01_财务分析/20260704_2026年上半年财务分析报告/images/img019.jpg	keep		M2	已移交微信材料；建议 M2 追加 immutable delta 并入来源登记
docs/knowledge-base/08_wechat_sources/shujuxiong/01_财务分析/20260704_2026年上半年财务分析报告/meta.json	keep		M2	已移交微信材料；建议 M2 追加 immutable delta 并入来源登记
docs/knowledge-base/08_wechat_sources/shujuxiong/01_财务分析/20260718_2026年上半年财务分析报告.pptx/article.md	keep		M2	已移交微信材料；建议 M2 追加 immutable delta 并入来源登记
docs/knowledge-base/08_wechat_sources/shujuxiong/01_财务分析/20260718_2026年上半年财务分析报告.pptx/images/cover.jpg	keep		M2	已移交微信材料；建议 M2 追加 immutable delta 并入来源登记
docs/knowledge-base/08_wechat_sources/shujuxiong/01_财务分析/20260718_2026年上半年财务分析报告.pptx/images/img001.jpg	keep		M2	已移交微信材料；建议 M2 追加 immutable delta 并入来源登记
docs/knowledge-base/08_wechat_sources/shujuxiong/01_财务分析/20260718_2026年上半年财务分析报告.pptx/images/img002.jpg	keep		M2	已移交微信材料；建议 M2 追加 immutable delta 并入来源登记
docs/knowledge-base/08_wechat_sources/shujuxiong/01_财务分析/20260718_2026年上半年财务分析报告.pptx/images/img003.jpg	keep		M2	已移交微信材料；建议 M2 追加 immutable delta 并入来源登记
docs/knowledge-base/08_wechat_sources/shujuxiong/01_财务分析/20260718_2026年上半年财务分析报告.pptx/images/img004.jpg	keep		M2	已移交微信材料；建议 M2 追加 immutable delta 并入来源登记
docs/knowledge-base/08_wechat_sources/shujuxiong/01_财务分析/20260718_2026年上半年财务分析报告.pptx/images/img005.jpg	keep		M2	已移交微信材料；建议 M2 追加 immutable delta 并入来源登记
docs/knowledge-base/08_wechat_sources/shujuxiong/01_财务分析/20260718_2026年上半年财务分析报告.pptx/images/img006.jpg	keep		M2	已移交微信材料；建议 M2 追加 immutable delta 并入来源登记
docs/knowledge-base/08_wechat_sources/shujuxiong/01_财务分析/20260718_2026年上半年财务分析报告.pptx/images/img007.jpg	keep		M2	已移交微信材料；建议 M2 追加 immutable delta 并入来源登记
docs/knowledge-base/08_wechat_sources/shujuxiong/01_财务分析/20260718_2026年上半年财务分析报告.pptx/images/img008.jpg	keep		M2	已移交微信材料；建议 M2 追加 immutable delta 并入来源登记
docs/knowledge-base/08_wechat_sources/shujuxiong/01_财务分析/20260718_2026年上半年财务分析报告.pptx/images/img009.jpg	keep		M2	已移交微信材料；建议 M2 追加 immutable delta 并入来源登记
docs/knowledge-base/08_wechat_sources/shujuxiong/01_财务分析/20260718_2026年上半年财务分析报告.pptx/images/img010.jpg	keep		M2	已移交微信材料；建议 M2 追加 immutable delta 并入来源登记
docs/knowledge-base/08_wechat_sources/shujuxiong/01_财务分析/20260718_2026年上半年财务分析报告.pptx/images/img011.jpg	keep		M2	已移交微信材料；建议 M2 追加 immutable delta 并入来源登记
docs/knowledge-base/08_wechat_sources/shujuxiong/01_财务分析/20260718_2026年上半年财务分析报告.pptx/images/img012.jpg	keep		M2	已移交微信材料；建议 M2 追加 immutable delta 并入来源登记
docs/knowledge-base/08_wechat_sources/shujuxiong/01_财务分析/20260718_2026年上半年财务分析报告.pptx/images/img013.jpg	keep		M2	已移交微信材料；建议 M2 追加 immutable delta 并入来源登记
docs/knowledge-base/08_wechat_sources/shujuxiong/01_财务分析/20260718_2026年上半年财务分析报告.pptx/images/img014.jpg	keep		M2	已移交微信材料；建议 M2 追加 immutable delta 并入来源登记
docs/knowledge-base/08_wechat_sources/shujuxiong/01_财务分析/20260718_2026年上半年财务分析报告.pptx/images/img015.jpg	keep		M2	已移交微信材料；建议 M2 追加 immutable delta 并入来源登记
docs/knowledge-base/08_wechat_sources/shujuxiong/01_财务分析/20260718_2026年上半年财务分析报告.pptx/images/img016.jpg	keep		M2	已移交微信材料；建议 M2 追加 immutable delta 并入来源登记
docs/knowledge-base/08_wechat_sources/shujuxiong/01_财务分析/20260718_2026年上半年财务分析报告.pptx/images/img017.jpg	keep		M2	已移交微信材料；建议 M2 追加 immutable delta 并入来源登记
docs/knowledge-base/08_wechat_sources/shujuxiong/01_财务分析/20260718_2026年上半年财务分析报告.pptx/images/img018.jpg	keep		M2	已移交微信材料；建议 M2 追加 immutable delta 并入来源登记
docs/knowledge-base/08_wechat_sources/shujuxiong/01_财务分析/20260718_2026年上半年财务分析报告.pptx/images/img019.jpg	keep		M2	已移交微信材料；建议 M2 追加 immutable delta 并入来源登记
docs/knowledge-base/08_wechat_sources/shujuxiong/01_财务分析/20260718_2026年上半年财务分析报告.pptx/meta.json	keep		M2	已移交微信材料；建议 M2 追加 immutable delta 并入来源登记
docs/knowledge-base/08_wechat_sources/shujuxiong/01_财务分析/20260803_多年度财务分析模型.xlsx/article.md	keep		M2	已移交微信材料；建议 M2 追加 immutable delta 并入来源登记
docs/knowledge-base/08_wechat_sources/shujuxiong/01_财务分析/20260803_多年度财务分析模型.xlsx/images/cover.jpg	keep		M2	已移交微信材料；建议 M2 追加 immutable delta 并入来源登记
docs/knowledge-base/08_wechat_sources/shujuxiong/01_财务分析/20260803_多年度财务分析模型.xlsx/images/img001.jpg	keep		M2	已移交微信材料；建议 M2 追加 immutable delta 并入来源登记
docs/knowledge-base/08_wechat_sources/shujuxiong/01_财务分析/20260803_多年度财务分析模型.xlsx/images/img002.jpg	keep		M2	已移交微信材料；建议 M2 追加 immutable delta 并入来源登记
docs/knowledge-base/08_wechat_sources/shujuxiong/01_财务分析/20260803_多年度财务分析模型.xlsx/images/img003.jpg	keep		M2	已移交微信材料；建议 M2 追加 immutable delta 并入来源登记
docs/knowledge-base/08_wechat_sources/shujuxiong/01_财务分析/20260803_多年度财务分析模型.xlsx/images/img004.jpg	keep		M2	已移交微信材料；建议 M2 追加 immutable delta 并入来源登记
docs/knowledge-base/08_wechat_sources/shujuxiong/01_财务分析/20260803_多年度财务分析模型.xlsx/images/img005.jpg	keep		M2	已移交微信材料；建议 M2 追加 immutable delta 并入来源登记
docs/knowledge-base/08_wechat_sources/shujuxiong/01_财务分析/20260803_多年度财务分析模型.xlsx/images/img006.jpg	keep		M2	已移交微信材料；建议 M2 追加 immutable delta 并入来源登记
docs/knowledge-base/08_wechat_sources/shujuxiong/01_财务分析/20260803_多年度财务分析模型.xlsx/images/img007.jpg	keep		M2	已移交微信材料；建议 M2 追加 immutable delta 并入来源登记
docs/knowledge-base/08_wechat_sources/shujuxiong/01_财务分析/20260803_多年度财务分析模型.xlsx/images/img008.jpg	keep		M2	已移交微信材料；建议 M2 追加 immutable delta 并入来源登记
docs/knowledge-base/08_wechat_sources/shujuxiong/01_财务分析/20260803_多年度财务分析模型.xlsx/images/img009.jpg	keep		M2	已移交微信材料；建议 M2 追加 immutable delta 并入来源登记
docs/knowledge-base/08_wechat_sources/shujuxiong/01_财务分析/20260803_多年度财务分析模型.xlsx/images/img010.jpg	keep		M2	已移交微信材料；建议 M2 追加 immutable delta 并入来源登记
docs/knowledge-base/08_wechat_sources/shujuxiong/01_财务分析/20260803_多年度财务分析模型.xlsx/meta.json	keep		M2	已移交微信材料；建议 M2 追加 immutable delta 并入来源登记
docs/knowledge-base/08_wechat_sources/shujuxiong/01_财务分析/20260901_2026年8月财务分析报告_2/article.md	keep		M2	已移交微信材料；建议 M2 追加 immutable delta 并入来源登记
docs/knowledge-base/08_wechat_sources/shujuxiong/01_财务分析/20260901_2026年8月财务分析报告_2/images/cover.jpg	keep		M2	已移交微信材料；建议 M2 追加 immutable delta 并入来源登记
docs/knowledge-base/08_wechat_sources/shujuxiong/01_财务分析/20260901_2026年8月财务分析报告_2/images/img001.jpg	keep		M2	已移交微信材料；建议 M2 追加 immutable delta 并入来源登记
docs/knowledge-base/08_wechat_sources/shujuxiong/01_财务分析/20260901_2026年8月财务分析报告_2/images/img002.jpg	keep		M2	已移交微信材料；建议 M2 追加 immutable delta 并入来源登记
docs/knowledge-base/08_wechat_sources/shujuxiong/01_财务分析/20260901_2026年8月财务分析报告_2/images/img003.jpg	keep		M2	已移交微信材料；建议 M2 追加 immutable delta 并入来源登记
docs/knowledge-base/08_wechat_sources/shujuxiong/01_财务分析/20260901_2026年8月财务分析报告_2/images/img004.jpg	keep		M2	已移交微信材料；建议 M2 追加 immutable delta 并入来源登记
docs/knowledge-base/08_wechat_sources/shujuxiong/01_财务分析/20260901_2026年8月财务分析报告_2/images/img005.jpg	keep		M2	已移交微信材料；建议 M2 追加 immutable delta 并入来源登记
docs/knowledge-base/08_wechat_sources/shujuxiong/01_财务分析/20260901_2026年8月财务分析报告_2/images/img006.jpg	keep		M2	已移交微信材料；建议 M2 追加 immutable delta 并入来源登记
docs/knowledge-base/08_wechat_sources/shujuxiong/01_财务分析/20260901_2026年8月财务分析报告_2/images/img007.jpg	keep		M2	已移交微信材料；建议 M2 追加 immutable delta 并入来源登记
docs/knowledge-base/08_wechat_sources/shujuxiong/01_财务分析/20260901_2026年8月财务分析报告_2/images/img008.jpg	keep		M2	已移交微信材料；建议 M2 追加 immutable delta 并入来源登记
docs/knowledge-base/08_wechat_sources/shujuxiong/01_财务分析/20260901_2026年8月财务分析报告_2/images/img009.jpg	keep		M2	已移交微信材料；建议 M2 追加 immutable delta 并入来源登记
docs/knowledge-base/08_wechat_sources/shujuxiong/01_财务分析/20260901_2026年8月财务分析报告_2/images/img010.jpg	keep		M2	已移交微信材料；建议 M2 追加 immutable delta 并入来源登记
docs/knowledge-base/08_wechat_sources/shujuxiong/01_财务分析/20260901_2026年8月财务分析报告_2/images/img011.jpg	keep		M2	已移交微信材料；建议 M2 追加 immutable delta 并入来源登记
docs/knowledge-base/08_wechat_sources/shujuxiong/01_财务分析/20260901_2026年8月财务分析报告_2/images/img012.jpg	keep		M2	已移交微信材料；建议 M2 追加 immutable delta 并入来源登记
docs/knowledge-base/08_wechat_sources/shujuxiong/01_财务分析/20260901_2026年8月财务分析报告_2/images/img013.jpg	keep		M2	已移交微信材料；建议 M2 追加 immutable delta 并入来源登记
docs/knowledge-base/08_wechat_sources/shujuxiong/01_财务分析/20260901_2026年8月财务分析报告_2/images/img014.jpg	keep		M2	已移交微信材料；建议 M2 追加 immutable delta 并入来源登记
docs/knowledge-base/08_wechat_sources/shujuxiong/01_财务分析/20260901_2026年8月财务分析报告_2/images/img015.jpg	keep		M2	已移交微信材料；建议 M2 追加 immutable delta 并入来源登记
docs/knowledge-base/08_wechat_sources/shujuxiong/01_财务分析/20260901_2026年8月财务分析报告_2/images/img016.jpg	keep		M2	已移交微信材料；建议 M2 追加 immutable delta 并入来源登记
docs/knowledge-base/08_wechat_sources/shujuxiong/01_财务分析/20260901_2026年8月财务分析报告_2/images/img017.jpg	keep		M2	已移交微信材料；建议 M2 追加 immutable delta 并入来源登记
docs/knowledge-base/08_wechat_sources/shujuxiong/01_财务分析/20260901_2026年8月财务分析报告_2/images/img018.jpg	keep		M2	已移交微信材料；建议 M2 追加 immutable delta 并入来源登记
docs/knowledge-base/08_wechat_sources/shujuxiong/01_财务分析/20260901_2026年8月财务分析报告_2/images/img019.jpg	keep		M2	已移交微信材料；建议 M2 追加 immutable delta 并入来源登记
docs/knowledge-base/08_wechat_sources/shujuxiong/01_财务分析/20260901_2026年8月财务分析报告_2/meta.json	keep		M2	已移交微信材料；建议 M2 追加 immutable delta 并入来源登记
docs/knowledge-base/08_wechat_sources/shujuxiong/02_财务管理/20241102_财务管理的核心框架：通俗解读/article.md	keep		M2	已移交微信材料；建议 M2 追加 immutable delta 并入来源登记
docs/knowledge-base/08_wechat_sources/shujuxiong/02_财务管理/20241102_财务管理的核心框架：通俗解读/images/cover.jpg	keep		M2	已移交微信材料；建议 M2 追加 immutable delta 并入来源登记
docs/knowledge-base/08_wechat_sources/shujuxiong/02_财务管理/20241102_财务管理的核心框架：通俗解读/images/img001.gif	keep		M2	已移交微信材料；建议 M2 追加 immutable delta 并入来源登记
docs/knowledge-base/08_wechat_sources/shujuxiong/02_财务管理/20241102_财务管理的核心框架：通俗解读/images/img002.jpg	keep		M2	已移交微信材料；建议 M2 追加 immutable delta 并入来源登记
docs/knowledge-base/08_wechat_sources/shujuxiong/02_财务管理/20241102_财务管理的核心框架：通俗解读/images/img003.jpg	keep		M2	已移交微信材料；建议 M2 追加 immutable delta 并入来源登记
docs/knowledge-base/08_wechat_sources/shujuxiong/02_财务管理/20241102_财务管理的核心框架：通俗解读/images/img004.jpg	keep		M2	已移交微信材料；建议 M2 追加 immutable delta 并入来源登记
docs/knowledge-base/08_wechat_sources/shujuxiong/02_财务管理/20241102_财务管理的核心框架：通俗解读/images/img005.jpg	keep		M2	已移交微信材料；建议 M2 追加 immutable delta 并入来源登记
docs/knowledge-base/08_wechat_sources/shujuxiong/02_财务管理/20241102_财务管理的核心框架：通俗解读/images/img006.jpg	keep		M2	已移交微信材料；建议 M2 追加 immutable delta 并入来源登记
docs/knowledge-base/08_wechat_sources/shujuxiong/02_财务管理/20241102_财务管理的核心框架：通俗解读/images/img007.jpg	keep		M2	已移交微信材料；建议 M2 追加 immutable delta 并入来源登记
docs/knowledge-base/08_wechat_sources/shujuxiong/02_财务管理/20241102_财务管理的核心框架：通俗解读/images/img008.jpg	keep		M2	已移交微信材料；建议 M2 追加 immutable delta 并入来源登记
docs/knowledge-base/08_wechat_sources/shujuxiong/02_财务管理/20241102_财务管理的核心框架：通俗解读/images/img009.jpg	keep		M2	已移交微信材料；建议 M2 追加 immutable delta 并入来源登记
docs/knowledge-base/08_wechat_sources/shujuxiong/02_财务管理/20241102_财务管理的核心框架：通俗解读/meta.json	keep		M2	已移交微信材料；建议 M2 追加 immutable delta 并入来源登记
docs/knowledge-base/08_wechat_sources/shujuxiong/02_财务管理/20241103_全面预算管理的实质/article.md	keep		M2	已移交微信材料；建议 M2 追加 immutable delta 并入来源登记
docs/knowledge-base/08_wechat_sources/shujuxiong/02_财务管理/20241103_全面预算管理的实质/images/cover.jpg	keep		M2	已移交微信材料；建议 M2 追加 immutable delta 并入来源登记
docs/knowledge-base/08_wechat_sources/shujuxiong/02_财务管理/20241103_全面预算管理的实质/images/img001.gif	keep		M2	已移交微信材料；建议 M2 追加 immutable delta 并入来源登记
docs/knowledge-base/08_wechat_sources/shujuxiong/02_财务管理/20241103_全面预算管理的实质/images/img002.jpg	keep		M2	已移交微信材料；建议 M2 追加 immutable delta 并入来源登记
docs/knowledge-base/08_wechat_sources/shujuxiong/02_财务管理/20241103_全面预算管理的实质/images/img003.jpg	keep		M2	已移交微信材料；建议 M2 追加 immutable delta 并入来源登记
docs/knowledge-base/08_wechat_sources/shujuxiong/02_财务管理/20241103_全面预算管理的实质/images/img004.jpg	keep		M2	已移交微信材料；建议 M2 追加 immutable delta 并入来源登记
docs/knowledge-base/08_wechat_sources/shujuxiong/02_财务管理/20241103_全面预算管理的实质/images/img005.jpg	keep		M2	已移交微信材料；建议 M2 追加 immutable delta 并入来源登记
docs/knowledge-base/08_wechat_sources/shujuxiong/02_财务管理/20241103_全面预算管理的实质/images/img006.jpg	keep		M2	已移交微信材料；建议 M2 追加 immutable delta 并入来源登记
docs/knowledge-base/08_wechat_sources/shujuxiong/02_财务管理/20241103_全面预算管理的实质/images/img007.jpg	keep		M2	已移交微信材料；建议 M2 追加 immutable delta 并入来源登记
docs/knowledge-base/08_wechat_sources/shujuxiong/02_财务管理/20241103_全面预算管理的实质/images/img008.jpg	keep		M2	已移交微信材料；建议 M2 追加 immutable delta 并入来源登记
docs/knowledge-base/08_wechat_sources/shujuxiong/02_财务管理/20241103_全面预算管理的实质/images/img009.jpg	keep		M2	已移交微信材料；建议 M2 追加 immutable delta 并入来源登记
docs/knowledge-base/08_wechat_sources/shujuxiong/02_财务管理/20241103_全面预算管理的实质/images/img010.jpg	keep		M2	已移交微信材料；建议 M2 追加 immutable delta 并入来源登记
docs/knowledge-base/08_wechat_sources/shujuxiong/02_财务管理/20241103_全面预算管理的实质/meta.json	keep		M2	已移交微信材料；建议 M2 追加 immutable delta 并入来源登记
docs/knowledge-base/08_wechat_sources/shujuxiong/02_财务管理/20241104_制度和流程的区别：理清人和事，让管理更高效/article.md	keep		M2	已移交微信材料；建议 M2 追加 immutable delta 并入来源登记
docs/knowledge-base/08_wechat_sources/shujuxiong/02_财务管理/20241104_制度和流程的区别：理清人和事，让管理更高效/images/cover.jpg	keep		M2	已移交微信材料；建议 M2 追加 immutable delta 并入来源登记
docs/knowledge-base/08_wechat_sources/shujuxiong/02_财务管理/20241104_制度和流程的区别：理清人和事，让管理更高效/images/img001.gif	keep		M2	已移交微信材料；建议 M2 追加 immutable delta 并入来源登记
docs/knowledge-base/08_wechat_sources/shujuxiong/02_财务管理/20241104_制度和流程的区别：理清人和事，让管理更高效/images/img002.jpg	keep		M2	已移交微信材料；建议 M2 追加 immutable delta 并入来源登记
docs/knowledge-base/08_wechat_sources/shujuxiong/02_财务管理/20241104_制度和流程的区别：理清人和事，让管理更高效/images/img003.jpg	keep		M2	已移交微信材料；建议 M2 追加 immutable delta 并入来源登记
docs/knowledge-base/08_wechat_sources/shujuxiong/02_财务管理/20241104_制度和流程的区别：理清人和事，让管理更高效/images/img004.jpg	keep		M2	已移交微信材料；建议 M2 追加 immutable delta 并入来源登记
docs/knowledge-base/08_wechat_sources/shujuxiong/02_财务管理/20241104_制度和流程的区别：理清人和事，让管理更高效/meta.json	keep		M2	已移交微信材料；建议 M2 追加 immutable delta 并入来源登记
docs/knowledge-base/08_wechat_sources/shujuxiong/02_财务管理/20241106_经营指标体系的搭建技巧：让企业健康状况一目了然/article.md	keep		M2	已移交微信材料；建议 M2 追加 immutable delta 并入来源登记
docs/knowledge-base/08_wechat_sources/shujuxiong/02_财务管理/20241106_经营指标体系的搭建技巧：让企业健康状况一目了然/images/cover.jpg	keep		M2	已移交微信材料；建议 M2 追加 immutable delta 并入来源登记
docs/knowledge-base/08_wechat_sources/shujuxiong/02_财务管理/20241106_经营指标体系的搭建技巧：让企业健康状况一目了然/images/img001.gif	keep		M2	已移交微信材料；建议 M2 追加 immutable delta 并入来源登记
docs/knowledge-base/08_wechat_sources/shujuxiong/02_财务管理/20241106_经营指标体系的搭建技巧：让企业健康状况一目了然/images/img002.jpg	keep		M2	已移交微信材料；建议 M2 追加 immutable delta 并入来源登记
docs/knowledge-base/08_wechat_sources/shujuxiong/02_财务管理/20241106_经营指标体系的搭建技巧：让企业健康状况一目了然/images/img003.jpg	keep		M2	已移交微信材料；建议 M2 追加 immutable delta 并入来源登记
docs/knowledge-base/08_wechat_sources/shujuxiong/02_财务管理/20241106_经营指标体系的搭建技巧：让企业健康状况一目了然/images/img004.jpg	keep		M2	已移交微信材料；建议 M2 追加 immutable delta 并入来源登记
docs/knowledge-base/08_wechat_sources/shujuxiong/02_财务管理/20241106_经营指标体系的搭建技巧：让企业健康状况一目了然/images/img005.jpg	keep		M2	已移交微信材料；建议 M2 追加 immutable delta 并入来源登记
docs/knowledge-base/08_wechat_sources/shujuxiong/02_财务管理/20241106_经营指标体系的搭建技巧：让企业健康状况一目了然/meta.json	keep		M2	已移交微信材料；建议 M2 追加 immutable delta 并入来源登记
docs/knowledge-base/08_wechat_sources/shujuxiong/02_财务管理/20241118_这5个指标异常，企业离暴雷不远了/article.md	keep		M2	已移交微信材料；建议 M2 追加 immutable delta 并入来源登记
docs/knowledge-base/08_wechat_sources/shujuxiong/02_财务管理/20241118_这5个指标异常，企业离暴雷不远了/images/cover.jpg	keep		M2	已移交微信材料；建议 M2 追加 immutable delta 并入来源登记
docs/knowledge-base/08_wechat_sources/shujuxiong/02_财务管理/20241118_这5个指标异常，企业离暴雷不远了/images/img001.gif	keep		M2	已移交微信材料；建议 M2 追加 immutable delta 并入来源登记
docs/knowledge-base/08_wechat_sources/shujuxiong/02_财务管理/20241118_这5个指标异常，企业离暴雷不远了/images/img002.jpg	keep		M2	已移交微信材料；建议 M2 追加 immutable delta 并入来源登记
docs/knowledge-base/08_wechat_sources/shujuxiong/02_财务管理/20241118_这5个指标异常，企业离暴雷不远了/images/img003.jpg	keep		M2	已移交微信材料；建议 M2 追加 immutable delta 并入来源登记
docs/knowledge-base/08_wechat_sources/shujuxiong/02_财务管理/20241118_这5个指标异常，企业离暴雷不远了/images/img004.jpg	keep		M2	已移交微信材料；建议 M2 追加 immutable delta 并入来源登记
docs/knowledge-base/08_wechat_sources/shujuxiong/02_财务管理/20241118_这5个指标异常，企业离暴雷不远了/images/img005.jpg	keep		M2	已移交微信材料；建议 M2 追加 immutable delta 并入来源登记
docs/knowledge-base/08_wechat_sources/shujuxiong/02_财务管理/20241118_这5个指标异常，企业离暴雷不远了/images/img006.jpg	keep		M2	已移交微信材料；建议 M2 追加 immutable delta 并入来源登记
docs/knowledge-base/08_wechat_sources/shujuxiong/02_财务管理/20241118_这5个指标异常，企业离暴雷不远了/images/img007.jpg	keep		M2	已移交微信材料；建议 M2 追加 immutable delta 并入来源登记
docs/knowledge-base/08_wechat_sources/shujuxiong/02_财务管理/20241118_这5个指标异常，企业离暴雷不远了/meta.json	keep		M2	已移交微信材料；建议 M2 追加 immutable delta 并入来源登记
docs/knowledge-base/08_wechat_sources/shujuxiong/02_财务管理/20241222_财务总监2024年度工作总结及2025年工作计划（经典模板）/article.md	keep		M2	已移交微信材料；建议 M2 追加 immutable delta 并入来源登记
docs/knowledge-base/08_wechat_sources/shujuxiong/02_财务管理/20241222_财务总监2024年度工作总结及2025年工作计划（经典模板）/images/cover.jpg	keep		M2	已移交微信材料；建议 M2 追加 immutable delta 并入来源登记
docs/knowledge-base/08_wechat_sources/shujuxiong/02_财务管理/20241222_财务总监2024年度工作总结及2025年工作计划（经典模板）/images/img001.gif	keep		M2	已移交微信材料；建议 M2 追加 immutable delta 并入来源登记
docs/knowledge-base/08_wechat_sources/shujuxiong/02_财务管理/20241222_财务总监2024年度工作总结及2025年工作计划（经典模板）/images/img002.png	keep		M2	已移交微信材料；建议 M2 追加 immutable delta 并入来源登记
docs/knowledge-base/08_wechat_sources/shujuxiong/02_财务管理/20241222_财务总监2024年度工作总结及2025年工作计划（经典模板）/meta.json	keep		M2	已移交微信材料；建议 M2 追加 immutable delta 并入来源登记
docs/knowledge-base/08_wechat_sources/shujuxiong/02_财务管理/20241230_财务为企业创造价值的五种方式/article.md	keep		M2	已移交微信材料；建议 M2 追加 immutable delta 并入来源登记
docs/knowledge-base/08_wechat_sources/shujuxiong/02_财务管理/20241230_财务为企业创造价值的五种方式/images/cover.jpg	keep		M2	已移交微信材料；建议 M2 追加 immutable delta 并入来源登记
docs/knowledge-base/08_wechat_sources/shujuxiong/02_财务管理/20241230_财务为企业创造价值的五种方式/images/img001.gif	keep		M2	已移交微信材料；建议 M2 追加 immutable delta 并入来源登记
docs/knowledge-base/08_wechat_sources/shujuxiong/02_财务管理/20241230_财务为企业创造价值的五种方式/images/img002.jpg	keep		M2	已移交微信材料；建议 M2 追加 immutable delta 并入来源登记
docs/knowledge-base/08_wechat_sources/shujuxiong/02_财务管理/20241230_财务为企业创造价值的五种方式/meta.json	keep		M2	已移交微信材料；建议 M2 追加 immutable delta 并入来源登记
docs/knowledge-base/08_wechat_sources/shujuxiong/02_财务管理/20250108_财务部门的KPI该如何设定？/article.md	keep		M2	已移交微信材料；建议 M2 追加 immutable delta 并入来源登记
docs/knowledge-base/08_wechat_sources/shujuxiong/02_财务管理/20250108_财务部门的KPI该如何设定？/images/cover.jpg	keep		M2	已移交微信材料；建议 M2 追加 immutable delta 并入来源登记
docs/knowledge-base/08_wechat_sources/shujuxiong/02_财务管理/20250108_财务部门的KPI该如何设定？/images/img001.gif	keep		M2	已移交微信材料；建议 M2 追加 immutable delta 并入来源登记
docs/knowledge-base/08_wechat_sources/shujuxiong/02_财务管理/20250108_财务部门的KPI该如何设定？/images/img002.jpg	keep		M2	已移交微信材料；建议 M2 追加 immutable delta 并入来源登记
docs/knowledge-base/08_wechat_sources/shujuxiong/02_财务管理/20250108_财务部门的KPI该如何设定？/meta.json	keep		M2	已移交微信材料；建议 M2 追加 immutable delta 并入来源登记
docs/knowledge-base/08_wechat_sources/shujuxiong/02_财务管理/20250109_业务拼命卖，财务焦虑收：如何破解应收账款协同难题？/article.md	keep		M2	已移交微信材料；建议 M2 追加 immutable delta 并入来源登记
docs/knowledge-base/08_wechat_sources/shujuxiong/02_财务管理/20250109_业务拼命卖，财务焦虑收：如何破解应收账款协同难题？/images/cover.jpg	keep		M2	已移交微信材料；建议 M2 追加 immutable delta 并入来源登记
docs/knowledge-base/08_wechat_sources/shujuxiong/02_财务管理/20250109_业务拼命卖，财务焦虑收：如何破解应收账款协同难题？/images/img001.png	keep		M2	已移交微信材料；建议 M2 追加 immutable delta 并入来源登记
docs/knowledge-base/08_wechat_sources/shujuxiong/02_财务管理/20250109_业务拼命卖，财务焦虑收：如何破解应收账款协同难题？/meta.json	keep		M2	已移交微信材料；建议 M2 追加 immutable delta 并入来源登记
docs/knowledge-base/08_wechat_sources/shujuxiong/02_财务管理/20250110_毛利率分析的三个维度：行业、区域和产品/article.md	keep		M2	已移交微信材料；建议 M2 追加 immutable delta 并入来源登记
docs/knowledge-base/08_wechat_sources/shujuxiong/02_财务管理/20250110_毛利率分析的三个维度：行业、区域和产品/images/cover.jpg	keep		M2	已移交微信材料；建议 M2 追加 immutable delta 并入来源登记
docs/knowledge-base/08_wechat_sources/shujuxiong/02_财务管理/20250110_毛利率分析的三个维度：行业、区域和产品/images/img001.gif	keep		M2	已移交微信材料；建议 M2 追加 immutable delta 并入来源登记
docs/knowledge-base/08_wechat_sources/shujuxiong/02_财务管理/20250110_毛利率分析的三个维度：行业、区域和产品/images/img002.png	keep		M2	已移交微信材料；建议 M2 追加 immutable delta 并入来源登记
docs/knowledge-base/08_wechat_sources/shujuxiong/02_财务管理/20250110_毛利率分析的三个维度：行业、区域和产品/images/img003.png	keep		M2	已移交微信材料；建议 M2 追加 immutable delta 并入来源登记
docs/knowledge-base/08_wechat_sources/shujuxiong/02_财务管理/20250110_毛利率分析的三个维度：行业、区域和产品/meta.json	keep		M2	已移交微信材料；建议 M2 追加 immutable delta 并入来源登记
docs/knowledge-base/08_wechat_sources/shujuxiong/02_财务管理/20250112_应收账款管理，财务部门应该承担哪些责任？/article.md	keep		M2	已移交微信材料；建议 M2 追加 immutable delta 并入来源登记
docs/knowledge-base/08_wechat_sources/shujuxiong/02_财务管理/20250112_应收账款管理，财务部门应该承担哪些责任？/images/cover.jpg	keep		M2	已移交微信材料；建议 M2 追加 immutable delta 并入来源登记
docs/knowledge-base/08_wechat_sources/shujuxiong/02_财务管理/20250112_应收账款管理，财务部门应该承担哪些责任？/images/img001.gif	keep		M2	已移交微信材料；建议 M2 追加 immutable delta 并入来源登记
docs/knowledge-base/08_wechat_sources/shujuxiong/02_财务管理/20250112_应收账款管理，财务部门应该承担哪些责任？/images/img002.png	keep		M2	已移交微信材料；建议 M2 追加 immutable delta 并入来源登记
docs/knowledge-base/08_wechat_sources/shujuxiong/02_财务管理/20250112_应收账款管理，财务部门应该承担哪些责任？/images/img003.png	keep		M2	已移交微信材料；建议 M2 追加 immutable delta 并入来源登记
docs/knowledge-base/08_wechat_sources/shujuxiong/02_财务管理/20250112_应收账款管理，财务部门应该承担哪些责任？/meta.json	keep		M2	已移交微信材料；建议 M2 追加 immutable delta 并入来源登记
docs/knowledge-base/08_wechat_sources/shujuxiong/02_财务管理/20250112_财务部如何通过成本管理为企业创造价值？/article.md	keep		M2	已移交微信材料；建议 M2 追加 immutable delta 并入来源登记
docs/knowledge-base/08_wechat_sources/shujuxiong/02_财务管理/20250112_财务部如何通过成本管理为企业创造价值？/images/cover.jpg	keep		M2	已移交微信材料；建议 M2 追加 immutable delta 并入来源登记
docs/knowledge-base/08_wechat_sources/shujuxiong/02_财务管理/20250112_财务部如何通过成本管理为企业创造价值？/images/img001.gif	keep		M2	已移交微信材料；建议 M2 追加 immutable delta 并入来源登记
docs/knowledge-base/08_wechat_sources/shujuxiong/02_财务管理/20250112_财务部如何通过成本管理为企业创造价值？/images/img002.png	keep		M2	已移交微信材料；建议 M2 追加 immutable delta 并入来源登记
docs/knowledge-base/08_wechat_sources/shujuxiong/02_财务管理/20250112_财务部如何通过成本管理为企业创造价值？/images/img003.png	keep		M2	已移交微信材料；建议 M2 追加 immutable delta 并入来源登记
docs/knowledge-base/08_wechat_sources/shujuxiong/02_财务管理/20250112_财务部如何通过成本管理为企业创造价值？/meta.json	keep		M2	已移交微信材料；建议 M2 追加 immutable delta 并入来源登记
docs/knowledge-base/08_wechat_sources/shujuxiong/02_财务管理/20250113_管理费用管控，关键要做好这几点/article.md	keep		M2	已移交微信材料；建议 M2 追加 immutable delta 并入来源登记
docs/knowledge-base/08_wechat_sources/shujuxiong/02_财务管理/20250113_管理费用管控，关键要做好这几点/images/cover.jpg	keep		M2	已移交微信材料；建议 M2 追加 immutable delta 并入来源登记
docs/knowledge-base/08_wechat_sources/shujuxiong/02_财务管理/20250113_管理费用管控，关键要做好这几点/images/img001.gif	keep		M2	已移交微信材料；建议 M2 追加 immutable delta 并入来源登记
docs/knowledge-base/08_wechat_sources/shujuxiong/02_财务管理/20250113_管理费用管控，关键要做好这几点/images/img002.png	keep		M2	已移交微信材料；建议 M2 追加 immutable delta 并入来源登记
docs/knowledge-base/08_wechat_sources/shujuxiong/02_财务管理/20250113_管理费用管控，关键要做好这几点/images/img003.png	keep		M2	已移交微信材料；建议 M2 追加 immutable delta 并入来源登记
docs/knowledge-base/08_wechat_sources/shujuxiong/02_财务管理/20250113_管理费用管控，关键要做好这几点/images/img004.png	keep		M2	已移交微信材料；建议 M2 追加 immutable delta 并入来源登记
docs/knowledge-base/08_wechat_sources/shujuxiong/02_财务管理/20250113_管理费用管控，关键要做好这几点/images/img005.png	keep		M2	已移交微信材料；建议 M2 追加 immutable delta 并入来源登记
docs/knowledge-base/08_wechat_sources/shujuxiong/02_财务管理/20250113_管理费用管控，关键要做好这几点/meta.json	keep		M2	已移交微信材料；建议 M2 追加 immutable delta 并入来源登记
docs/knowledge-base/08_wechat_sources/shujuxiong/02_财务管理/20250114_财务分析报告，如何做到信雅达？/article.md	keep		M2	已移交微信材料；建议 M2 追加 immutable delta 并入来源登记
docs/knowledge-base/08_wechat_sources/shujuxiong/02_财务管理/20250114_财务分析报告，如何做到信雅达？/images/cover.jpg	keep		M2	已移交微信材料；建议 M2 追加 immutable delta 并入来源登记
docs/knowledge-base/08_wechat_sources/shujuxiong/02_财务管理/20250114_财务分析报告，如何做到信雅达？/images/img001.gif	keep		M2	已移交微信材料；建议 M2 追加 immutable delta 并入来源登记
docs/knowledge-base/08_wechat_sources/shujuxiong/02_财务管理/20250114_财务分析报告，如何做到信雅达？/images/img002.png	keep		M2	已移交微信材料；建议 M2 追加 immutable delta 并入来源登记
docs/knowledge-base/08_wechat_sources/shujuxiong/02_财务管理/20250114_财务分析报告，如何做到信雅达？/images/img003.png	keep		M2	已移交微信材料；建议 M2 追加 immutable delta 并入来源登记
docs/knowledge-base/08_wechat_sources/shujuxiong/02_财务管理/20250114_财务分析报告，如何做到信雅达？/images/img004.png	keep		M2	已移交微信材料；建议 M2 追加 immutable delta 并入来源登记
docs/knowledge-base/08_wechat_sources/shujuxiong/02_财务管理/20250114_财务分析报告，如何做到信雅达？/meta.json	keep		M2	已移交微信材料；建议 M2 追加 immutable delta 并入来源登记
docs/knowledge-base/08_wechat_sources/shujuxiong/02_财务管理/20250116_从业务预算到财务预算：详解全面预算编制流程（后附详细案例、预算PPT模板）/article.md	keep		M2	已移交微信材料；建议 M2 追加 immutable delta 并入来源登记
docs/knowledge-base/08_wechat_sources/shujuxiong/02_财务管理/20250116_从业务预算到财务预算：详解全面预算编制流程（后附详细案例、预算PPT模板）/images/cover.jpg	keep		M2	已移交微信材料；建议 M2 追加 immutable delta 并入来源登记
docs/knowledge-base/08_wechat_sources/shujuxiong/02_财务管理/20250116_从业务预算到财务预算：详解全面预算编制流程（后附详细案例、预算PPT模板）/images/img001.gif	keep		M2	已移交微信材料；建议 M2 追加 immutable delta 并入来源登记
docs/knowledge-base/08_wechat_sources/shujuxiong/02_财务管理/20250116_从业务预算到财务预算：详解全面预算编制流程（后附详细案例、预算PPT模板）/images/img002.png	keep		M2	已移交微信材料；建议 M2 追加 immutable delta 并入来源登记
docs/knowledge-base/08_wechat_sources/shujuxiong/02_财务管理/20250116_从业务预算到财务预算：详解全面预算编制流程（后附详细案例、预算PPT模板）/images/img003.png	keep		M2	已移交微信材料；建议 M2 追加 immutable delta 并入来源登记
docs/knowledge-base/08_wechat_sources/shujuxiong/02_财务管理/20250116_从业务预算到财务预算：详解全面预算编制流程（后附详细案例、预算PPT模板）/images/img004.png	keep		M2	已移交微信材料；建议 M2 追加 immutable delta 并入来源登记
docs/knowledge-base/08_wechat_sources/shujuxiong/02_财务管理/20250116_从业务预算到财务预算：详解全面预算编制流程（后附详细案例、预算PPT模板）/images/img005.png	keep		M2	已移交微信材料；建议 M2 追加 immutable delta 并入来源登记
docs/knowledge-base/08_wechat_sources/shujuxiong/02_财务管理/20250116_从业务预算到财务预算：详解全面预算编制流程（后附详细案例、预算PPT模板）/images/img006.png	keep		M2	已移交微信材料；建议 M2 追加 immutable delta 并入来源登记
docs/knowledge-base/08_wechat_sources/shujuxiong/02_财务管理/20250116_从业务预算到财务预算：详解全面预算编制流程（后附详细案例、预算PPT模板）/images/img007.png	keep		M2	已移交微信材料；建议 M2 追加 immutable delta 并入来源登记
docs/knowledge-base/08_wechat_sources/shujuxiong/02_财务管理/20250116_从业务预算到财务预算：详解全面预算编制流程（后附详细案例、预算PPT模板）/images/img008.png	keep		M2	已移交微信材料；建议 M2 追加 immutable delta 并入来源登记
docs/knowledge-base/08_wechat_sources/shujuxiong/02_财务管理/20250116_从业务预算到财务预算：详解全面预算编制流程（后附详细案例、预算PPT模板）/meta.json	keep		M2	已移交微信材料；建议 M2 追加 immutable delta 并入来源登记
docs/knowledge-base/08_wechat_sources/shujuxiong/02_财务管理/20250118_为什么优秀的财务总监一定是精通业务的？/article.md	keep		M2	已移交微信材料；建议 M2 追加 immutable delta 并入来源登记
docs/knowledge-base/08_wechat_sources/shujuxiong/02_财务管理/20250118_为什么优秀的财务总监一定是精通业务的？/images/cover.jpg	keep		M2	已移交微信材料；建议 M2 追加 immutable delta 并入来源登记
docs/knowledge-base/08_wechat_sources/shujuxiong/02_财务管理/20250118_为什么优秀的财务总监一定是精通业务的？/images/img001.gif	keep		M2	已移交微信材料；建议 M2 追加 immutable delta 并入来源登记
docs/knowledge-base/08_wechat_sources/shujuxiong/02_财务管理/20250118_为什么优秀的财务总监一定是精通业务的？/images/img002.png	keep		M2	已移交微信材料；建议 M2 追加 immutable delta 并入来源登记
docs/knowledge-base/08_wechat_sources/shujuxiong/02_财务管理/20250118_为什么优秀的财务总监一定是精通业务的？/images/img003.png	keep		M2	已移交微信材料；建议 M2 追加 immutable delta 并入来源登记
docs/knowledge-base/08_wechat_sources/shujuxiong/02_财务管理/20250118_为什么优秀的财务总监一定是精通业务的？/images/img004.png	keep		M2	已移交微信材料；建议 M2 追加 immutable delta 并入来源登记
docs/knowledge-base/08_wechat_sources/shujuxiong/02_财务管理/20250118_为什么优秀的财务总监一定是精通业务的？/images/img005.png	keep		M2	已移交微信材料；建议 M2 追加 immutable delta 并入来源登记
docs/knowledge-base/08_wechat_sources/shujuxiong/02_财务管理/20250118_为什么优秀的财务总监一定是精通业务的？/meta.json	keep		M2	已移交微信材料；建议 M2 追加 immutable delta 并入来源登记
docs/knowledge-base/08_wechat_sources/shujuxiong/02_财务管理/20250119_财务人员千万不要输在工作汇报上！（含精美PPT模板、数据图表）/article.md	keep		M2	已移交微信材料；建议 M2 追加 immutable delta 并入来源登记
docs/knowledge-base/08_wechat_sources/shujuxiong/02_财务管理/20250119_财务人员千万不要输在工作汇报上！（含精美PPT模板、数据图表）/images/cover.jpg	keep		M2	已移交微信材料；建议 M2 追加 immutable delta 并入来源登记
docs/knowledge-base/08_wechat_sources/shujuxiong/02_财务管理/20250119_财务人员千万不要输在工作汇报上！（含精美PPT模板、数据图表）/images/img001.gif	keep		M2	已移交微信材料；建议 M2 追加 immutable delta 并入来源登记
docs/knowledge-base/08_wechat_sources/shujuxiong/02_财务管理/20250119_财务人员千万不要输在工作汇报上！（含精美PPT模板、数据图表）/images/img002.jpg	keep		M2	已移交微信材料；建议 M2 追加 immutable delta 并入来源登记
docs/knowledge-base/08_wechat_sources/shujuxiong/02_财务管理/20250119_财务人员千万不要输在工作汇报上！（含精美PPT模板、数据图表）/images/img003.png	keep		M2	已移交微信材料；建议 M2 追加 immutable delta 并入来源登记
docs/knowledge-base/08_wechat_sources/shujuxiong/02_财务管理/20250119_财务人员千万不要输在工作汇报上！（含精美PPT模板、数据图表）/images/img004.png	keep		M2	已移交微信材料；建议 M2 追加 immutable delta 并入来源登记
docs/knowledge-base/08_wechat_sources/shujuxiong/02_财务管理/20250119_财务人员千万不要输在工作汇报上！（含精美PPT模板、数据图表）/images/img005.png	keep		M2	已移交微信材料；建议 M2 追加 immutable delta 并入来源登记
docs/knowledge-base/08_wechat_sources/shujuxiong/02_财务管理/20250119_财务人员千万不要输在工作汇报上！（含精美PPT模板、数据图表）/meta.json	keep		M2	已移交微信材料；建议 M2 追加 immutable delta 并入来源登记
docs/knowledge-base/08_wechat_sources/shujuxiong/02_财务管理/20250120_构建内部控制体系的几个常见误区/article.md	keep		M2	已移交微信材料；建议 M2 追加 immutable delta 并入来源登记
docs/knowledge-base/08_wechat_sources/shujuxiong/02_财务管理/20250120_构建内部控制体系的几个常见误区/images/cover.jpg	keep		M2	已移交微信材料；建议 M2 追加 immutable delta 并入来源登记
docs/knowledge-base/08_wechat_sources/shujuxiong/02_财务管理/20250120_构建内部控制体系的几个常见误区/images/img001.gif	keep		M2	已移交微信材料；建议 M2 追加 immutable delta 并入来源登记
docs/knowledge-base/08_wechat_sources/shujuxiong/02_财务管理/20250120_构建内部控制体系的几个常见误区/images/img002.png	keep		M2	已移交微信材料；建议 M2 追加 immutable delta 并入来源登记
docs/knowledge-base/08_wechat_sources/shujuxiong/02_财务管理/20250120_构建内部控制体系的几个常见误区/images/img003.png	keep		M2	已移交微信材料；建议 M2 追加 immutable delta 并入来源登记
docs/knowledge-base/08_wechat_sources/shujuxiong/02_财务管理/20250120_构建内部控制体系的几个常见误区/images/img004.png	keep		M2	已移交微信材料；建议 M2 追加 immutable delta 并入来源登记
docs/knowledge-base/08_wechat_sources/shujuxiong/02_财务管理/20250120_构建内部控制体系的几个常见误区/meta.json	keep		M2	已移交微信材料；建议 M2 追加 immutable delta 并入来源登记
docs/knowledge-base/08_wechat_sources/shujuxiong/02_财务管理/20250122_财务年终总结及工作计划（含可编辑PPT）/article.md	keep		M2	已移交微信材料；建议 M2 追加 immutable delta 并入来源登记
docs/knowledge-base/08_wechat_sources/shujuxiong/02_财务管理/20250122_财务年终总结及工作计划（含可编辑PPT）/images/cover.jpg	keep		M2	已移交微信材料；建议 M2 追加 immutable delta 并入来源登记
docs/knowledge-base/08_wechat_sources/shujuxiong/02_财务管理/20250122_财务年终总结及工作计划（含可编辑PPT）/images/img001.gif	keep		M2	已移交微信材料；建议 M2 追加 immutable delta 并入来源登记
docs/knowledge-base/08_wechat_sources/shujuxiong/02_财务管理/20250122_财务年终总结及工作计划（含可编辑PPT）/images/img002.png	keep		M2	已移交微信材料；建议 M2 追加 immutable delta 并入来源登记
docs/knowledge-base/08_wechat_sources/shujuxiong/02_财务管理/20250122_财务年终总结及工作计划（含可编辑PPT）/images/img003.png	keep		M2	已移交微信材料；建议 M2 追加 immutable delta 并入来源登记
docs/knowledge-base/08_wechat_sources/shujuxiong/02_财务管理/20250122_财务年终总结及工作计划（含可编辑PPT）/images/img004.png	keep		M2	已移交微信材料；建议 M2 追加 immutable delta 并入来源登记
docs/knowledge-base/08_wechat_sources/shujuxiong/02_财务管理/20250122_财务年终总结及工作计划（含可编辑PPT）/images/img005.png	keep		M2	已移交微信材料；建议 M2 追加 immutable delta 并入来源登记
docs/knowledge-base/08_wechat_sources/shujuxiong/02_财务管理/20250122_财务年终总结及工作计划（含可编辑PPT）/images/img006.png	keep		M2	已移交微信材料；建议 M2 追加 immutable delta 并入来源登记
docs/knowledge-base/08_wechat_sources/shujuxiong/02_财务管理/20250122_财务年终总结及工作计划（含可编辑PPT）/meta.json	keep		M2	已移交微信材料；建议 M2 追加 immutable delta 并入来源登记
docs/knowledge-base/08_wechat_sources/shujuxiong/02_财务管理/20250123_成本管控的底层逻辑——如何从“节流”到“创效”/article.md	keep		M2	已移交微信材料；建议 M2 追加 immutable delta 并入来源登记
docs/knowledge-base/08_wechat_sources/shujuxiong/02_财务管理/20250123_成本管控的底层逻辑——如何从“节流”到“创效”/images/cover.jpg	keep		M2	已移交微信材料；建议 M2 追加 immutable delta 并入来源登记
docs/knowledge-base/08_wechat_sources/shujuxiong/02_财务管理/20250123_成本管控的底层逻辑——如何从“节流”到“创效”/images/img001.gif	keep		M2	已移交微信材料；建议 M2 追加 immutable delta 并入来源登记
docs/knowledge-base/08_wechat_sources/shujuxiong/02_财务管理/20250123_成本管控的底层逻辑——如何从“节流”到“创效”/images/img002.png	keep		M2	已移交微信材料；建议 M2 追加 immutable delta 并入来源登记
docs/knowledge-base/08_wechat_sources/shujuxiong/02_财务管理/20250123_成本管控的底层逻辑——如何从“节流”到“创效”/images/img003.png	keep		M2	已移交微信材料；建议 M2 追加 immutable delta 并入来源登记
docs/knowledge-base/08_wechat_sources/shujuxiong/02_财务管理/20250123_成本管控的底层逻辑——如何从“节流”到“创效”/images/img004.png	keep		M2	已移交微信材料；建议 M2 追加 immutable delta 并入来源登记
docs/knowledge-base/08_wechat_sources/shujuxiong/02_财务管理/20250123_成本管控的底层逻辑——如何从“节流”到“创效”/images/img005.png	keep		M2	已移交微信材料；建议 M2 追加 immutable delta 并入来源登记
docs/knowledge-base/08_wechat_sources/shujuxiong/02_财务管理/20250123_成本管控的底层逻辑——如何从“节流”到“创效”/images/img006.png	keep		M2	已移交微信材料；建议 M2 追加 immutable delta 并入来源登记
docs/knowledge-base/08_wechat_sources/shujuxiong/02_财务管理/20250123_成本管控的底层逻辑——如何从“节流”到“创效”/images/img007.png	keep		M2	已移交微信材料；建议 M2 追加 immutable delta 并入来源登记
docs/knowledge-base/08_wechat_sources/shujuxiong/02_财务管理/20250123_成本管控的底层逻辑——如何从“节流”到“创效”/meta.json	keep		M2	已移交微信材料；建议 M2 追加 immutable delta 并入来源登记
docs/knowledge-base/08_wechat_sources/shujuxiong/02_财务管理/20250124_​成本核算如何影响公司战略/article.md	keep		M2	已移交微信材料；建议 M2 追加 immutable delta 并入来源登记
docs/knowledge-base/08_wechat_sources/shujuxiong/02_财务管理/20250124_​成本核算如何影响公司战略/images/cover.jpg	keep		M2	已移交微信材料；建议 M2 追加 immutable delta 并入来源登记
docs/knowledge-base/08_wechat_sources/shujuxiong/02_财务管理/20250124_​成本核算如何影响公司战略/images/img001.gif	keep		M2	已移交微信材料；建议 M2 追加 immutable delta 并入来源登记
docs/knowledge-base/08_wechat_sources/shujuxiong/02_财务管理/20250124_​成本核算如何影响公司战略/images/img002.png	keep		M2	已移交微信材料；建议 M2 追加 immutable delta 并入来源登记
docs/knowledge-base/08_wechat_sources/shujuxiong/02_财务管理/20250124_​成本核算如何影响公司战略/images/img003.png	keep		M2	已移交微信材料；建议 M2 追加 immutable delta 并入来源登记
docs/knowledge-base/08_wechat_sources/shujuxiong/02_财务管理/20250124_​成本核算如何影响公司战略/images/img004.png	keep		M2	已移交微信材料；建议 M2 追加 immutable delta 并入来源登记
docs/knowledge-base/08_wechat_sources/shujuxiong/02_财务管理/20250124_​成本核算如何影响公司战略/meta.json	keep		M2	已移交微信材料；建议 M2 追加 immutable delta 并入来源登记
docs/knowledge-base/08_wechat_sources/shujuxiong/02_财务管理/20250125_从财务分析到经营分析：财务人员应该实现的七项能力跃迁/article.md	keep		M2	已移交微信材料；建议 M2 追加 immutable delta 并入来源登记
docs/knowledge-base/08_wechat_sources/shujuxiong/02_财务管理/20250125_从财务分析到经营分析：财务人员应该实现的七项能力跃迁/images/cover.jpg	keep		M2	已移交微信材料；建议 M2 追加 immutable delta 并入来源登记
docs/knowledge-base/08_wechat_sources/shujuxiong/02_财务管理/20250125_从财务分析到经营分析：财务人员应该实现的七项能力跃迁/images/img001.gif	keep		M2	已移交微信材料；建议 M2 追加 immutable delta 并入来源登记
docs/knowledge-base/08_wechat_sources/shujuxiong/02_财务管理/20250125_从财务分析到经营分析：财务人员应该实现的七项能力跃迁/images/img002.jpg	keep		M2	已移交微信材料；建议 M2 追加 immutable delta 并入来源登记
docs/knowledge-base/08_wechat_sources/shujuxiong/02_财务管理/20250125_从财务分析到经营分析：财务人员应该实现的七项能力跃迁/images/img003.png	keep		M2	已移交微信材料；建议 M2 追加 immutable delta 并入来源登记
docs/knowledge-base/08_wechat_sources/shujuxiong/02_财务管理/20250125_从财务分析到经营分析：财务人员应该实现的七项能力跃迁/images/img004.png	keep		M2	已移交微信材料；建议 M2 追加 immutable delta 并入来源登记
docs/knowledge-base/08_wechat_sources/shujuxiong/02_财务管理/20250125_从财务分析到经营分析：财务人员应该实现的七项能力跃迁/meta.json	keep		M2	已移交微信材料；建议 M2 追加 immutable delta 并入来源登记
docs/knowledge-base/08_wechat_sources/shujuxiong/02_财务管理/20250315_华为招聘黑幕启示：人事舞弊迹象及财务应对措施建议/article.md	keep		M2	已移交微信材料；建议 M2 追加 immutable delta 并入来源登记
docs/knowledge-base/08_wechat_sources/shujuxiong/02_财务管理/20250315_华为招聘黑幕启示：人事舞弊迹象及财务应对措施建议/images/cover.jpg	keep		M2	已移交微信材料；建议 M2 追加 immutable delta 并入来源登记
docs/knowledge-base/08_wechat_sources/shujuxiong/02_财务管理/20250315_华为招聘黑幕启示：人事舞弊迹象及财务应对措施建议/images/img001.gif	keep		M2	已移交微信材料；建议 M2 追加 immutable delta 并入来源登记
docs/knowledge-base/08_wechat_sources/shujuxiong/02_财务管理/20250315_华为招聘黑幕启示：人事舞弊迹象及财务应对措施建议/meta.json	keep		M2	已移交微信材料；建议 M2 追加 immutable delta 并入来源登记
docs/knowledge-base/08_wechat_sources/shujuxiong/02_财务管理/20250321_预算的关键从来不是准不准确/article.md	keep		M2	已移交微信材料；建议 M2 追加 immutable delta 并入来源登记
docs/knowledge-base/08_wechat_sources/shujuxiong/02_财务管理/20250321_预算的关键从来不是准不准确/images/cover.jpg	keep		M2	已移交微信材料；建议 M2 追加 immutable delta 并入来源登记
docs/knowledge-base/08_wechat_sources/shujuxiong/02_财务管理/20250321_预算的关键从来不是准不准确/images/img001.gif	keep		M2	已移交微信材料；建议 M2 追加 immutable delta 并入来源登记
docs/knowledge-base/08_wechat_sources/shujuxiong/02_财务管理/20250321_预算的关键从来不是准不准确/meta.json	keep		M2	已移交微信材料；建议 M2 追加 immutable delta 并入来源登记
docs/knowledge-base/08_wechat_sources/shujuxiong/02_财务管理/20250322_全面成本控制的核心方法和环节/article.md	keep		M2	已移交微信材料；建议 M2 追加 immutable delta 并入来源登记
docs/knowledge-base/08_wechat_sources/shujuxiong/02_财务管理/20250322_全面成本控制的核心方法和环节/images/cover.jpg	keep		M2	已移交微信材料；建议 M2 追加 immutable delta 并入来源登记
docs/knowledge-base/08_wechat_sources/shujuxiong/02_财务管理/20250322_全面成本控制的核心方法和环节/images/img001.gif	keep		M2	已移交微信材料；建议 M2 追加 immutable delta 并入来源登记
docs/knowledge-base/08_wechat_sources/shujuxiong/02_财务管理/20250322_全面成本控制的核心方法和环节/meta.json	keep		M2	已移交微信材料；建议 M2 追加 immutable delta 并入来源登记
docs/knowledge-base/08_wechat_sources/shujuxiong/02_财务管理/20250323_降本增效，你缺的不是方法，而是科学的成本管控体系/article.md	keep		M2	已移交微信材料；建议 M2 追加 immutable delta 并入来源登记
docs/knowledge-base/08_wechat_sources/shujuxiong/02_财务管理/20250323_降本增效，你缺的不是方法，而是科学的成本管控体系/images/cover.jpg	keep		M2	已移交微信材料；建议 M2 追加 immutable delta 并入来源登记
docs/knowledge-base/08_wechat_sources/shujuxiong/02_财务管理/20250323_降本增效，你缺的不是方法，而是科学的成本管控体系/images/img001.gif	keep		M2	已移交微信材料；建议 M2 追加 immutable delta 并入来源登记
docs/knowledge-base/08_wechat_sources/shujuxiong/02_财务管理/20250323_降本增效，你缺的不是方法，而是科学的成本管控体系/meta.json	keep		M2	已移交微信材料；建议 M2 追加 immutable delta 并入来源登记
docs/knowledge-base/08_wechat_sources/shujuxiong/02_财务管理/20250324_产品成本是规划出来的/article.md	keep		M2	已移交微信材料；建议 M2 追加 immutable delta 并入来源登记
docs/knowledge-base/08_wechat_sources/shujuxiong/02_财务管理/20250324_产品成本是规划出来的/images/cover.jpg	keep		M2	已移交微信材料；建议 M2 追加 immutable delta 并入来源登记
docs/knowledge-base/08_wechat_sources/shujuxiong/02_财务管理/20250324_产品成本是规划出来的/images/img001.gif	keep		M2	已移交微信材料；建议 M2 追加 immutable delta 并入来源登记
docs/knowledge-base/08_wechat_sources/shujuxiong/02_财务管理/20250324_产品成本是规划出来的/meta.json	keep		M2	已移交微信材料；建议 M2 追加 immutable delta 并入来源登记
docs/knowledge-base/08_wechat_sources/shujuxiong/02_财务管理/20250325_美的集团的成本管控体系/article.md	keep		M2	已移交微信材料；建议 M2 追加 immutable delta 并入来源登记
docs/knowledge-base/08_wechat_sources/shujuxiong/02_财务管理/20250325_美的集团的成本管控体系/images/cover.jpg	keep		M2	已移交微信材料；建议 M2 追加 immutable delta 并入来源登记
docs/knowledge-base/08_wechat_sources/shujuxiong/02_财务管理/20250325_美的集团的成本管控体系/meta.json	keep		M2	已移交微信材料；建议 M2 追加 immutable delta 并入来源登记
docs/knowledge-base/08_wechat_sources/shujuxiong/02_财务管理/20250326_采购降本：末流企业靠压榨，一流企业靠共赢/article.md	keep		M2	已移交微信材料；建议 M2 追加 immutable delta 并入来源登记
docs/knowledge-base/08_wechat_sources/shujuxiong/02_财务管理/20250326_采购降本：末流企业靠压榨，一流企业靠共赢/images/cover.jpg	keep		M2	已移交微信材料；建议 M2 追加 immutable delta 并入来源登记
docs/knowledge-base/08_wechat_sources/shujuxiong/02_财务管理/20250326_采购降本：末流企业靠压榨，一流企业靠共赢/meta.json	keep		M2	已移交微信材料；建议 M2 追加 immutable delta 并入来源登记
docs/knowledge-base/08_wechat_sources/shujuxiong/02_财务管理/20250328_财务BP如何三段式讲透“降本增效”结构化汇报的秘诀/article.md	keep		M2	已移交微信材料；建议 M2 追加 immutable delta 并入来源登记
docs/knowledge-base/08_wechat_sources/shujuxiong/02_财务管理/20250328_财务BP如何三段式讲透“降本增效”结构化汇报的秘诀/images/cover.jpg	keep		M2	已移交微信材料；建议 M2 追加 immutable delta 并入来源登记
docs/knowledge-base/08_wechat_sources/shujuxiong/02_财务管理/20250328_财务BP如何三段式讲透“降本增效”结构化汇报的秘诀/meta.json	keep		M2	已移交微信材料；建议 M2 追加 immutable delta 并入来源登记
docs/knowledge-base/08_wechat_sources/shujuxiong/02_财务管理/20250404_财务审核合同的七个关键要点/article.md	keep		M2	已移交微信材料；建议 M2 追加 immutable delta 并入来源登记
docs/knowledge-base/08_wechat_sources/shujuxiong/02_财务管理/20250404_财务审核合同的七个关键要点/images/cover.jpg	keep		M2	已移交微信材料；建议 M2 追加 immutable delta 并入来源登记
docs/knowledge-base/08_wechat_sources/shujuxiong/02_财务管理/20250404_财务审核合同的七个关键要点/meta.json	keep		M2	已移交微信材料；建议 M2 追加 immutable delta 并入来源登记
docs/knowledge-base/08_wechat_sources/shujuxiong/02_财务管理/20250405_35岁还未当上领导的财务，需要着重提升这几项能力/article.md	keep		M2	已移交微信材料；建议 M2 追加 immutable delta 并入来源登记
docs/knowledge-base/08_wechat_sources/shujuxiong/02_财务管理/20250405_35岁还未当上领导的财务，需要着重提升这几项能力/images/cover.jpg	keep		M2	已移交微信材料；建议 M2 追加 immutable delta 并入来源登记
docs/knowledge-base/08_wechat_sources/shujuxiong/02_财务管理/20250405_35岁还未当上领导的财务，需要着重提升这几项能力/meta.json	keep		M2	已移交微信材料；建议 M2 追加 immutable delta 并入来源登记
docs/knowledge-base/08_wechat_sources/shujuxiong/02_财务管理/20250405_十种典型融资模式（附案例）/article.md	keep		M2	已移交微信材料；建议 M2 追加 immutable delta 并入来源登记
docs/knowledge-base/08_wechat_sources/shujuxiong/02_财务管理/20250405_十种典型融资模式（附案例）/images/cover.jpg	keep		M2	已移交微信材料；建议 M2 追加 immutable delta 并入来源登记
docs/knowledge-base/08_wechat_sources/shujuxiong/02_财务管理/20250405_十种典型融资模式（附案例）/meta.json	keep		M2	已移交微信材料；建议 M2 追加 immutable delta 并入来源登记
docs/knowledge-base/08_wechat_sources/shujuxiong/02_财务管理/20250406_高效工作汇报的黄金法则（附预算汇报PPT模板）/article.md	keep		M2	已移交微信材料；建议 M2 追加 immutable delta 并入来源登记
docs/knowledge-base/08_wechat_sources/shujuxiong/02_财务管理/20250406_高效工作汇报的黄金法则（附预算汇报PPT模板）/images/cover.jpg	keep		M2	已移交微信材料；建议 M2 追加 immutable delta 并入来源登记
docs/knowledge-base/08_wechat_sources/shujuxiong/02_财务管理/20250406_高效工作汇报的黄金法则（附预算汇报PPT模板）/meta.json	keep		M2	已移交微信材料；建议 M2 追加 immutable delta 并入来源登记
docs/knowledge-base/08_wechat_sources/shujuxiong/02_财务管理/20250407_经营分析会，财务的四争、四不争/article.md	keep		M2	已移交微信材料；建议 M2 追加 immutable delta 并入来源登记
docs/knowledge-base/08_wechat_sources/shujuxiong/02_财务管理/20250407_经营分析会，财务的四争、四不争/images/cover.jpg	keep		M2	已移交微信材料；建议 M2 追加 immutable delta 并入来源登记
docs/knowledge-base/08_wechat_sources/shujuxiong/02_财务管理/20250407_经营分析会，财务的四争、四不争/meta.json	keep		M2	已移交微信材料；建议 M2 追加 immutable delta 并入来源登记
docs/knowledge-base/08_wechat_sources/shujuxiong/02_财务管理/20250410_财务共享中心：建好了是效率，建不好就是累赘（附方案及案例）/article.md	keep		M2	已移交微信材料；建议 M2 追加 immutable delta 并入来源登记
docs/knowledge-base/08_wechat_sources/shujuxiong/02_财务管理/20250410_财务共享中心：建好了是效率，建不好就是累赘（附方案及案例）/images/cover.jpg	keep		M2	已移交微信材料；建议 M2 追加 immutable delta 并入来源登记
docs/knowledge-base/08_wechat_sources/shujuxiong/02_财务管理/20250410_财务共享中心：建好了是效率，建不好就是累赘（附方案及案例）/meta.json	keep		M2	已移交微信材料；建议 M2 追加 immutable delta 并入来源登记
docs/knowledge-base/08_wechat_sources/shujuxiong/02_财务管理/20250414_资产负债表，真的很简单！/article.md	keep		M2	已移交微信材料；建议 M2 追加 immutable delta 并入来源登记
docs/knowledge-base/08_wechat_sources/shujuxiong/02_财务管理/20250414_资产负债表，真的很简单！/images/cover.jpg	keep		M2	已移交微信材料；建议 M2 追加 immutable delta 并入来源登记
docs/knowledge-base/08_wechat_sources/shujuxiong/02_财务管理/20250414_资产负债表，真的很简单！/images/img001.png	keep		M2	已移交微信材料；建议 M2 追加 immutable delta 并入来源登记
docs/knowledge-base/08_wechat_sources/shujuxiong/02_财务管理/20250414_资产负债表，真的很简单！/meta.json	keep		M2	已移交微信材料；建议 M2 追加 immutable delta 并入来源登记
docs/knowledge-base/08_wechat_sources/shujuxiong/02_财务管理/20250415_公司估值：关键是逻辑而不是公式（附案例）/article.md	keep		M2	已移交微信材料；建议 M2 追加 immutable delta 并入来源登记
docs/knowledge-base/08_wechat_sources/shujuxiong/02_财务管理/20250415_公司估值：关键是逻辑而不是公式（附案例）/images/cover.jpg	keep		M2	已移交微信材料；建议 M2 追加 immutable delta 并入来源登记
docs/knowledge-base/08_wechat_sources/shujuxiong/02_财务管理/20250415_公司估值：关键是逻辑而不是公式（附案例）/meta.json	keep		M2	已移交微信材料；建议 M2 追加 immutable delta 并入来源登记
docs/knowledge-base/08_wechat_sources/shujuxiong/02_财务管理/20250420_投资测算：五个关键公式和三大底层逻辑（含案例）/article.md	keep		M2	已移交微信材料；建议 M2 追加 immutable delta 并入来源登记
docs/knowledge-base/08_wechat_sources/shujuxiong/02_财务管理/20250420_投资测算：五个关键公式和三大底层逻辑（含案例）/images/cover.jpg	keep		M2	已移交微信材料；建议 M2 追加 immutable delta 并入来源登记
docs/knowledge-base/08_wechat_sources/shujuxiong/02_财务管理/20250420_投资测算：五个关键公式和三大底层逻辑（含案例）/meta.json	keep		M2	已移交微信材料；建议 M2 追加 immutable delta 并入来源登记
docs/knowledge-base/08_wechat_sources/shujuxiong/02_财务管理/20250421_财务内控合规检查要点清单/article.md	keep		M2	已移交微信材料；建议 M2 追加 immutable delta 并入来源登记
docs/knowledge-base/08_wechat_sources/shujuxiong/02_财务管理/20250421_财务内控合规检查要点清单/images/cover.jpg	keep		M2	已移交微信材料；建议 M2 追加 immutable delta 并入来源登记
docs/knowledge-base/08_wechat_sources/shujuxiong/02_财务管理/20250421_财务内控合规检查要点清单/meta.json	keep		M2	已移交微信材料；建议 M2 追加 immutable delta 并入来源登记
docs/knowledge-base/08_wechat_sources/shujuxiong/02_财务管理/20250422_财务主要岗位职责清单/article.md	keep		M2	已移交微信材料；建议 M2 追加 immutable delta 并入来源登记
docs/knowledge-base/08_wechat_sources/shujuxiong/02_财务管理/20250422_财务主要岗位职责清单/images/cover.jpg	keep		M2	已移交微信材料；建议 M2 追加 immutable delta 并入来源登记
docs/knowledge-base/08_wechat_sources/shujuxiong/02_财务管理/20250422_财务主要岗位职责清单/meta.json	keep		M2	已移交微信材料；建议 M2 追加 immutable delta 并入来源登记
docs/knowledge-base/08_wechat_sources/shujuxiong/02_财务管理/20250422_这些财务行为，八项规定严格禁止/article.md	keep		M2	已移交微信材料；建议 M2 追加 immutable delta 并入来源登记
docs/knowledge-base/08_wechat_sources/shujuxiong/02_财务管理/20250422_这些财务行为，八项规定严格禁止/images/cover.jpg	keep		M2	已移交微信材料；建议 M2 追加 immutable delta 并入来源登记
docs/knowledge-base/08_wechat_sources/shujuxiong/02_财务管理/20250422_这些财务行为，八项规定严格禁止/meta.json	keep		M2	已移交微信材料；建议 M2 追加 immutable delta 并入来源登记
docs/knowledge-base/08_wechat_sources/shujuxiong/02_财务管理/20250423_八项规定80条&财务审核对照表.xlsx/article.md	keep		M2	已移交微信材料；建议 M2 追加 immutable delta 并入来源登记
docs/knowledge-base/08_wechat_sources/shujuxiong/02_财务管理/20250423_八项规定80条&财务审核对照表.xlsx/images/cover.jpg	keep		M2	已移交微信材料；建议 M2 追加 immutable delta 并入来源登记
docs/knowledge-base/08_wechat_sources/shujuxiong/02_财务管理/20250423_八项规定80条&财务审核对照表.xlsx/meta.json	keep		M2	已移交微信材料；建议 M2 追加 immutable delta 并入来源登记
docs/knowledge-base/08_wechat_sources/shujuxiong/02_财务管理/20250423_八项规定下，财务审核费用报销的“八步法”/article.md	keep		M2	已移交微信材料；建议 M2 追加 immutable delta 并入来源登记
docs/knowledge-base/08_wechat_sources/shujuxiong/02_财务管理/20250423_八项规定下，财务审核费用报销的“八步法”/images/cover.jpg	keep		M2	已移交微信材料；建议 M2 追加 immutable delta 并入来源登记
docs/knowledge-base/08_wechat_sources/shujuxiong/02_财务管理/20250423_八项规定下，财务审核费用报销的“八步法”/meta.json	keep		M2	已移交微信材料；建议 M2 追加 immutable delta 并入来源登记
docs/knowledge-base/08_wechat_sources/shujuxiong/02_财务管理/20250502_八项规定下，财务的7个底线思维（附自查清单）/article.md	keep		M2	已移交微信材料；建议 M2 追加 immutable delta 并入来源登记
docs/knowledge-base/08_wechat_sources/shujuxiong/02_财务管理/20250502_八项规定下，财务的7个底线思维（附自查清单）/images/cover.jpg	keep		M2	已移交微信材料；建议 M2 追加 immutable delta 并入来源登记
docs/knowledge-base/08_wechat_sources/shujuxiong/02_财务管理/20250502_八项规定下，财务的7个底线思维（附自查清单）/meta.json	keep		M2	已移交微信材料；建议 M2 追加 immutable delta 并入来源登记
docs/knowledge-base/08_wechat_sources/shujuxiong/02_财务管理/20250504_八项规定下，财务制度建设指南（附模板）/article.md	keep		M2	已移交微信材料；建议 M2 追加 immutable delta 并入来源登记
docs/knowledge-base/08_wechat_sources/shujuxiong/02_财务管理/20250504_八项规定下，财务制度建设指南（附模板）/images/cover.jpg	keep		M2	已移交微信材料；建议 M2 追加 immutable delta 并入来源登记
docs/knowledge-base/08_wechat_sources/shujuxiong/02_财务管理/20250504_八项规定下，财务制度建设指南（附模板）/meta.json	keep		M2	已移交微信材料；建议 M2 追加 immutable delta 并入来源登记
docs/knowledge-base/08_wechat_sources/shujuxiong/02_财务管理/20250508_八项规定下，业务招待费审核细则/article.md	keep		M2	已移交微信材料；建议 M2 追加 immutable delta 并入来源登记
docs/knowledge-base/08_wechat_sources/shujuxiong/02_财务管理/20250508_八项规定下，业务招待费审核细则/images/cover.jpg	keep		M2	已移交微信材料；建议 M2 追加 immutable delta 并入来源登记
docs/knowledge-base/08_wechat_sources/shujuxiong/02_财务管理/20250508_八项规定下，业务招待费审核细则/meta.json	keep		M2	已移交微信材料；建议 M2 追加 immutable delta 并入来源登记
docs/knowledge-base/08_wechat_sources/shujuxiong/02_财务管理/20250516_融资方案，这样设计更专业（附PPT模板）/article.md	keep		M2	已移交微信材料；建议 M2 追加 immutable delta 并入来源登记
docs/knowledge-base/08_wechat_sources/shujuxiong/02_财务管理/20250516_融资方案，这样设计更专业（附PPT模板）/images/cover.jpg	keep		M2	已移交微信材料；建议 M2 追加 immutable delta 并入来源登记
docs/knowledge-base/08_wechat_sources/shujuxiong/02_财务管理/20250516_融资方案，这样设计更专业（附PPT模板）/meta.json	keep		M2	已移交微信材料；建议 M2 追加 immutable delta 并入来源登记
docs/knowledge-base/08_wechat_sources/shujuxiong/02_财务管理/20250517_八项规定，这7类票据明令禁止/article.md	keep		M2	已移交微信材料；建议 M2 追加 immutable delta 并入来源登记
docs/knowledge-base/08_wechat_sources/shujuxiong/02_财务管理/20250517_八项规定，这7类票据明令禁止/images/cover.jpg	keep		M2	已移交微信材料；建议 M2 追加 immutable delta 并入来源登记
docs/knowledge-base/08_wechat_sources/shujuxiong/02_财务管理/20250517_八项规定，这7类票据明令禁止/meta.json	keep		M2	已移交微信材料；建议 M2 追加 immutable delta 并入来源登记
docs/knowledge-base/08_wechat_sources/shujuxiong/02_财务管理/20250519_财务管控的底层逻辑：五流合一/article.md	keep		M2	已移交微信材料；建议 M2 追加 immutable delta 并入来源登记
docs/knowledge-base/08_wechat_sources/shujuxiong/02_财务管理/20250519_财务管控的底层逻辑：五流合一/images/cover.jpg	keep		M2	已移交微信材料；建议 M2 追加 immutable delta 并入来源登记
docs/knowledge-base/08_wechat_sources/shujuxiong/02_财务管理/20250519_财务管控的底层逻辑：五流合一/images/img001.png	keep		M2	已移交微信材料；建议 M2 追加 immutable delta 并入来源登记
docs/knowledge-base/08_wechat_sources/shujuxiong/02_财务管理/20250519_财务管控的底层逻辑：五流合一/meta.json	keep		M2	已移交微信材料；建议 M2 追加 immutable delta 并入来源登记
docs/knowledge-base/08_wechat_sources/shujuxiong/02_财务管理/20250525_国企十五五规划，财务部分写作思路（附模板）/article.md	keep		M2	已移交微信材料；建议 M2 追加 immutable delta 并入来源登记
docs/knowledge-base/08_wechat_sources/shujuxiong/02_财务管理/20250525_国企十五五规划，财务部分写作思路（附模板）/images/cover.jpg	keep		M2	已移交微信材料；建议 M2 追加 immutable delta 并入来源登记
docs/knowledge-base/08_wechat_sources/shujuxiong/02_财务管理/20250525_国企十五五规划，财务部分写作思路（附模板）/meta.json	keep		M2	已移交微信材料；建议 M2 追加 immutable delta 并入来源登记
docs/knowledge-base/08_wechat_sources/shujuxiong/02_财务管理/20250530_八项规定下，财务自保五字诀/article.md	keep		M2	已移交微信材料；建议 M2 追加 immutable delta 并入来源登记
docs/knowledge-base/08_wechat_sources/shujuxiong/02_财务管理/20250530_八项规定下，财务自保五字诀/images/cover.jpg	keep		M2	已移交微信材料；建议 M2 追加 immutable delta 并入来源登记
docs/knowledge-base/08_wechat_sources/shujuxiong/02_财务管理/20250530_八项规定下，财务自保五字诀/meta.json	keep		M2	已移交微信材料；建议 M2 追加 immutable delta 并入来源登记
docs/knowledge-base/08_wechat_sources/shujuxiong/02_财务管理/20250531_应收账款管控模型：关键指标与核心思路/article.md	keep		M2	已移交微信材料；建议 M2 追加 immutable delta 并入来源登记
docs/knowledge-base/08_wechat_sources/shujuxiong/02_财务管理/20250531_应收账款管控模型：关键指标与核心思路/images/cover.jpg	keep		M2	已移交微信材料；建议 M2 追加 immutable delta 并入来源登记
docs/knowledge-base/08_wechat_sources/shujuxiong/02_财务管理/20250531_应收账款管控模型：关键指标与核心思路/meta.json	keep		M2	已移交微信材料；建议 M2 追加 immutable delta 并入来源登记
docs/knowledge-base/08_wechat_sources/shujuxiong/02_财务管理/20250531_财务管理的核心逻辑：杜邦分析模型深度解析/article.md	keep		M2	已移交微信材料；建议 M2 追加 immutable delta 并入来源登记
docs/knowledge-base/08_wechat_sources/shujuxiong/02_财务管理/20250531_财务管理的核心逻辑：杜邦分析模型深度解析/images/cover.jpg	keep		M2	已移交微信材料；建议 M2 追加 immutable delta 并入来源登记
docs/knowledge-base/08_wechat_sources/shujuxiong/02_财务管理/20250531_财务管理的核心逻辑：杜邦分析模型深度解析/meta.json	keep		M2	已移交微信材料；建议 M2 追加 immutable delta 并入来源登记
docs/knowledge-base/08_wechat_sources/shujuxiong/02_财务管理/20250601_国有企业“十五五”规划编制指南（附完整案例）/article.md	keep		M2	已移交微信材料；建议 M2 追加 immutable delta 并入来源登记
docs/knowledge-base/08_wechat_sources/shujuxiong/02_财务管理/20250601_国有企业“十五五”规划编制指南（附完整案例）/images/cover.jpg	keep		M2	已移交微信材料；建议 M2 追加 immutable delta 并入来源登记
docs/knowledge-base/08_wechat_sources/shujuxiong/02_财务管理/20250601_国有企业“十五五”规划编制指南（附完整案例）/meta.json	keep		M2	已移交微信材料；建议 M2 追加 immutable delta 并入来源登记
docs/knowledge-base/08_wechat_sources/shujuxiong/02_财务管理/20250601_财务共享，到底在共享什么？/article.md	keep		M2	已移交微信材料；建议 M2 追加 immutable delta 并入来源登记
docs/knowledge-base/08_wechat_sources/shujuxiong/02_财务管理/20250601_财务共享，到底在共享什么？/images/cover.jpg	keep		M2	已移交微信材料；建议 M2 追加 immutable delta 并入来源登记
docs/knowledge-base/08_wechat_sources/shujuxiong/02_财务管理/20250601_财务共享，到底在共享什么？/meta.json	keep		M2	已移交微信材料；建议 M2 追加 immutable delta 并入来源登记
docs/knowledge-base/08_wechat_sources/shujuxiong/02_财务管理/20250609_财务成长，需要突破四个边界/article.md	keep		M2	已移交微信材料；建议 M2 追加 immutable delta 并入来源登记
docs/knowledge-base/08_wechat_sources/shujuxiong/02_财务管理/20250609_财务成长，需要突破四个边界/images/cover.jpg	keep		M2	已移交微信材料；建议 M2 追加 immutable delta 并入来源登记
docs/knowledge-base/08_wechat_sources/shujuxiong/02_财务管理/20250609_财务成长，需要突破四个边界/meta.json	keep		M2	已移交微信材料；建议 M2 追加 immutable delta 并入来源登记
docs/knowledge-base/08_wechat_sources/shujuxiong/02_财务管理/20250612_做好资金管理，先用对模型：五大经典模型对比分析/article.md	keep		M2	已移交微信材料；建议 M2 追加 immutable delta 并入来源登记
docs/knowledge-base/08_wechat_sources/shujuxiong/02_财务管理/20250612_做好资金管理，先用对模型：五大经典模型对比分析/images/cover.jpg	keep		M2	已移交微信材料；建议 M2 追加 immutable delta 并入来源登记
docs/knowledge-base/08_wechat_sources/shujuxiong/02_财务管理/20250612_做好资金管理，先用对模型：五大经典模型对比分析/meta.json	keep		M2	已移交微信材料；建议 M2 追加 immutable delta 并入来源登记
docs/knowledge-base/08_wechat_sources/shujuxiong/02_财务管理/20250613_从泡泡玛特看产品定价：商业逻辑与启示/article.md	keep		M2	已移交微信材料；建议 M2 追加 immutable delta 并入来源登记
docs/knowledge-base/08_wechat_sources/shujuxiong/02_财务管理/20250613_从泡泡玛特看产品定价：商业逻辑与启示/images/cover.jpg	keep		M2	已移交微信材料；建议 M2 追加 immutable delta 并入来源登记
docs/knowledge-base/08_wechat_sources/shujuxiong/02_财务管理/20250613_从泡泡玛特看产品定价：商业逻辑与启示/meta.json	keep		M2	已移交微信材料；建议 M2 追加 immutable delta 并入来源登记
docs/knowledge-base/08_wechat_sources/shujuxiong/02_财务管理/20250615_国有企业如何做好“十五五”规划（附1.6万字模板）/article.md	keep		M2	已移交微信材料；建议 M2 追加 immutable delta 并入来源登记
docs/knowledge-base/08_wechat_sources/shujuxiong/02_财务管理/20250615_国有企业如何做好“十五五”规划（附1.6万字模板）/images/cover.jpg	keep		M2	已移交微信材料；建议 M2 追加 immutable delta 并入来源登记
docs/knowledge-base/08_wechat_sources/shujuxiong/02_财务管理/20250615_国有企业如何做好“十五五”规划（附1.6万字模板）/meta.json	keep		M2	已移交微信材料；建议 M2 追加 immutable delta 并入来源登记
docs/knowledge-base/08_wechat_sources/shujuxiong/02_财务管理/20250617_财务各岗位主要工作流程（附详细清单）/article.md	keep		M2	已移交微信材料；建议 M2 追加 immutable delta 并入来源登记
docs/knowledge-base/08_wechat_sources/shujuxiong/02_财务管理/20250617_财务各岗位主要工作流程（附详细清单）/images/cover.jpg	keep		M2	已移交微信材料；建议 M2 追加 immutable delta 并入来源登记
docs/knowledge-base/08_wechat_sources/shujuxiong/02_财务管理/20250617_财务各岗位主要工作流程（附详细清单）/meta.json	keep		M2	已移交微信材料；建议 M2 追加 immutable delta 并入来源登记
docs/knowledge-base/08_wechat_sources/shujuxiong/02_财务管理/20250617_财务岗位-日常任务工作流程清单.xlsx/article.md	keep		M2	已移交微信材料；建议 M2 追加 immutable delta 并入来源登记
docs/knowledge-base/08_wechat_sources/shujuxiong/02_财务管理/20250617_财务岗位-日常任务工作流程清单.xlsx/images/cover.jpg	keep		M2	已移交微信材料；建议 M2 追加 immutable delta 并入来源登记
docs/knowledge-base/08_wechat_sources/shujuxiong/02_财务管理/20250617_财务岗位-日常任务工作流程清单.xlsx/meta.json	keep		M2	已移交微信材料；建议 M2 追加 immutable delta 并入来源登记
docs/knowledge-base/08_wechat_sources/shujuxiong/02_财务管理/20250618_费用报销审批流程及附件清单/article.md	keep		M2	已移交微信材料；建议 M2 追加 immutable delta 并入来源登记
docs/knowledge-base/08_wechat_sources/shujuxiong/02_财务管理/20250618_费用报销审批流程及附件清单/images/cover.jpg	keep		M2	已移交微信材料；建议 M2 追加 immutable delta 并入来源登记
docs/knowledge-base/08_wechat_sources/shujuxiong/02_财务管理/20250618_费用报销审批流程及附件清单/meta.json	keep		M2	已移交微信材料；建议 M2 追加 immutable delta 并入来源登记
docs/knowledge-base/08_wechat_sources/shujuxiong/02_财务管理/20250619_权责清单：董事长、总经理、财务总监如何分工？/article.md	keep		M2	已移交微信材料；建议 M2 追加 immutable delta 并入来源登记
docs/knowledge-base/08_wechat_sources/shujuxiong/02_财务管理/20250619_权责清单：董事长、总经理、财务总监如何分工？/images/cover.jpg	keep		M2	已移交微信材料；建议 M2 追加 immutable delta 并入来源登记
docs/knowledge-base/08_wechat_sources/shujuxiong/02_财务管理/20250619_权责清单：董事长、总经理、财务总监如何分工？/meta.json	keep		M2	已移交微信材料；建议 M2 追加 immutable delta 并入来源登记
docs/knowledge-base/08_wechat_sources/shujuxiong/02_财务管理/20250623_如何通俗的看懂财务三大报表？/article.md	keep		M2	已移交微信材料；建议 M2 追加 immutable delta 并入来源登记
docs/knowledge-base/08_wechat_sources/shujuxiong/02_财务管理/20250623_如何通俗的看懂财务三大报表？/images/cover.jpg	keep		M2	已移交微信材料；建议 M2 追加 immutable delta 并入来源登记
docs/knowledge-base/08_wechat_sources/shujuxiong/02_财务管理/20250623_如何通俗的看懂财务三大报表？/images/img001.png	keep		M2	已移交微信材料；建议 M2 追加 immutable delta 并入来源登记
docs/knowledge-base/08_wechat_sources/shujuxiong/02_财务管理/20250623_如何通俗的看懂财务三大报表？/images/img002.gif	keep		M2	已移交微信材料；建议 M2 追加 immutable delta 并入来源登记
docs/knowledge-base/08_wechat_sources/shujuxiong/02_财务管理/20250623_如何通俗的看懂财务三大报表？/meta.json	keep		M2	已移交微信材料；建议 M2 追加 immutable delta 并入来源登记
docs/knowledge-base/08_wechat_sources/shujuxiong/02_财务管理/20250629_新会计法下，财务人员一定要坚守底线/article.md	keep		M2	已移交微信材料；建议 M2 追加 immutable delta 并入来源登记
docs/knowledge-base/08_wechat_sources/shujuxiong/02_财务管理/20250629_新会计法下，财务人员一定要坚守底线/images/cover.jpg	keep		M2	已移交微信材料；建议 M2 追加 immutable delta 并入来源登记
docs/knowledge-base/08_wechat_sources/shujuxiong/02_财务管理/20250629_新会计法下，财务人员一定要坚守底线/images/img001.png	keep		M2	已移交微信材料；建议 M2 追加 immutable delta 并入来源登记
docs/knowledge-base/08_wechat_sources/shujuxiong/02_财务管理/20250629_新会计法下，财务人员一定要坚守底线/meta.json	keep		M2	已移交微信材料；建议 M2 追加 immutable delta 并入来源登记
docs/knowledge-base/08_wechat_sources/shujuxiong/02_财务管理/20250701_上半年财务工作总结模板（附PPT模板）/article.md	keep		M2	已移交微信材料；建议 M2 追加 immutable delta 并入来源登记
docs/knowledge-base/08_wechat_sources/shujuxiong/02_财务管理/20250701_上半年财务工作总结模板（附PPT模板）/images/cover.jpg	keep		M2	已移交微信材料；建议 M2 追加 immutable delta 并入来源登记
docs/knowledge-base/08_wechat_sources/shujuxiong/02_财务管理/20250701_上半年财务工作总结模板（附PPT模板）/meta.json	keep		M2	已移交微信材料；建议 M2 追加 immutable delta 并入来源登记
docs/knowledge-base/08_wechat_sources/shujuxiong/02_财务管理/20250709_资金预测：核心流程与常见方法（附Excel模型）/article.md	keep		M2	已移交微信材料；建议 M2 追加 immutable delta 并入来源登记
docs/knowledge-base/08_wechat_sources/shujuxiong/02_财务管理/20250709_资金预测：核心流程与常见方法（附Excel模型）/images/cover.jpg	keep		M2	已移交微信材料；建议 M2 追加 immutable delta 并入来源登记
docs/knowledge-base/08_wechat_sources/shujuxiong/02_财务管理/20250709_资金预测：核心流程与常见方法（附Excel模型）/images/img001.png	keep		M2	已移交微信材料；建议 M2 追加 immutable delta 并入来源登记
docs/knowledge-base/08_wechat_sources/shujuxiong/02_财务管理/20250709_资金预测：核心流程与常见方法（附Excel模型）/meta.json	keep		M2	已移交微信材料；建议 M2 追加 immutable delta 并入来源登记
docs/knowledge-base/08_wechat_sources/shujuxiong/02_财务管理/20250713_利润黑洞：应收账款和存货的主要风险点与控制措施/article.md	keep		M2	已移交微信材料；建议 M2 追加 immutable delta 并入来源登记
docs/knowledge-base/08_wechat_sources/shujuxiong/02_财务管理/20250713_利润黑洞：应收账款和存货的主要风险点与控制措施/images/cover.jpg	keep		M2	已移交微信材料；建议 M2 追加 immutable delta 并入来源登记
docs/knowledge-base/08_wechat_sources/shujuxiong/02_财务管理/20250713_利润黑洞：应收账款和存货的主要风险点与控制措施/images/img001.png	keep		M2	已移交微信材料；建议 M2 追加 immutable delta 并入来源登记
docs/knowledge-base/08_wechat_sources/shujuxiong/02_财务管理/20250713_利润黑洞：应收账款和存货的主要风险点与控制措施/meta.json	keep		M2	已移交微信材料；建议 M2 追加 immutable delta 并入来源登记
docs/knowledge-base/08_wechat_sources/shujuxiong/02_财务管理/20250717_应收账款：六大风险点与对策/article.md	keep		M2	已移交微信材料；建议 M2 追加 immutable delta 并入来源登记
docs/knowledge-base/08_wechat_sources/shujuxiong/02_财务管理/20250717_应收账款：六大风险点与对策/images/cover.jpg	keep		M2	已移交微信材料；建议 M2 追加 immutable delta 并入来源登记
docs/knowledge-base/08_wechat_sources/shujuxiong/02_财务管理/20250717_应收账款：六大风险点与对策/meta.json	keep		M2	已移交微信材料；建议 M2 追加 immutable delta 并入来源登记
docs/knowledge-base/08_wechat_sources/shujuxiong/02_财务管理/20250720_库存管理，结构才是问题所在/article.md	keep		M2	已移交微信材料；建议 M2 追加 immutable delta 并入来源登记
docs/knowledge-base/08_wechat_sources/shujuxiong/02_财务管理/20250720_库存管理，结构才是问题所在/images/cover.jpg	keep		M2	已移交微信材料；建议 M2 追加 immutable delta 并入来源登记
docs/knowledge-base/08_wechat_sources/shujuxiong/02_财务管理/20250720_库存管理，结构才是问题所在/images/img001.png	keep		M2	已移交微信材料；建议 M2 追加 immutable delta 并入来源登记
docs/knowledge-base/08_wechat_sources/shujuxiong/02_财务管理/20250720_库存管理，结构才是问题所在/meta.json	keep		M2	已移交微信材料；建议 M2 追加 immutable delta 并入来源登记
docs/knowledge-base/08_wechat_sources/shujuxiong/02_财务管理/20250811_存量思维VS增量思维：财务高手是如何为企业创造价值的/article.md	keep		M2	已移交微信材料；建议 M2 追加 immutable delta 并入来源登记
docs/knowledge-base/08_wechat_sources/shujuxiong/02_财务管理/20250811_存量思维VS增量思维：财务高手是如何为企业创造价值的/images/cover.jpg	keep		M2	已移交微信材料；建议 M2 追加 immutable delta 并入来源登记
docs/knowledge-base/08_wechat_sources/shujuxiong/02_财务管理/20250811_存量思维VS增量思维：财务高手是如何为企业创造价值的/meta.json	keep		M2	已移交微信材料；建议 M2 追加 immutable delta 并入来源登记
docs/knowledge-base/08_wechat_sources/shujuxiong/02_财务管理/20251005_财务审核合同的关键要点清单/article.md	keep		M2	已移交微信材料；建议 M2 追加 immutable delta 并入来源登记
docs/knowledge-base/08_wechat_sources/shujuxiong/02_财务管理/20251005_财务审核合同的关键要点清单/images/cover.jpg	keep		M2	已移交微信材料；建议 M2 追加 immutable delta 并入来源登记
docs/knowledge-base/08_wechat_sources/shujuxiong/02_财务管理/20251005_财务审核合同的关键要点清单/images/img001.jpg	keep		M2	已移交微信材料；建议 M2 追加 immutable delta 并入来源登记
docs/knowledge-base/08_wechat_sources/shujuxiong/02_财务管理/20251005_财务审核合同的关键要点清单/images/img002.png	keep		M2	已移交微信材料；建议 M2 追加 immutable delta 并入来源登记
docs/knowledge-base/08_wechat_sources/shujuxiong/02_财务管理/20251005_财务审核合同的关键要点清单/meta.json	keep		M2	已移交微信材料；建议 M2 追加 immutable delta 并入来源登记
docs/knowledge-base/08_wechat_sources/shujuxiong/02_财务管理/20251006_沉没成本，不能参与重大决策！/article.md	keep		M2	已移交微信材料；建议 M2 追加 immutable delta 并入来源登记
docs/knowledge-base/08_wechat_sources/shujuxiong/02_财务管理/20251006_沉没成本，不能参与重大决策！/images/cover.jpg	keep		M2	已移交微信材料；建议 M2 追加 immutable delta 并入来源登记
docs/knowledge-base/08_wechat_sources/shujuxiong/02_财务管理/20251006_沉没成本，不能参与重大决策！/images/img001.png	keep		M2	已移交微信材料；建议 M2 追加 immutable delta 并入来源登记
docs/knowledge-base/08_wechat_sources/shujuxiong/02_财务管理/20251006_沉没成本，不能参与重大决策！/images/img002.png	keep		M2	已移交微信材料；建议 M2 追加 immutable delta 并入来源登记
docs/knowledge-base/08_wechat_sources/shujuxiong/02_财务管理/20251006_沉没成本，不能参与重大决策！/meta.json	keep		M2	已移交微信材料；建议 M2 追加 immutable delta 并入来源登记
docs/knowledge-base/08_wechat_sources/shujuxiong/02_财务管理/20251020_预算的关键从来不是准不准确/article.md	keep		M2	已移交微信材料；建议 M2 追加 immutable delta 并入来源登记
docs/knowledge-base/08_wechat_sources/shujuxiong/02_财务管理/20251020_预算的关键从来不是准不准确/images/cover.jpg	keep		M2	已移交微信材料；建议 M2 追加 immutable delta 并入来源登记
docs/knowledge-base/08_wechat_sources/shujuxiong/02_财务管理/20251020_预算的关键从来不是准不准确/images/img001.gif	keep		M2	已移交微信材料；建议 M2 追加 immutable delta 并入来源登记
docs/knowledge-base/08_wechat_sources/shujuxiong/02_财务管理/20251020_预算的关键从来不是准不准确/images/img002.png	keep		M2	已移交微信材料；建议 M2 追加 immutable delta 并入来源登记
docs/knowledge-base/08_wechat_sources/shujuxiong/02_财务管理/20251020_预算的关键从来不是准不准确/images/img003.png	keep		M2	已移交微信材料；建议 M2 追加 immutable delta 并入来源登记
docs/knowledge-base/08_wechat_sources/shujuxiong/02_财务管理/20251020_预算的关键从来不是准不准确/meta.json	keep		M2	已移交微信材料；建议 M2 追加 immutable delta 并入来源登记
docs/knowledge-base/08_wechat_sources/shujuxiong/02_财务管理/20251021_企业管理报表.xlsx/article.md	keep		M2	已移交微信材料；建议 M2 追加 immutable delta 并入来源登记
docs/knowledge-base/08_wechat_sources/shujuxiong/02_财务管理/20251021_企业管理报表.xlsx/images/cover.jpg	keep		M2	已移交微信材料；建议 M2 追加 immutable delta 并入来源登记
docs/knowledge-base/08_wechat_sources/shujuxiong/02_财务管理/20251021_企业管理报表.xlsx/images/img001.gif	keep		M2	已移交微信材料；建议 M2 追加 immutable delta 并入来源登记
docs/knowledge-base/08_wechat_sources/shujuxiong/02_财务管理/20251021_企业管理报表.xlsx/images/img002.png	keep		M2	已移交微信材料；建议 M2 追加 immutable delta 并入来源登记
docs/knowledge-base/08_wechat_sources/shujuxiong/02_财务管理/20251021_企业管理报表.xlsx/images/img003.png	keep		M2	已移交微信材料；建议 M2 追加 immutable delta 并入来源登记
docs/knowledge-base/08_wechat_sources/shujuxiong/02_财务管理/20251021_企业管理报表.xlsx/images/img004.png	keep		M2	已移交微信材料；建议 M2 追加 immutable delta 并入来源登记
docs/knowledge-base/08_wechat_sources/shujuxiong/02_财务管理/20251021_企业管理报表.xlsx/meta.json	keep		M2	已移交微信材料；建议 M2 追加 immutable delta 并入来源登记
docs/knowledge-base/08_wechat_sources/shujuxiong/02_财务管理/20251022_新产品盈亏平衡测算模型.xlsx/article.md	keep		M2	已移交微信材料；建议 M2 追加 immutable delta 并入来源登记
docs/knowledge-base/08_wechat_sources/shujuxiong/02_财务管理/20251022_新产品盈亏平衡测算模型.xlsx/images/cover.jpg	keep		M2	已移交微信材料；建议 M2 追加 immutable delta 并入来源登记
docs/knowledge-base/08_wechat_sources/shujuxiong/02_财务管理/20251022_新产品盈亏平衡测算模型.xlsx/images/img001.png	keep		M2	已移交微信材料；建议 M2 追加 immutable delta 并入来源登记
docs/knowledge-base/08_wechat_sources/shujuxiong/02_财务管理/20251022_新产品盈亏平衡测算模型.xlsx/images/img002.png	keep		M2	已移交微信材料；建议 M2 追加 immutable delta 并入来源登记
docs/knowledge-base/08_wechat_sources/shujuxiong/02_财务管理/20251022_新产品盈亏平衡测算模型.xlsx/images/img003.png	keep		M2	已移交微信材料；建议 M2 追加 immutable delta 并入来源登记
docs/knowledge-base/08_wechat_sources/shujuxiong/02_财务管理/20251022_新产品盈亏平衡测算模型.xlsx/images/img004.png	keep		M2	已移交微信材料；建议 M2 追加 immutable delta 并入来源登记
docs/knowledge-base/08_wechat_sources/shujuxiong/02_财务管理/20251022_新产品盈亏平衡测算模型.xlsx/images/img005.png	keep		M2	已移交微信材料；建议 M2 追加 immutable delta 并入来源登记
docs/knowledge-base/08_wechat_sources/shujuxiong/02_财务管理/20251022_新产品盈亏平衡测算模型.xlsx/images/img006.png	keep		M2	已移交微信材料；建议 M2 追加 immutable delta 并入来源登记
docs/knowledge-base/08_wechat_sources/shujuxiong/02_财务管理/20251022_新产品盈亏平衡测算模型.xlsx/meta.json	keep		M2	已移交微信材料；建议 M2 追加 immutable delta 并入来源登记
docs/knowledge-base/08_wechat_sources/shujuxiong/02_财务管理/20251024_资金预测：核心流程与方法（附Excel模型）/article.md	keep		M2	已移交微信材料；建议 M2 追加 immutable delta 并入来源登记
docs/knowledge-base/08_wechat_sources/shujuxiong/02_财务管理/20251024_资金预测：核心流程与方法（附Excel模型）/images/cover.jpg	keep		M2	已移交微信材料；建议 M2 追加 immutable delta 并入来源登记
docs/knowledge-base/08_wechat_sources/shujuxiong/02_财务管理/20251024_资金预测：核心流程与方法（附Excel模型）/images/img001.png	keep		M2	已移交微信材料；建议 M2 追加 immutable delta 并入来源登记
docs/knowledge-base/08_wechat_sources/shujuxiong/02_财务管理/20251024_资金预测：核心流程与方法（附Excel模型）/images/img002.jpg	keep		M2	已移交微信材料；建议 M2 追加 immutable delta 并入来源登记
docs/knowledge-base/08_wechat_sources/shujuxiong/02_财务管理/20251024_资金预测：核心流程与方法（附Excel模型）/images/img003.jpg	keep		M2	已移交微信材料；建议 M2 追加 immutable delta 并入来源登记
docs/knowledge-base/08_wechat_sources/shujuxiong/02_财务管理/20251024_资金预测：核心流程与方法（附Excel模型）/images/img004.jpg	keep		M2	已移交微信材料；建议 M2 追加 immutable delta 并入来源登记
docs/knowledge-base/08_wechat_sources/shujuxiong/02_财务管理/20251024_资金预测：核心流程与方法（附Excel模型）/images/img005.jpg	keep		M2	已移交微信材料；建议 M2 追加 immutable delta 并入来源登记
docs/knowledge-base/08_wechat_sources/shujuxiong/02_财务管理/20251024_资金预测：核心流程与方法（附Excel模型）/images/img006.jpg	keep		M2	已移交微信材料；建议 M2 追加 immutable delta 并入来源登记
docs/knowledge-base/08_wechat_sources/shujuxiong/02_财务管理/20251024_资金预测：核心流程与方法（附Excel模型）/images/img007.jpg	keep		M2	已移交微信材料；建议 M2 追加 immutable delta 并入来源登记
docs/knowledge-base/08_wechat_sources/shujuxiong/02_财务管理/20251024_资金预测：核心流程与方法（附Excel模型）/images/img008.jpg	keep		M2	已移交微信材料；建议 M2 追加 immutable delta 并入来源登记
docs/knowledge-base/08_wechat_sources/shujuxiong/02_财务管理/20251024_资金预测：核心流程与方法（附Excel模型）/images/img009.png	keep		M2	已移交微信材料；建议 M2 追加 immutable delta 并入来源登记
docs/knowledge-base/08_wechat_sources/shujuxiong/02_财务管理/20251024_资金预测：核心流程与方法（附Excel模型）/meta.json	keep		M2	已移交微信材料；建议 M2 追加 immutable delta 并入来源登记
docs/knowledge-base/08_wechat_sources/shujuxiong/02_财务管理/20251109_2025年财务总监工作总结（可下载PPT模板）/article.md	keep		M2	已移交微信材料；建议 M2 追加 immutable delta 并入来源登记
docs/knowledge-base/08_wechat_sources/shujuxiong/02_财务管理/20251109_2025年财务总监工作总结（可下载PPT模板）/images/cover.jpg	keep		M2	已移交微信材料；建议 M2 追加 immutable delta 并入来源登记
docs/knowledge-base/08_wechat_sources/shujuxiong/02_财务管理/20251109_2025年财务总监工作总结（可下载PPT模板）/images/img001.jpg	keep		M2	已移交微信材料；建议 M2 追加 immutable delta 并入来源登记
docs/knowledge-base/08_wechat_sources/shujuxiong/02_财务管理/20251109_2025年财务总监工作总结（可下载PPT模板）/images/img002.png	keep		M2	已移交微信材料；建议 M2 追加 immutable delta 并入来源登记
docs/knowledge-base/08_wechat_sources/shujuxiong/02_财务管理/20251109_2025年财务总监工作总结（可下载PPT模板）/images/img003.jpg	keep		M2	已移交微信材料；建议 M2 追加 immutable delta 并入来源登记
docs/knowledge-base/08_wechat_sources/shujuxiong/02_财务管理/20251109_2025年财务总监工作总结（可下载PPT模板）/images/img004.jpg	keep		M2	已移交微信材料；建议 M2 追加 immutable delta 并入来源登记
docs/knowledge-base/08_wechat_sources/shujuxiong/02_财务管理/20251109_2025年财务总监工作总结（可下载PPT模板）/images/img005.jpg	keep		M2	已移交微信材料；建议 M2 追加 immutable delta 并入来源登记
docs/knowledge-base/08_wechat_sources/shujuxiong/02_财务管理/20251109_2025年财务总监工作总结（可下载PPT模板）/images/img006.jpg	keep		M2	已移交微信材料；建议 M2 追加 immutable delta 并入来源登记
docs/knowledge-base/08_wechat_sources/shujuxiong/02_财务管理/20251109_2025年财务总监工作总结（可下载PPT模板）/images/img007.jpg	keep		M2	已移交微信材料；建议 M2 追加 immutable delta 并入来源登记
docs/knowledge-base/08_wechat_sources/shujuxiong/02_财务管理/20251109_2025年财务总监工作总结（可下载PPT模板）/images/img008.jpg	keep		M2	已移交微信材料；建议 M2 追加 immutable delta 并入来源登记
docs/knowledge-base/08_wechat_sources/shujuxiong/02_财务管理/20251109_2025年财务总监工作总结（可下载PPT模板）/images/img009.jpg	keep		M2	已移交微信材料；建议 M2 追加 immutable delta 并入来源登记
docs/knowledge-base/08_wechat_sources/shujuxiong/02_财务管理/20251109_2025年财务总监工作总结（可下载PPT模板）/images/img010.jpg	keep		M2	已移交微信材料；建议 M2 追加 immutable delta 并入来源登记
docs/knowledge-base/08_wechat_sources/shujuxiong/02_财务管理/20251109_2025年财务总监工作总结（可下载PPT模板）/images/img011.jpg	keep		M2	已移交微信材料；建议 M2 追加 immutable delta 并入来源登记
docs/knowledge-base/08_wechat_sources/shujuxiong/02_财务管理/20251109_2025年财务总监工作总结（可下载PPT模板）/images/img012.jpg	keep		M2	已移交微信材料；建议 M2 追加 immutable delta 并入来源登记
docs/knowledge-base/08_wechat_sources/shujuxiong/02_财务管理/20251109_2025年财务总监工作总结（可下载PPT模板）/images/img013.jpg	keep		M2	已移交微信材料；建议 M2 追加 immutable delta 并入来源登记
docs/knowledge-base/08_wechat_sources/shujuxiong/02_财务管理/20251109_2025年财务总监工作总结（可下载PPT模板）/images/img014.jpg	keep		M2	已移交微信材料；建议 M2 追加 immutable delta 并入来源登记
docs/knowledge-base/08_wechat_sources/shujuxiong/02_财务管理/20251109_2025年财务总监工作总结（可下载PPT模板）/images/img015.jpg	keep		M2	已移交微信材料；建议 M2 追加 immutable delta 并入来源登记
docs/knowledge-base/08_wechat_sources/shujuxiong/02_财务管理/20251109_2025年财务总监工作总结（可下载PPT模板）/meta.json	keep		M2	已移交微信材料；建议 M2 追加 immutable delta 并入来源登记
docs/knowledge-base/08_wechat_sources/shujuxiong/02_财务管理/20251110_存货周转率：没有拆解等于没有分析/article.md	keep		M2	已移交微信材料；建议 M2 追加 immutable delta 并入来源登记
docs/knowledge-base/08_wechat_sources/shujuxiong/02_财务管理/20251110_存货周转率：没有拆解等于没有分析/images/cover.jpg	keep		M2	已移交微信材料；建议 M2 追加 immutable delta 并入来源登记
docs/knowledge-base/08_wechat_sources/shujuxiong/02_财务管理/20251110_存货周转率：没有拆解等于没有分析/images/img001.jpg	keep		M2	已移交微信材料；建议 M2 追加 immutable delta 并入来源登记
docs/knowledge-base/08_wechat_sources/shujuxiong/02_财务管理/20251110_存货周转率：没有拆解等于没有分析/images/img002.gif	keep		M2	已移交微信材料；建议 M2 追加 immutable delta 并入来源登记
docs/knowledge-base/08_wechat_sources/shujuxiong/02_财务管理/20251110_存货周转率：没有拆解等于没有分析/images/img003.jpg	keep		M2	已移交微信材料；建议 M2 追加 immutable delta 并入来源登记
docs/knowledge-base/08_wechat_sources/shujuxiong/02_财务管理/20251110_存货周转率：没有拆解等于没有分析/images/img004.jpg	keep		M2	已移交微信材料；建议 M2 追加 immutable delta 并入来源登记
docs/knowledge-base/08_wechat_sources/shujuxiong/02_财务管理/20251110_存货周转率：没有拆解等于没有分析/images/img005.gif	keep		M2	已移交微信材料；建议 M2 追加 immutable delta 并入来源登记
docs/knowledge-base/08_wechat_sources/shujuxiong/02_财务管理/20251110_存货周转率：没有拆解等于没有分析/images/img006.jpg	keep		M2	已移交微信材料；建议 M2 追加 immutable delta 并入来源登记
docs/knowledge-base/08_wechat_sources/shujuxiong/02_财务管理/20251110_存货周转率：没有拆解等于没有分析/images/img007.gif	keep		M2	已移交微信材料；建议 M2 追加 immutable delta 并入来源登记
docs/knowledge-base/08_wechat_sources/shujuxiong/02_财务管理/20251110_存货周转率：没有拆解等于没有分析/images/img008.jpg	keep		M2	已移交微信材料；建议 M2 追加 immutable delta 并入来源登记
docs/knowledge-base/08_wechat_sources/shujuxiong/02_财务管理/20251110_存货周转率：没有拆解等于没有分析/images/img009.gif	keep		M2	已移交微信材料；建议 M2 追加 immutable delta 并入来源登记
docs/knowledge-base/08_wechat_sources/shujuxiong/02_财务管理/20251110_存货周转率：没有拆解等于没有分析/images/img010.jpg	keep		M2	已移交微信材料；建议 M2 追加 immutable delta 并入来源登记
docs/knowledge-base/08_wechat_sources/shujuxiong/02_财务管理/20251110_存货周转率：没有拆解等于没有分析/images/img011.jpg	keep		M2	已移交微信材料；建议 M2 追加 immutable delta 并入来源登记
docs/knowledge-base/08_wechat_sources/shujuxiong/02_财务管理/20251110_存货周转率：没有拆解等于没有分析/images/img012.jpg	keep		M2	已移交微信材料；建议 M2 追加 immutable delta 并入来源登记
docs/knowledge-base/08_wechat_sources/shujuxiong/02_财务管理/20251110_存货周转率：没有拆解等于没有分析/images/img013.webp	keep		M2	已移交微信材料；建议 M2 追加 immutable delta 并入来源登记
docs/knowledge-base/08_wechat_sources/shujuxiong/02_财务管理/20251110_存货周转率：没有拆解等于没有分析/meta.json	keep		M2	已移交微信材料；建议 M2 追加 immutable delta 并入来源登记
docs/knowledge-base/08_wechat_sources/shujuxiong/02_财务管理/20251122_从0到1搭建公司财务体系（附思维导图、实操手册）/article.md	keep		M2	已移交微信材料；建议 M2 追加 immutable delta 并入来源登记
docs/knowledge-base/08_wechat_sources/shujuxiong/02_财务管理/20251122_从0到1搭建公司财务体系（附思维导图、实操手册）/images/cover.jpg	keep		M2	已移交微信材料；建议 M2 追加 immutable delta 并入来源登记
docs/knowledge-base/08_wechat_sources/shujuxiong/02_财务管理/20251122_从0到1搭建公司财务体系（附思维导图、实操手册）/images/img001.jpg	keep		M2	已移交微信材料；建议 M2 追加 immutable delta 并入来源登记
docs/knowledge-base/08_wechat_sources/shujuxiong/02_财务管理/20251122_从0到1搭建公司财务体系（附思维导图、实操手册）/images/img002.png	keep		M2	已移交微信材料；建议 M2 追加 immutable delta 并入来源登记
docs/knowledge-base/08_wechat_sources/shujuxiong/02_财务管理/20251122_从0到1搭建公司财务体系（附思维导图、实操手册）/images/img003.png	keep		M2	已移交微信材料；建议 M2 追加 immutable delta 并入来源登记
docs/knowledge-base/08_wechat_sources/shujuxiong/02_财务管理/20251122_从0到1搭建公司财务体系（附思维导图、实操手册）/images/img004.jpg	keep		M2	已移交微信材料；建议 M2 追加 immutable delta 并入来源登记
docs/knowledge-base/08_wechat_sources/shujuxiong/02_财务管理/20251122_从0到1搭建公司财务体系（附思维导图、实操手册）/images/img005.jpg	keep		M2	已移交微信材料；建议 M2 追加 immutable delta 并入来源登记
docs/knowledge-base/08_wechat_sources/shujuxiong/02_财务管理/20251122_从0到1搭建公司财务体系（附思维导图、实操手册）/images/img006.jpg	keep		M2	已移交微信材料；建议 M2 追加 immutable delta 并入来源登记
docs/knowledge-base/08_wechat_sources/shujuxiong/02_财务管理/20251122_从0到1搭建公司财务体系（附思维导图、实操手册）/images/img007.jpg	keep		M2	已移交微信材料；建议 M2 追加 immutable delta 并入来源登记
docs/knowledge-base/08_wechat_sources/shujuxiong/02_财务管理/20251122_从0到1搭建公司财务体系（附思维导图、实操手册）/images/img008.jpg	keep		M2	已移交微信材料；建议 M2 追加 immutable delta 并入来源登记
docs/knowledge-base/08_wechat_sources/shujuxiong/02_财务管理/20251122_从0到1搭建公司财务体系（附思维导图、实操手册）/images/img009.jpg	keep		M2	已移交微信材料；建议 M2 追加 immutable delta 并入来源登记
docs/knowledge-base/08_wechat_sources/shujuxiong/02_财务管理/20251122_从0到1搭建公司财务体系（附思维导图、实操手册）/images/img010.jpg	keep		M2	已移交微信材料；建议 M2 追加 immutable delta 并入来源登记
docs/knowledge-base/08_wechat_sources/shujuxiong/02_财务管理/20251122_从0到1搭建公司财务体系（附思维导图、实操手册）/images/img011.jpg	keep		M2	已移交微信材料；建议 M2 追加 immutable delta 并入来源登记
docs/knowledge-base/08_wechat_sources/shujuxiong/02_财务管理/20251122_从0到1搭建公司财务体系（附思维导图、实操手册）/images/img012.jpg	keep		M2	已移交微信材料；建议 M2 追加 immutable delta 并入来源登记
docs/knowledge-base/08_wechat_sources/shujuxiong/02_财务管理/20251122_从0到1搭建公司财务体系（附思维导图、实操手册）/images/img013.jpg	keep		M2	已移交微信材料；建议 M2 追加 immutable delta 并入来源登记
docs/knowledge-base/08_wechat_sources/shujuxiong/02_财务管理/20251122_从0到1搭建公司财务体系（附思维导图、实操手册）/images/img014.jpg	keep		M2	已移交微信材料；建议 M2 追加 immutable delta 并入来源登记
docs/knowledge-base/08_wechat_sources/shujuxiong/02_财务管理/20251122_从0到1搭建公司财务体系（附思维导图、实操手册）/images/img015.jpg	keep		M2	已移交微信材料；建议 M2 追加 immutable delta 并入来源登记
docs/knowledge-base/08_wechat_sources/shujuxiong/02_财务管理/20251122_从0到1搭建公司财务体系（附思维导图、实操手册）/images/img016.jpg	keep		M2	已移交微信材料；建议 M2 追加 immutable delta 并入来源登记
docs/knowledge-base/08_wechat_sources/shujuxiong/02_财务管理/20251122_从0到1搭建公司财务体系（附思维导图、实操手册）/images/img017.jpg	keep		M2	已移交微信材料；建议 M2 追加 immutable delta 并入来源登记
docs/knowledge-base/08_wechat_sources/shujuxiong/02_财务管理/20251122_从0到1搭建公司财务体系（附思维导图、实操手册）/images/img018.gif	keep		M2	已移交微信材料；建议 M2 追加 immutable delta 并入来源登记
docs/knowledge-base/08_wechat_sources/shujuxiong/02_财务管理/20251122_从0到1搭建公司财务体系（附思维导图、实操手册）/images/img019.webp	keep		M2	已移交微信材料；建议 M2 追加 immutable delta 并入来源登记
docs/knowledge-base/08_wechat_sources/shujuxiong/02_财务管理/20251122_从0到1搭建公司财务体系（附思维导图、实操手册）/meta.json	keep		M2	已移交微信材料；建议 M2 追加 immutable delta 并入来源登记
docs/knowledge-base/08_wechat_sources/shujuxiong/02_财务管理/20260106_2025年应收账款分析报告.pptx/article.md	keep		M2	已移交微信材料；建议 M2 追加 immutable delta 并入来源登记
docs/knowledge-base/08_wechat_sources/shujuxiong/02_财务管理/20260106_2025年应收账款分析报告.pptx/images/cover.jpg	keep		M2	已移交微信材料；建议 M2 追加 immutable delta 并入来源登记
docs/knowledge-base/08_wechat_sources/shujuxiong/02_财务管理/20260106_2025年应收账款分析报告.pptx/images/img001.jpg	keep		M2	已移交微信材料；建议 M2 追加 immutable delta 并入来源登记
docs/knowledge-base/08_wechat_sources/shujuxiong/02_财务管理/20260106_2025年应收账款分析报告.pptx/images/img002.png	keep		M2	已移交微信材料；建议 M2 追加 immutable delta 并入来源登记
docs/knowledge-base/08_wechat_sources/shujuxiong/02_财务管理/20260106_2025年应收账款分析报告.pptx/images/img003.jpg	keep		M2	已移交微信材料；建议 M2 追加 immutable delta 并入来源登记
docs/knowledge-base/08_wechat_sources/shujuxiong/02_财务管理/20260106_2025年应收账款分析报告.pptx/images/img004.png	keep		M2	已移交微信材料；建议 M2 追加 immutable delta 并入来源登记
docs/knowledge-base/08_wechat_sources/shujuxiong/02_财务管理/20260106_2025年应收账款分析报告.pptx/images/img005.png	keep		M2	已移交微信材料；建议 M2 追加 immutable delta 并入来源登记
docs/knowledge-base/08_wechat_sources/shujuxiong/02_财务管理/20260106_2025年应收账款分析报告.pptx/images/img006.png	keep		M2	已移交微信材料；建议 M2 追加 immutable delta 并入来源登记
docs/knowledge-base/08_wechat_sources/shujuxiong/02_财务管理/20260106_2025年应收账款分析报告.pptx/images/img007.png	keep		M2	已移交微信材料；建议 M2 追加 immutable delta 并入来源登记
docs/knowledge-base/08_wechat_sources/shujuxiong/02_财务管理/20260106_2025年应收账款分析报告.pptx/images/img008.jpg	keep		M2	已移交微信材料；建议 M2 追加 immutable delta 并入来源登记
docs/knowledge-base/08_wechat_sources/shujuxiong/02_财务管理/20260106_2025年应收账款分析报告.pptx/images/img009.png	keep		M2	已移交微信材料；建议 M2 追加 immutable delta 并入来源登记
docs/knowledge-base/08_wechat_sources/shujuxiong/02_财务管理/20260106_2025年应收账款分析报告.pptx/images/img010.png	keep		M2	已移交微信材料；建议 M2 追加 immutable delta 并入来源登记
docs/knowledge-base/08_wechat_sources/shujuxiong/02_财务管理/20260106_2025年应收账款分析报告.pptx/images/img011.png	keep		M2	已移交微信材料；建议 M2 追加 immutable delta 并入来源登记
docs/knowledge-base/08_wechat_sources/shujuxiong/02_财务管理/20260106_2025年应收账款分析报告.pptx/images/img012.png	keep		M2	已移交微信材料；建议 M2 追加 immutable delta 并入来源登记
docs/knowledge-base/08_wechat_sources/shujuxiong/02_财务管理/20260106_2025年应收账款分析报告.pptx/images/img013.png	keep		M2	已移交微信材料；建议 M2 追加 immutable delta 并入来源登记
docs/knowledge-base/08_wechat_sources/shujuxiong/02_财务管理/20260106_2025年应收账款分析报告.pptx/images/img014.png	keep		M2	已移交微信材料；建议 M2 追加 immutable delta 并入来源登记
docs/knowledge-base/08_wechat_sources/shujuxiong/02_财务管理/20260106_2025年应收账款分析报告.pptx/images/img015.jpg	keep		M2	已移交微信材料；建议 M2 追加 immutable delta 并入来源登记
docs/knowledge-base/08_wechat_sources/shujuxiong/02_财务管理/20260106_2025年应收账款分析报告.pptx/images/img016.png	keep		M2	已移交微信材料；建议 M2 追加 immutable delta 并入来源登记
docs/knowledge-base/08_wechat_sources/shujuxiong/02_财务管理/20260106_2025年应收账款分析报告.pptx/images/img017.png	keep		M2	已移交微信材料；建议 M2 追加 immutable delta 并入来源登记
docs/knowledge-base/08_wechat_sources/shujuxiong/02_财务管理/20260106_2025年应收账款分析报告.pptx/images/img018.png	keep		M2	已移交微信材料；建议 M2 追加 immutable delta 并入来源登记
docs/knowledge-base/08_wechat_sources/shujuxiong/02_财务管理/20260106_2025年应收账款分析报告.pptx/images/img019.png	keep		M2	已移交微信材料；建议 M2 追加 immutable delta 并入来源登记
docs/knowledge-base/08_wechat_sources/shujuxiong/02_财务管理/20260106_2025年应收账款分析报告.pptx/images/img020.png	keep		M2	已移交微信材料；建议 M2 追加 immutable delta 并入来源登记
docs/knowledge-base/08_wechat_sources/shujuxiong/02_财务管理/20260106_2025年应收账款分析报告.pptx/images/img021.png	keep		M2	已移交微信材料；建议 M2 追加 immutable delta 并入来源登记
docs/knowledge-base/08_wechat_sources/shujuxiong/02_财务管理/20260106_2025年应收账款分析报告.pptx/images/img022.jpg	keep		M2	已移交微信材料；建议 M2 追加 immutable delta 并入来源登记
docs/knowledge-base/08_wechat_sources/shujuxiong/02_财务管理/20260106_2025年应收账款分析报告.pptx/images/img023.png	keep		M2	已移交微信材料；建议 M2 追加 immutable delta 并入来源登记
docs/knowledge-base/08_wechat_sources/shujuxiong/02_财务管理/20260106_2025年应收账款分析报告.pptx/images/img024.png	keep		M2	已移交微信材料；建议 M2 追加 immutable delta 并入来源登记
docs/knowledge-base/08_wechat_sources/shujuxiong/02_财务管理/20260106_2025年应收账款分析报告.pptx/images/img025.png	keep		M2	已移交微信材料；建议 M2 追加 immutable delta 并入来源登记
docs/knowledge-base/08_wechat_sources/shujuxiong/02_财务管理/20260106_2025年应收账款分析报告.pptx/images/img026.png	keep		M2	已移交微信材料；建议 M2 追加 immutable delta 并入来源登记
docs/knowledge-base/08_wechat_sources/shujuxiong/02_财务管理/20260106_2025年应收账款分析报告.pptx/images/img027.png	keep		M2	已移交微信材料；建议 M2 追加 immutable delta 并入来源登记
docs/knowledge-base/08_wechat_sources/shujuxiong/02_财务管理/20260106_2025年应收账款分析报告.pptx/images/img028.png	keep		M2	已移交微信材料；建议 M2 追加 immutable delta 并入来源登记
docs/knowledge-base/08_wechat_sources/shujuxiong/02_财务管理/20260106_2025年应收账款分析报告.pptx/images/img029.png	keep		M2	已移交微信材料；建议 M2 追加 immutable delta 并入来源登记
docs/knowledge-base/08_wechat_sources/shujuxiong/02_财务管理/20260106_2025年应收账款分析报告.pptx/images/img030.webp	keep		M2	已移交微信材料；建议 M2 追加 immutable delta 并入来源登记
docs/knowledge-base/08_wechat_sources/shujuxiong/02_财务管理/20260106_2025年应收账款分析报告.pptx/meta.json	keep		M2	已移交微信材料；建议 M2 追加 immutable delta 并入来源登记
docs/knowledge-base/08_wechat_sources/shujuxiong/02_财务管理/20260106_2025年应收账款分析报告/article.md	keep		M2	已移交微信材料；建议 M2 追加 immutable delta 并入来源登记
docs/knowledge-base/08_wechat_sources/shujuxiong/02_财务管理/20260106_2025年应收账款分析报告/images/cover.jpg	keep		M2	已移交微信材料；建议 M2 追加 immutable delta 并入来源登记
docs/knowledge-base/08_wechat_sources/shujuxiong/02_财务管理/20260106_2025年应收账款分析报告/images/img001.jpg	keep		M2	已移交微信材料；建议 M2 追加 immutable delta 并入来源登记
docs/knowledge-base/08_wechat_sources/shujuxiong/02_财务管理/20260106_2025年应收账款分析报告/images/img002.jpg	keep		M2	已移交微信材料；建议 M2 追加 immutable delta 并入来源登记
docs/knowledge-base/08_wechat_sources/shujuxiong/02_财务管理/20260106_2025年应收账款分析报告/images/img003.jpg	keep		M2	已移交微信材料；建议 M2 追加 immutable delta 并入来源登记
docs/knowledge-base/08_wechat_sources/shujuxiong/02_财务管理/20260106_2025年应收账款分析报告/images/img004.jpg	keep		M2	已移交微信材料；建议 M2 追加 immutable delta 并入来源登记
docs/knowledge-base/08_wechat_sources/shujuxiong/02_财务管理/20260106_2025年应收账款分析报告/images/img005.jpg	keep		M2	已移交微信材料；建议 M2 追加 immutable delta 并入来源登记
docs/knowledge-base/08_wechat_sources/shujuxiong/02_财务管理/20260106_2025年应收账款分析报告/images/img006.jpg	keep		M2	已移交微信材料；建议 M2 追加 immutable delta 并入来源登记
docs/knowledge-base/08_wechat_sources/shujuxiong/02_财务管理/20260106_2025年应收账款分析报告/images/img007.jpg	keep		M2	已移交微信材料；建议 M2 追加 immutable delta 并入来源登记
docs/knowledge-base/08_wechat_sources/shujuxiong/02_财务管理/20260106_2025年应收账款分析报告/images/img008.jpg	keep		M2	已移交微信材料；建议 M2 追加 immutable delta 并入来源登记
docs/knowledge-base/08_wechat_sources/shujuxiong/02_财务管理/20260106_2025年应收账款分析报告/images/img009.jpg	keep		M2	已移交微信材料；建议 M2 追加 immutable delta 并入来源登记
docs/knowledge-base/08_wechat_sources/shujuxiong/02_财务管理/20260106_2025年应收账款分析报告/images/img010.jpg	keep		M2	已移交微信材料；建议 M2 追加 immutable delta 并入来源登记
docs/knowledge-base/08_wechat_sources/shujuxiong/02_财务管理/20260106_2025年应收账款分析报告/images/img011.jpg	keep		M2	已移交微信材料；建议 M2 追加 immutable delta 并入来源登记
docs/knowledge-base/08_wechat_sources/shujuxiong/02_财务管理/20260106_2025年应收账款分析报告/images/img012.jpg	keep		M2	已移交微信材料；建议 M2 追加 immutable delta 并入来源登记
docs/knowledge-base/08_wechat_sources/shujuxiong/02_财务管理/20260106_2025年应收账款分析报告/images/img013.jpg	keep		M2	已移交微信材料；建议 M2 追加 immutable delta 并入来源登记
docs/knowledge-base/08_wechat_sources/shujuxiong/02_财务管理/20260106_2025年应收账款分析报告/images/img014.jpg	keep		M2	已移交微信材料；建议 M2 追加 immutable delta 并入来源登记
docs/knowledge-base/08_wechat_sources/shujuxiong/02_财务管理/20260106_2025年应收账款分析报告/images/img015.jpg	keep		M2	已移交微信材料；建议 M2 追加 immutable delta 并入来源登记
docs/knowledge-base/08_wechat_sources/shujuxiong/02_财务管理/20260106_2025年应收账款分析报告/images/img016.jpg	keep		M2	已移交微信材料；建议 M2 追加 immutable delta 并入来源登记
docs/knowledge-base/08_wechat_sources/shujuxiong/02_财务管理/20260106_2025年应收账款分析报告/images/img017.jpg	keep		M2	已移交微信材料；建议 M2 追加 immutable delta 并入来源登记
docs/knowledge-base/08_wechat_sources/shujuxiong/02_财务管理/20260106_2025年应收账款分析报告/images/img018.jpg	keep		M2	已移交微信材料；建议 M2 追加 immutable delta 并入来源登记
docs/knowledge-base/08_wechat_sources/shujuxiong/02_财务管理/20260106_2025年应收账款分析报告/images/img019.jpg	keep		M2	已移交微信材料；建议 M2 追加 immutable delta 并入来源登记
docs/knowledge-base/08_wechat_sources/shujuxiong/02_财务管理/20260106_2025年应收账款分析报告/images/img020.jpg	keep		M2	已移交微信材料；建议 M2 追加 immutable delta 并入来源登记
docs/knowledge-base/08_wechat_sources/shujuxiong/02_财务管理/20260106_2025年应收账款分析报告/images/img021.jpg	keep		M2	已移交微信材料；建议 M2 追加 immutable delta 并入来源登记
docs/knowledge-base/08_wechat_sources/shujuxiong/02_财务管理/20260106_2025年应收账款分析报告/images/img022.jpg	keep		M2	已移交微信材料；建议 M2 追加 immutable delta 并入来源登记
docs/knowledge-base/08_wechat_sources/shujuxiong/02_财务管理/20260106_2025年应收账款分析报告/images/img023.jpg	keep		M2	已移交微信材料；建议 M2 追加 immutable delta 并入来源登记
docs/knowledge-base/08_wechat_sources/shujuxiong/02_财务管理/20260106_2025年应收账款分析报告/images/img024.jpg	keep		M2	已移交微信材料；建议 M2 追加 immutable delta 并入来源登记
docs/knowledge-base/08_wechat_sources/shujuxiong/02_财务管理/20260106_2025年应收账款分析报告/images/img025.jpg	keep		M2	已移交微信材料；建议 M2 追加 immutable delta 并入来源登记
docs/knowledge-base/08_wechat_sources/shujuxiong/02_财务管理/20260106_2025年应收账款分析报告/images/img026.webp	keep		M2	已移交微信材料；建议 M2 追加 immutable delta 并入来源登记
docs/knowledge-base/08_wechat_sources/shujuxiong/02_财务管理/20260106_2025年应收账款分析报告/meta.json	keep		M2	已移交微信材料；建议 M2 追加 immutable delta 并入来源登记
docs/knowledge-base/08_wechat_sources/shujuxiong/02_财务管理/20260115_2025年应收账款分析模型（附Excel模板）/article.md	keep		M2	已移交微信材料；建议 M2 追加 immutable delta 并入来源登记
docs/knowledge-base/08_wechat_sources/shujuxiong/02_财务管理/20260115_2025年应收账款分析模型（附Excel模板）/images/cover.jpg	keep		M2	已移交微信材料；建议 M2 追加 immutable delta 并入来源登记
docs/knowledge-base/08_wechat_sources/shujuxiong/02_财务管理/20260115_2025年应收账款分析模型（附Excel模板）/images/img001.jpg	keep		M2	已移交微信材料；建议 M2 追加 immutable delta 并入来源登记
docs/knowledge-base/08_wechat_sources/shujuxiong/02_财务管理/20260115_2025年应收账款分析模型（附Excel模板）/images/img002.jpg	keep		M2	已移交微信材料；建议 M2 追加 immutable delta 并入来源登记
docs/knowledge-base/08_wechat_sources/shujuxiong/02_财务管理/20260115_2025年应收账款分析模型（附Excel模板）/images/img003.jpg	keep		M2	已移交微信材料；建议 M2 追加 immutable delta 并入来源登记
docs/knowledge-base/08_wechat_sources/shujuxiong/02_财务管理/20260115_2025年应收账款分析模型（附Excel模板）/images/img004.jpg	keep		M2	已移交微信材料；建议 M2 追加 immutable delta 并入来源登记
docs/knowledge-base/08_wechat_sources/shujuxiong/02_财务管理/20260115_2025年应收账款分析模型（附Excel模板）/images/img005.jpg	keep		M2	已移交微信材料；建议 M2 追加 immutable delta 并入来源登记
docs/knowledge-base/08_wechat_sources/shujuxiong/02_财务管理/20260115_2025年应收账款分析模型（附Excel模板）/images/img006.jpg	keep		M2	已移交微信材料；建议 M2 追加 immutable delta 并入来源登记
docs/knowledge-base/08_wechat_sources/shujuxiong/02_财务管理/20260115_2025年应收账款分析模型（附Excel模板）/images/img007.jpg	keep		M2	已移交微信材料；建议 M2 追加 immutable delta 并入来源登记
docs/knowledge-base/08_wechat_sources/shujuxiong/02_财务管理/20260115_2025年应收账款分析模型（附Excel模板）/images/img008.jpg	keep		M2	已移交微信材料；建议 M2 追加 immutable delta 并入来源登记
docs/knowledge-base/08_wechat_sources/shujuxiong/02_财务管理/20260115_2025年应收账款分析模型（附Excel模板）/images/img009.jpg	keep		M2	已移交微信材料；建议 M2 追加 immutable delta 并入来源登记
docs/knowledge-base/08_wechat_sources/shujuxiong/02_财务管理/20260115_2025年应收账款分析模型（附Excel模板）/images/img010.jpg	keep		M2	已移交微信材料；建议 M2 追加 immutable delta 并入来源登记
docs/knowledge-base/08_wechat_sources/shujuxiong/02_财务管理/20260115_2025年应收账款分析模型（附Excel模板）/images/img011.jpg	keep		M2	已移交微信材料；建议 M2 追加 immutable delta 并入来源登记
docs/knowledge-base/08_wechat_sources/shujuxiong/02_财务管理/20260115_2025年应收账款分析模型（附Excel模板）/images/img012.png	keep		M2	已移交微信材料；建议 M2 追加 immutable delta 并入来源登记
docs/knowledge-base/08_wechat_sources/shujuxiong/02_财务管理/20260115_2025年应收账款分析模型（附Excel模板）/meta.json	keep		M2	已移交微信材料；建议 M2 追加 immutable delta 并入来源登记
docs/knowledge-base/08_wechat_sources/shujuxiong/02_财务管理/20260125_2025年应收账款分析模型.pptx（附Excel模板）/article.md	keep		M2	已移交微信材料；建议 M2 追加 immutable delta 并入来源登记
docs/knowledge-base/08_wechat_sources/shujuxiong/02_财务管理/20260125_2025年应收账款分析模型.pptx（附Excel模板）/images/cover.jpg	keep		M2	已移交微信材料；建议 M2 追加 immutable delta 并入来源登记
docs/knowledge-base/08_wechat_sources/shujuxiong/02_财务管理/20260125_2025年应收账款分析模型.pptx（附Excel模板）/images/img001.jpg	keep		M2	已移交微信材料；建议 M2 追加 immutable delta 并入来源登记
docs/knowledge-base/08_wechat_sources/shujuxiong/02_财务管理/20260125_2025年应收账款分析模型.pptx（附Excel模板）/images/img002.jpg	keep		M2	已移交微信材料；建议 M2 追加 immutable delta 并入来源登记
docs/knowledge-base/08_wechat_sources/shujuxiong/02_财务管理/20260125_2025年应收账款分析模型.pptx（附Excel模板）/images/img003.jpg	keep		M2	已移交微信材料；建议 M2 追加 immutable delta 并入来源登记
docs/knowledge-base/08_wechat_sources/shujuxiong/02_财务管理/20260125_2025年应收账款分析模型.pptx（附Excel模板）/images/img004.jpg	keep		M2	已移交微信材料；建议 M2 追加 immutable delta 并入来源登记
docs/knowledge-base/08_wechat_sources/shujuxiong/02_财务管理/20260125_2025年应收账款分析模型.pptx（附Excel模板）/images/img005.jpg	keep		M2	已移交微信材料；建议 M2 追加 immutable delta 并入来源登记
docs/knowledge-base/08_wechat_sources/shujuxiong/02_财务管理/20260125_2025年应收账款分析模型.pptx（附Excel模板）/images/img006.jpg	keep		M2	已移交微信材料；建议 M2 追加 immutable delta 并入来源登记
docs/knowledge-base/08_wechat_sources/shujuxiong/02_财务管理/20260125_2025年应收账款分析模型.pptx（附Excel模板）/images/img007.jpg	keep		M2	已移交微信材料；建议 M2 追加 immutable delta 并入来源登记
docs/knowledge-base/08_wechat_sources/shujuxiong/02_财务管理/20260125_2025年应收账款分析模型.pptx（附Excel模板）/images/img008.jpg	keep		M2	已移交微信材料；建议 M2 追加 immutable delta 并入来源登记
docs/knowledge-base/08_wechat_sources/shujuxiong/02_财务管理/20260125_2025年应收账款分析模型.pptx（附Excel模板）/images/img009.jpg	keep		M2	已移交微信材料；建议 M2 追加 immutable delta 并入来源登记
docs/knowledge-base/08_wechat_sources/shujuxiong/02_财务管理/20260125_2025年应收账款分析模型.pptx（附Excel模板）/images/img010.jpg	keep		M2	已移交微信材料；建议 M2 追加 immutable delta 并入来源登记
docs/knowledge-base/08_wechat_sources/shujuxiong/02_财务管理/20260125_2025年应收账款分析模型.pptx（附Excel模板）/images/img011.png	keep		M2	已移交微信材料；建议 M2 追加 immutable delta 并入来源登记
docs/knowledge-base/08_wechat_sources/shujuxiong/02_财务管理/20260125_2025年应收账款分析模型.pptx（附Excel模板）/images/img012.png	keep		M2	已移交微信材料；建议 M2 追加 immutable delta 并入来源登记
docs/knowledge-base/08_wechat_sources/shujuxiong/02_财务管理/20260125_2025年应收账款分析模型.pptx（附Excel模板）/images/img013.jpg	keep		M2	已移交微信材料；建议 M2 追加 immutable delta 并入来源登记
docs/knowledge-base/08_wechat_sources/shujuxiong/02_财务管理/20260125_2025年应收账款分析模型.pptx（附Excel模板）/images/img014.png	keep		M2	已移交微信材料；建议 M2 追加 immutable delta 并入来源登记
docs/knowledge-base/08_wechat_sources/shujuxiong/02_财务管理/20260125_2025年应收账款分析模型.pptx（附Excel模板）/images/img015.jpg	keep		M2	已移交微信材料；建议 M2 追加 immutable delta 并入来源登记
docs/knowledge-base/08_wechat_sources/shujuxiong/02_财务管理/20260125_2025年应收账款分析模型.pptx（附Excel模板）/images/img016.jpg	keep		M2	已移交微信材料；建议 M2 追加 immutable delta 并入来源登记
docs/knowledge-base/08_wechat_sources/shujuxiong/02_财务管理/20260125_2025年应收账款分析模型.pptx（附Excel模板）/images/img017.jpg	keep		M2	已移交微信材料；建议 M2 追加 immutable delta 并入来源登记
docs/knowledge-base/08_wechat_sources/shujuxiong/02_财务管理/20260125_2025年应收账款分析模型.pptx（附Excel模板）/images/img018.jpg	keep		M2	已移交微信材料；建议 M2 追加 immutable delta 并入来源登记
docs/knowledge-base/08_wechat_sources/shujuxiong/02_财务管理/20260125_2025年应收账款分析模型.pptx（附Excel模板）/images/img019.jpg	keep		M2	已移交微信材料；建议 M2 追加 immutable delta 并入来源登记
docs/knowledge-base/08_wechat_sources/shujuxiong/02_财务管理/20260125_2025年应收账款分析模型.pptx（附Excel模板）/images/img020.jpg	keep		M2	已移交微信材料；建议 M2 追加 immutable delta 并入来源登记
docs/knowledge-base/08_wechat_sources/shujuxiong/02_财务管理/20260125_2025年应收账款分析模型.pptx（附Excel模板）/images/img021.jpg	keep		M2	已移交微信材料；建议 M2 追加 immutable delta 并入来源登记
docs/knowledge-base/08_wechat_sources/shujuxiong/02_财务管理/20260125_2025年应收账款分析模型.pptx（附Excel模板）/images/img022.jpg	keep		M2	已移交微信材料；建议 M2 追加 immutable delta 并入来源登记
docs/knowledge-base/08_wechat_sources/shujuxiong/02_财务管理/20260125_2025年应收账款分析模型.pptx（附Excel模板）/images/img023.jpg	keep		M2	已移交微信材料；建议 M2 追加 immutable delta 并入来源登记
docs/knowledge-base/08_wechat_sources/shujuxiong/02_财务管理/20260125_2025年应收账款分析模型.pptx（附Excel模板）/images/img024.jpg	keep		M2	已移交微信材料；建议 M2 追加 immutable delta 并入来源登记
docs/knowledge-base/08_wechat_sources/shujuxiong/02_财务管理/20260125_2025年应收账款分析模型.pptx（附Excel模板）/images/img025.jpg	keep		M2	已移交微信材料；建议 M2 追加 immutable delta 并入来源登记
docs/knowledge-base/08_wechat_sources/shujuxiong/02_财务管理/20260125_2025年应收账款分析模型.pptx（附Excel模板）/images/img026.webp	keep		M2	已移交微信材料；建议 M2 追加 immutable delta 并入来源登记
docs/knowledge-base/08_wechat_sources/shujuxiong/02_财务管理/20260125_2025年应收账款分析模型.pptx（附Excel模板）/meta.json	keep		M2	已移交微信材料；建议 M2 追加 immutable delta 并入来源登记
docs/knowledge-base/08_wechat_sources/shujuxiong/02_财务管理/20260127_财务总监2025年工作总结及2026年工作计划/article.md	keep		M2	已移交微信材料；建议 M2 追加 immutable delta 并入来源登记
docs/knowledge-base/08_wechat_sources/shujuxiong/02_财务管理/20260127_财务总监2025年工作总结及2026年工作计划/images/cover.jpg	keep		M2	已移交微信材料；建议 M2 追加 immutable delta 并入来源登记
docs/knowledge-base/08_wechat_sources/shujuxiong/02_财务管理/20260127_财务总监2025年工作总结及2026年工作计划/images/img001.jpg	keep		M2	已移交微信材料；建议 M2 追加 immutable delta 并入来源登记
docs/knowledge-base/08_wechat_sources/shujuxiong/02_财务管理/20260127_财务总监2025年工作总结及2026年工作计划/images/img002.jpg	keep		M2	已移交微信材料；建议 M2 追加 immutable delta 并入来源登记
docs/knowledge-base/08_wechat_sources/shujuxiong/02_财务管理/20260127_财务总监2025年工作总结及2026年工作计划/images/img003.jpg	keep		M2	已移交微信材料；建议 M2 追加 immutable delta 并入来源登记
docs/knowledge-base/08_wechat_sources/shujuxiong/02_财务管理/20260127_财务总监2025年工作总结及2026年工作计划/images/img004.jpg	keep		M2	已移交微信材料；建议 M2 追加 immutable delta 并入来源登记
docs/knowledge-base/08_wechat_sources/shujuxiong/02_财务管理/20260127_财务总监2025年工作总结及2026年工作计划/images/img005.jpg	keep		M2	已移交微信材料；建议 M2 追加 immutable delta 并入来源登记
docs/knowledge-base/08_wechat_sources/shujuxiong/02_财务管理/20260127_财务总监2025年工作总结及2026年工作计划/images/img006.jpg	keep		M2	已移交微信材料；建议 M2 追加 immutable delta 并入来源登记
docs/knowledge-base/08_wechat_sources/shujuxiong/02_财务管理/20260127_财务总监2025年工作总结及2026年工作计划/images/img007.jpg	keep		M2	已移交微信材料；建议 M2 追加 immutable delta 并入来源登记
docs/knowledge-base/08_wechat_sources/shujuxiong/02_财务管理/20260127_财务总监2025年工作总结及2026年工作计划/images/img008.jpg	keep		M2	已移交微信材料；建议 M2 追加 immutable delta 并入来源登记
docs/knowledge-base/08_wechat_sources/shujuxiong/02_财务管理/20260127_财务总监2025年工作总结及2026年工作计划/images/img009.jpg	keep		M2	已移交微信材料；建议 M2 追加 immutable delta 并入来源登记
docs/knowledge-base/08_wechat_sources/shujuxiong/02_财务管理/20260127_财务总监2025年工作总结及2026年工作计划/images/img010.jpg	keep		M2	已移交微信材料；建议 M2 追加 immutable delta 并入来源登记
docs/knowledge-base/08_wechat_sources/shujuxiong/02_财务管理/20260127_财务总监2025年工作总结及2026年工作计划/images/img011.jpg	keep		M2	已移交微信材料；建议 M2 追加 immutable delta 并入来源登记
docs/knowledge-base/08_wechat_sources/shujuxiong/02_财务管理/20260127_财务总监2025年工作总结及2026年工作计划/images/img012.jpg	keep		M2	已移交微信材料；建议 M2 追加 immutable delta 并入来源登记
docs/knowledge-base/08_wechat_sources/shujuxiong/02_财务管理/20260127_财务总监2025年工作总结及2026年工作计划/images/img013.jpg	keep		M2	已移交微信材料；建议 M2 追加 immutable delta 并入来源登记
docs/knowledge-base/08_wechat_sources/shujuxiong/02_财务管理/20260127_财务总监2025年工作总结及2026年工作计划/images/img014.jpg	keep		M2	已移交微信材料；建议 M2 追加 immutable delta 并入来源登记
docs/knowledge-base/08_wechat_sources/shujuxiong/02_财务管理/20260127_财务总监2025年工作总结及2026年工作计划/images/img015.jpg	keep		M2	已移交微信材料；建议 M2 追加 immutable delta 并入来源登记
docs/knowledge-base/08_wechat_sources/shujuxiong/02_财务管理/20260127_财务总监2025年工作总结及2026年工作计划/images/img016.jpg	keep		M2	已移交微信材料；建议 M2 追加 immutable delta 并入来源登记
docs/knowledge-base/08_wechat_sources/shujuxiong/02_财务管理/20260127_财务总监2025年工作总结及2026年工作计划/images/img017.jpg	keep		M2	已移交微信材料；建议 M2 追加 immutable delta 并入来源登记
docs/knowledge-base/08_wechat_sources/shujuxiong/02_财务管理/20260127_财务总监2025年工作总结及2026年工作计划/images/img018.jpg	keep		M2	已移交微信材料；建议 M2 追加 immutable delta 并入来源登记
docs/knowledge-base/08_wechat_sources/shujuxiong/02_财务管理/20260127_财务总监2025年工作总结及2026年工作计划/images/img019.jpg	keep		M2	已移交微信材料；建议 M2 追加 immutable delta 并入来源登记
docs/knowledge-base/08_wechat_sources/shujuxiong/02_财务管理/20260127_财务总监2025年工作总结及2026年工作计划/images/img020.jpg	keep		M2	已移交微信材料；建议 M2 追加 immutable delta 并入来源登记
docs/knowledge-base/08_wechat_sources/shujuxiong/02_财务管理/20260127_财务总监2025年工作总结及2026年工作计划/images/img021.jpg	keep		M2	已移交微信材料；建议 M2 追加 immutable delta 并入来源登记
docs/knowledge-base/08_wechat_sources/shujuxiong/02_财务管理/20260127_财务总监2025年工作总结及2026年工作计划/images/img022.jpg	keep		M2	已移交微信材料；建议 M2 追加 immutable delta 并入来源登记
docs/knowledge-base/08_wechat_sources/shujuxiong/02_财务管理/20260127_财务总监2025年工作总结及2026年工作计划/images/img023.jpg	keep		M2	已移交微信材料；建议 M2 追加 immutable delta 并入来源登记
docs/knowledge-base/08_wechat_sources/shujuxiong/02_财务管理/20260127_财务总监2025年工作总结及2026年工作计划/images/img024.jpg	keep		M2	已移交微信材料；建议 M2 追加 immutable delta 并入来源登记
docs/knowledge-base/08_wechat_sources/shujuxiong/02_财务管理/20260127_财务总监2025年工作总结及2026年工作计划/images/img025.jpg	keep		M2	已移交微信材料；建议 M2 追加 immutable delta 并入来源登记
docs/knowledge-base/08_wechat_sources/shujuxiong/02_财务管理/20260127_财务总监2025年工作总结及2026年工作计划/images/img026.webp	keep		M2	已移交微信材料；建议 M2 追加 immutable delta 并入来源登记
docs/knowledge-base/08_wechat_sources/shujuxiong/02_财务管理/20260127_财务总监2025年工作总结及2026年工作计划/meta.json	keep		M2	已移交微信材料；建议 M2 追加 immutable delta 并入来源登记
docs/knowledge-base/08_wechat_sources/shujuxiong/02_财务管理/20260130_财务总监2025年工作总结及2026年工作计划（第二版）/article.md	keep		M2	已移交微信材料；建议 M2 追加 immutable delta 并入来源登记
docs/knowledge-base/08_wechat_sources/shujuxiong/02_财务管理/20260130_财务总监2025年工作总结及2026年工作计划（第二版）/images/cover.jpg	keep		M2	已移交微信材料；建议 M2 追加 immutable delta 并入来源登记
docs/knowledge-base/08_wechat_sources/shujuxiong/02_财务管理/20260130_财务总监2025年工作总结及2026年工作计划（第二版）/images/img001.jpg	keep		M2	已移交微信材料；建议 M2 追加 immutable delta 并入来源登记
docs/knowledge-base/08_wechat_sources/shujuxiong/02_财务管理/20260130_财务总监2025年工作总结及2026年工作计划（第二版）/images/img002.jpg	keep		M2	已移交微信材料；建议 M2 追加 immutable delta 并入来源登记
docs/knowledge-base/08_wechat_sources/shujuxiong/02_财务管理/20260130_财务总监2025年工作总结及2026年工作计划（第二版）/images/img003.jpg	keep		M2	已移交微信材料；建议 M2 追加 immutable delta 并入来源登记
docs/knowledge-base/08_wechat_sources/shujuxiong/02_财务管理/20260130_财务总监2025年工作总结及2026年工作计划（第二版）/images/img004.jpg	keep		M2	已移交微信材料；建议 M2 追加 immutable delta 并入来源登记
docs/knowledge-base/08_wechat_sources/shujuxiong/02_财务管理/20260130_财务总监2025年工作总结及2026年工作计划（第二版）/images/img005.jpg	keep		M2	已移交微信材料；建议 M2 追加 immutable delta 并入来源登记
docs/knowledge-base/08_wechat_sources/shujuxiong/02_财务管理/20260130_财务总监2025年工作总结及2026年工作计划（第二版）/images/img006.jpg	keep		M2	已移交微信材料；建议 M2 追加 immutable delta 并入来源登记
docs/knowledge-base/08_wechat_sources/shujuxiong/02_财务管理/20260130_财务总监2025年工作总结及2026年工作计划（第二版）/images/img007.jpg	keep		M2	已移交微信材料；建议 M2 追加 immutable delta 并入来源登记
docs/knowledge-base/08_wechat_sources/shujuxiong/02_财务管理/20260130_财务总监2025年工作总结及2026年工作计划（第二版）/images/img008.jpg	keep		M2	已移交微信材料；建议 M2 追加 immutable delta 并入来源登记
docs/knowledge-base/08_wechat_sources/shujuxiong/02_财务管理/20260130_财务总监2025年工作总结及2026年工作计划（第二版）/images/img009.jpg	keep		M2	已移交微信材料；建议 M2 追加 immutable delta 并入来源登记
docs/knowledge-base/08_wechat_sources/shujuxiong/02_财务管理/20260130_财务总监2025年工作总结及2026年工作计划（第二版）/images/img010.jpg	keep		M2	已移交微信材料；建议 M2 追加 immutable delta 并入来源登记
docs/knowledge-base/08_wechat_sources/shujuxiong/02_财务管理/20260130_财务总监2025年工作总结及2026年工作计划（第二版）/images/img011.jpg	keep		M2	已移交微信材料；建议 M2 追加 immutable delta 并入来源登记
docs/knowledge-base/08_wechat_sources/shujuxiong/02_财务管理/20260130_财务总监2025年工作总结及2026年工作计划（第二版）/images/img012.jpg	keep		M2	已移交微信材料；建议 M2 追加 immutable delta 并入来源登记
docs/knowledge-base/08_wechat_sources/shujuxiong/02_财务管理/20260130_财务总监2025年工作总结及2026年工作计划（第二版）/images/img013.jpg	keep		M2	已移交微信材料；建议 M2 追加 immutable delta 并入来源登记
docs/knowledge-base/08_wechat_sources/shujuxiong/02_财务管理/20260130_财务总监2025年工作总结及2026年工作计划（第二版）/images/img014.jpg	keep		M2	已移交微信材料；建议 M2 追加 immutable delta 并入来源登记
docs/knowledge-base/08_wechat_sources/shujuxiong/02_财务管理/20260130_财务总监2025年工作总结及2026年工作计划（第二版）/images/img015.jpg	keep		M2	已移交微信材料；建议 M2 追加 immutable delta 并入来源登记
docs/knowledge-base/08_wechat_sources/shujuxiong/02_财务管理/20260130_财务总监2025年工作总结及2026年工作计划（第二版）/images/img016.jpg	keep		M2	已移交微信材料；建议 M2 追加 immutable delta 并入来源登记
docs/knowledge-base/08_wechat_sources/shujuxiong/02_财务管理/20260130_财务总监2025年工作总结及2026年工作计划（第二版）/images/img017.jpg	keep		M2	已移交微信材料；建议 M2 追加 immutable delta 并入来源登记
docs/knowledge-base/08_wechat_sources/shujuxiong/02_财务管理/20260130_财务总监2025年工作总结及2026年工作计划（第二版）/images/img018.jpg	keep		M2	已移交微信材料；建议 M2 追加 immutable delta 并入来源登记
docs/knowledge-base/08_wechat_sources/shujuxiong/02_财务管理/20260130_财务总监2025年工作总结及2026年工作计划（第二版）/images/img019.jpg	keep		M2	已移交微信材料；建议 M2 追加 immutable delta 并入来源登记
docs/knowledge-base/08_wechat_sources/shujuxiong/02_财务管理/20260130_财务总监2025年工作总结及2026年工作计划（第二版）/images/img020.jpg	keep		M2	已移交微信材料；建议 M2 追加 immutable delta 并入来源登记
docs/knowledge-base/08_wechat_sources/shujuxiong/02_财务管理/20260130_财务总监2025年工作总结及2026年工作计划（第二版）/images/img021.jpg	keep		M2	已移交微信材料；建议 M2 追加 immutable delta 并入来源登记
docs/knowledge-base/08_wechat_sources/shujuxiong/02_财务管理/20260130_财务总监2025年工作总结及2026年工作计划（第二版）/images/img022.jpg	keep		M2	已移交微信材料；建议 M2 追加 immutable delta 并入来源登记
docs/knowledge-base/08_wechat_sources/shujuxiong/02_财务管理/20260130_财务总监2025年工作总结及2026年工作计划（第二版）/images/img023.jpg	keep		M2	已移交微信材料；建议 M2 追加 immutable delta 并入来源登记
docs/knowledge-base/08_wechat_sources/shujuxiong/02_财务管理/20260130_财务总监2025年工作总结及2026年工作计划（第二版）/images/img024.jpg	keep		M2	已移交微信材料；建议 M2 追加 immutable delta 并入来源登记
docs/knowledge-base/08_wechat_sources/shujuxiong/02_财务管理/20260130_财务总监2025年工作总结及2026年工作计划（第二版）/images/img025.jpg	keep		M2	已移交微信材料；建议 M2 追加 immutable delta 并入来源登记
docs/knowledge-base/08_wechat_sources/shujuxiong/02_财务管理/20260130_财务总监2025年工作总结及2026年工作计划（第二版）/images/img026.png	keep		M2	已移交微信材料；建议 M2 追加 immutable delta 并入来源登记
docs/knowledge-base/08_wechat_sources/shujuxiong/02_财务管理/20260130_财务总监2025年工作总结及2026年工作计划（第二版）/meta.json	keep		M2	已移交微信材料；建议 M2 追加 immutable delta 并入来源登记
docs/knowledge-base/08_wechat_sources/shujuxiong/02_财务管理/20260205_财务部各岗位工作流程详解/article.md	keep		M2	已移交微信材料；建议 M2 追加 immutable delta 并入来源登记
docs/knowledge-base/08_wechat_sources/shujuxiong/02_财务管理/20260205_财务部各岗位工作流程详解/images/cover.jpg	keep		M2	已移交微信材料；建议 M2 追加 immutable delta 并入来源登记
docs/knowledge-base/08_wechat_sources/shujuxiong/02_财务管理/20260205_财务部各岗位工作流程详解/images/img001.jpg	keep		M2	已移交微信材料；建议 M2 追加 immutable delta 并入来源登记
docs/knowledge-base/08_wechat_sources/shujuxiong/02_财务管理/20260205_财务部各岗位工作流程详解/images/img002.jpg	keep		M2	已移交微信材料；建议 M2 追加 immutable delta 并入来源登记
docs/knowledge-base/08_wechat_sources/shujuxiong/02_财务管理/20260205_财务部各岗位工作流程详解/images/img003.jpg	keep		M2	已移交微信材料；建议 M2 追加 immutable delta 并入来源登记
docs/knowledge-base/08_wechat_sources/shujuxiong/02_财务管理/20260205_财务部各岗位工作流程详解/images/img004.jpg	keep		M2	已移交微信材料；建议 M2 追加 immutable delta 并入来源登记
docs/knowledge-base/08_wechat_sources/shujuxiong/02_财务管理/20260205_财务部各岗位工作流程详解/images/img005.jpg	keep		M2	已移交微信材料；建议 M2 追加 immutable delta 并入来源登记
docs/knowledge-base/08_wechat_sources/shujuxiong/02_财务管理/20260205_财务部各岗位工作流程详解/images/img006.jpg	keep		M2	已移交微信材料；建议 M2 追加 immutable delta 并入来源登记
docs/knowledge-base/08_wechat_sources/shujuxiong/02_财务管理/20260205_财务部各岗位工作流程详解/images/img007.jpg	keep		M2	已移交微信材料；建议 M2 追加 immutable delta 并入来源登记
docs/knowledge-base/08_wechat_sources/shujuxiong/02_财务管理/20260205_财务部各岗位工作流程详解/images/img008.jpg	keep		M2	已移交微信材料；建议 M2 追加 immutable delta 并入来源登记
docs/knowledge-base/08_wechat_sources/shujuxiong/02_财务管理/20260205_财务部各岗位工作流程详解/images/img009.jpg	keep		M2	已移交微信材料；建议 M2 追加 immutable delta 并入来源登记
docs/knowledge-base/08_wechat_sources/shujuxiong/02_财务管理/20260205_财务部各岗位工作流程详解/images/img010.jpg	keep		M2	已移交微信材料；建议 M2 追加 immutable delta 并入来源登记
docs/knowledge-base/08_wechat_sources/shujuxiong/02_财务管理/20260205_财务部各岗位工作流程详解/images/img011.jpg	keep		M2	已移交微信材料；建议 M2 追加 immutable delta 并入来源登记
docs/knowledge-base/08_wechat_sources/shujuxiong/02_财务管理/20260205_财务部各岗位工作流程详解/images/img012.jpg	keep		M2	已移交微信材料；建议 M2 追加 immutable delta 并入来源登记
docs/knowledge-base/08_wechat_sources/shujuxiong/02_财务管理/20260205_财务部各岗位工作流程详解/images/img013.jpg	keep		M2	已移交微信材料；建议 M2 追加 immutable delta 并入来源登记
docs/knowledge-base/08_wechat_sources/shujuxiong/02_财务管理/20260205_财务部各岗位工作流程详解/images/img014.jpg	keep		M2	已移交微信材料；建议 M2 追加 immutable delta 并入来源登记
docs/knowledge-base/08_wechat_sources/shujuxiong/02_财务管理/20260205_财务部各岗位工作流程详解/images/img015.jpg	keep		M2	已移交微信材料；建议 M2 追加 immutable delta 并入来源登记
docs/knowledge-base/08_wechat_sources/shujuxiong/02_财务管理/20260205_财务部各岗位工作流程详解/images/img016.jpg	keep		M2	已移交微信材料；建议 M2 追加 immutable delta 并入来源登记
docs/knowledge-base/08_wechat_sources/shujuxiong/02_财务管理/20260205_财务部各岗位工作流程详解/images/img017.jpg	keep		M2	已移交微信材料；建议 M2 追加 immutable delta 并入来源登记
docs/knowledge-base/08_wechat_sources/shujuxiong/02_财务管理/20260205_财务部各岗位工作流程详解/images/img018.jpg	keep		M2	已移交微信材料；建议 M2 追加 immutable delta 并入来源登记
docs/knowledge-base/08_wechat_sources/shujuxiong/02_财务管理/20260205_财务部各岗位工作流程详解/images/img019.jpg	keep		M2	已移交微信材料；建议 M2 追加 immutable delta 并入来源登记
docs/knowledge-base/08_wechat_sources/shujuxiong/02_财务管理/20260205_财务部各岗位工作流程详解/images/img020.jpg	keep		M2	已移交微信材料；建议 M2 追加 immutable delta 并入来源登记
docs/knowledge-base/08_wechat_sources/shujuxiong/02_财务管理/20260205_财务部各岗位工作流程详解/images/img021.webp	keep		M2	已移交微信材料；建议 M2 追加 immutable delta 并入来源登记
docs/knowledge-base/08_wechat_sources/shujuxiong/02_财务管理/20260205_财务部各岗位工作流程详解/meta.json	keep		M2	已移交微信材料；建议 M2 追加 immutable delta 并入来源登记
docs/knowledge-base/08_wechat_sources/shujuxiong/02_财务管理/20260206_财务审核合同的关键要点清单/article.md	keep		M2	已移交微信材料；建议 M2 追加 immutable delta 并入来源登记
docs/knowledge-base/08_wechat_sources/shujuxiong/02_财务管理/20260206_财务审核合同的关键要点清单/images/cover.jpg	keep		M2	已移交微信材料；建议 M2 追加 immutable delta 并入来源登记
docs/knowledge-base/08_wechat_sources/shujuxiong/02_财务管理/20260206_财务审核合同的关键要点清单/images/img001.jpg	keep		M2	已移交微信材料；建议 M2 追加 immutable delta 并入来源登记
docs/knowledge-base/08_wechat_sources/shujuxiong/02_财务管理/20260206_财务审核合同的关键要点清单/images/img002.jpg	keep		M2	已移交微信材料；建议 M2 追加 immutable delta 并入来源登记
docs/knowledge-base/08_wechat_sources/shujuxiong/02_财务管理/20260206_财务审核合同的关键要点清单/images/img003.jpg	keep		M2	已移交微信材料；建议 M2 追加 immutable delta 并入来源登记
docs/knowledge-base/08_wechat_sources/shujuxiong/02_财务管理/20260206_财务审核合同的关键要点清单/images/img004.jpg	keep		M2	已移交微信材料；建议 M2 追加 immutable delta 并入来源登记
docs/knowledge-base/08_wechat_sources/shujuxiong/02_财务管理/20260206_财务审核合同的关键要点清单/images/img005.jpg	keep		M2	已移交微信材料；建议 M2 追加 immutable delta 并入来源登记
docs/knowledge-base/08_wechat_sources/shujuxiong/02_财务管理/20260206_财务审核合同的关键要点清单/images/img006.jpg	keep		M2	已移交微信材料；建议 M2 追加 immutable delta 并入来源登记
docs/knowledge-base/08_wechat_sources/shujuxiong/02_财务管理/20260206_财务审核合同的关键要点清单/images/img007.jpg	keep		M2	已移交微信材料；建议 M2 追加 immutable delta 并入来源登记
docs/knowledge-base/08_wechat_sources/shujuxiong/02_财务管理/20260206_财务审核合同的关键要点清单/images/img008.jpg	keep		M2	已移交微信材料；建议 M2 追加 immutable delta 并入来源登记
docs/knowledge-base/08_wechat_sources/shujuxiong/02_财务管理/20260206_财务审核合同的关键要点清单/images/img009.jpg	keep		M2	已移交微信材料；建议 M2 追加 immutable delta 并入来源登记
docs/knowledge-base/08_wechat_sources/shujuxiong/02_财务管理/20260206_财务审核合同的关键要点清单/images/img010.jpg	keep		M2	已移交微信材料；建议 M2 追加 immutable delta 并入来源登记
docs/knowledge-base/08_wechat_sources/shujuxiong/02_财务管理/20260206_财务审核合同的关键要点清单/images/img011.jpg	keep		M2	已移交微信材料；建议 M2 追加 immutable delta 并入来源登记
docs/knowledge-base/08_wechat_sources/shujuxiong/02_财务管理/20260206_财务审核合同的关键要点清单/images/img012.jpg	keep		M2	已移交微信材料；建议 M2 追加 immutable delta 并入来源登记
docs/knowledge-base/08_wechat_sources/shujuxiong/02_财务管理/20260206_财务审核合同的关键要点清单/images/img013.jpg	keep		M2	已移交微信材料；建议 M2 追加 immutable delta 并入来源登记
docs/knowledge-base/08_wechat_sources/shujuxiong/02_财务管理/20260206_财务审核合同的关键要点清单/images/img014.jpg	keep		M2	已移交微信材料；建议 M2 追加 immutable delta 并入来源登记
docs/knowledge-base/08_wechat_sources/shujuxiong/02_财务管理/20260206_财务审核合同的关键要点清单/images/img015.jpg	keep		M2	已移交微信材料；建议 M2 追加 immutable delta 并入来源登记
docs/knowledge-base/08_wechat_sources/shujuxiong/02_财务管理/20260206_财务审核合同的关键要点清单/images/img016.png	keep		M2	已移交微信材料；建议 M2 追加 immutable delta 并入来源登记
docs/knowledge-base/08_wechat_sources/shujuxiong/02_财务管理/20260206_财务审核合同的关键要点清单/meta.json	keep		M2	已移交微信材料；建议 M2 追加 immutable delta 并入来源登记
docs/knowledge-base/08_wechat_sources/shujuxiong/02_财务管理/20260206_财务总监2025年工作总结及2026年工作计划/article.md	keep		M2	已移交微信材料；建议 M2 追加 immutable delta 并入来源登记
docs/knowledge-base/08_wechat_sources/shujuxiong/02_财务管理/20260206_财务总监2025年工作总结及2026年工作计划/images/cover.jpg	keep		M2	已移交微信材料；建议 M2 追加 immutable delta 并入来源登记
docs/knowledge-base/08_wechat_sources/shujuxiong/02_财务管理/20260206_财务总监2025年工作总结及2026年工作计划/images/img001.jpg	keep		M2	已移交微信材料；建议 M2 追加 immutable delta 并入来源登记
docs/knowledge-base/08_wechat_sources/shujuxiong/02_财务管理/20260206_财务总监2025年工作总结及2026年工作计划/images/img002.jpg	keep		M2	已移交微信材料；建议 M2 追加 immutable delta 并入来源登记
docs/knowledge-base/08_wechat_sources/shujuxiong/02_财务管理/20260206_财务总监2025年工作总结及2026年工作计划/images/img003.jpg	keep		M2	已移交微信材料；建议 M2 追加 immutable delta 并入来源登记
docs/knowledge-base/08_wechat_sources/shujuxiong/02_财务管理/20260206_财务总监2025年工作总结及2026年工作计划/images/img004.jpg	keep		M2	已移交微信材料；建议 M2 追加 immutable delta 并入来源登记
docs/knowledge-base/08_wechat_sources/shujuxiong/02_财务管理/20260206_财务总监2025年工作总结及2026年工作计划/images/img005.jpg	keep		M2	已移交微信材料；建议 M2 追加 immutable delta 并入来源登记
docs/knowledge-base/08_wechat_sources/shujuxiong/02_财务管理/20260206_财务总监2025年工作总结及2026年工作计划/images/img006.jpg	keep		M2	已移交微信材料；建议 M2 追加 immutable delta 并入来源登记
docs/knowledge-base/08_wechat_sources/shujuxiong/02_财务管理/20260206_财务总监2025年工作总结及2026年工作计划/images/img007.jpg	keep		M2	已移交微信材料；建议 M2 追加 immutable delta 并入来源登记
docs/knowledge-base/08_wechat_sources/shujuxiong/02_财务管理/20260206_财务总监2025年工作总结及2026年工作计划/images/img008.jpg	keep		M2	已移交微信材料；建议 M2 追加 immutable delta 并入来源登记
docs/knowledge-base/08_wechat_sources/shujuxiong/02_财务管理/20260206_财务总监2025年工作总结及2026年工作计划/images/img009.jpg	keep		M2	已移交微信材料；建议 M2 追加 immutable delta 并入来源登记
docs/knowledge-base/08_wechat_sources/shujuxiong/02_财务管理/20260206_财务总监2025年工作总结及2026年工作计划/images/img010.jpg	keep		M2	已移交微信材料；建议 M2 追加 immutable delta 并入来源登记
docs/knowledge-base/08_wechat_sources/shujuxiong/02_财务管理/20260206_财务总监2025年工作总结及2026年工作计划/images/img011.jpg	keep		M2	已移交微信材料；建议 M2 追加 immutable delta 并入来源登记
docs/knowledge-base/08_wechat_sources/shujuxiong/02_财务管理/20260206_财务总监2025年工作总结及2026年工作计划/images/img012.jpg	keep		M2	已移交微信材料；建议 M2 追加 immutable delta 并入来源登记
docs/knowledge-base/08_wechat_sources/shujuxiong/02_财务管理/20260206_财务总监2025年工作总结及2026年工作计划/images/img013.jpg	keep		M2	已移交微信材料；建议 M2 追加 immutable delta 并入来源登记
docs/knowledge-base/08_wechat_sources/shujuxiong/02_财务管理/20260206_财务总监2025年工作总结及2026年工作计划/images/img014.jpg	keep		M2	已移交微信材料；建议 M2 追加 immutable delta 并入来源登记
docs/knowledge-base/08_wechat_sources/shujuxiong/02_财务管理/20260206_财务总监2025年工作总结及2026年工作计划/images/img015.jpg	keep		M2	已移交微信材料；建议 M2 追加 immutable delta 并入来源登记
docs/knowledge-base/08_wechat_sources/shujuxiong/02_财务管理/20260206_财务总监2025年工作总结及2026年工作计划/images/img016.jpg	keep		M2	已移交微信材料；建议 M2 追加 immutable delta 并入来源登记
docs/knowledge-base/08_wechat_sources/shujuxiong/02_财务管理/20260206_财务总监2025年工作总结及2026年工作计划/images/img017.jpg	keep		M2	已移交微信材料；建议 M2 追加 immutable delta 并入来源登记
docs/knowledge-base/08_wechat_sources/shujuxiong/02_财务管理/20260206_财务总监2025年工作总结及2026年工作计划/images/img018.jpg	keep		M2	已移交微信材料；建议 M2 追加 immutable delta 并入来源登记
docs/knowledge-base/08_wechat_sources/shujuxiong/02_财务管理/20260206_财务总监2025年工作总结及2026年工作计划/images/img019.jpg	keep		M2	已移交微信材料；建议 M2 追加 immutable delta 并入来源登记
docs/knowledge-base/08_wechat_sources/shujuxiong/02_财务管理/20260206_财务总监2025年工作总结及2026年工作计划/images/img020.jpg	keep		M2	已移交微信材料；建议 M2 追加 immutable delta 并入来源登记
docs/knowledge-base/08_wechat_sources/shujuxiong/02_财务管理/20260206_财务总监2025年工作总结及2026年工作计划/images/img021.jpg	keep		M2	已移交微信材料；建议 M2 追加 immutable delta 并入来源登记
docs/knowledge-base/08_wechat_sources/shujuxiong/02_财务管理/20260206_财务总监2025年工作总结及2026年工作计划/images/img022.jpg	keep		M2	已移交微信材料；建议 M2 追加 immutable delta 并入来源登记
docs/knowledge-base/08_wechat_sources/shujuxiong/02_财务管理/20260206_财务总监2025年工作总结及2026年工作计划/images/img023.jpg	keep		M2	已移交微信材料；建议 M2 追加 immutable delta 并入来源登记
docs/knowledge-base/08_wechat_sources/shujuxiong/02_财务管理/20260206_财务总监2025年工作总结及2026年工作计划/images/img024.jpg	keep		M2	已移交微信材料；建议 M2 追加 immutable delta 并入来源登记
docs/knowledge-base/08_wechat_sources/shujuxiong/02_财务管理/20260206_财务总监2025年工作总结及2026年工作计划/images/img025.jpg	keep		M2	已移交微信材料；建议 M2 追加 immutable delta 并入来源登记
docs/knowledge-base/08_wechat_sources/shujuxiong/02_财务管理/20260206_财务总监2025年工作总结及2026年工作计划/images/img026.webp	keep		M2	已移交微信材料；建议 M2 追加 immutable delta 并入来源登记
docs/knowledge-base/08_wechat_sources/shujuxiong/02_财务管理/20260206_财务总监2025年工作总结及2026年工作计划/meta.json	keep		M2	已移交微信材料；建议 M2 追加 immutable delta 并入来源登记
docs/knowledge-base/08_wechat_sources/shujuxiong/02_财务管理/20260213_2026年1月资金及现金流分析报告/article.md	keep		M2	已移交微信材料；建议 M2 追加 immutable delta 并入来源登记
docs/knowledge-base/08_wechat_sources/shujuxiong/02_财务管理/20260213_2026年1月资金及现金流分析报告/images/cover.jpg	keep		M2	已移交微信材料；建议 M2 追加 immutable delta 并入来源登记
docs/knowledge-base/08_wechat_sources/shujuxiong/02_财务管理/20260213_2026年1月资金及现金流分析报告/images/img001.jpg	keep		M2	已移交微信材料；建议 M2 追加 immutable delta 并入来源登记
docs/knowledge-base/08_wechat_sources/shujuxiong/02_财务管理/20260213_2026年1月资金及现金流分析报告/images/img002.jpg	keep		M2	已移交微信材料；建议 M2 追加 immutable delta 并入来源登记
docs/knowledge-base/08_wechat_sources/shujuxiong/02_财务管理/20260213_2026年1月资金及现金流分析报告/images/img003.jpg	keep		M2	已移交微信材料；建议 M2 追加 immutable delta 并入来源登记
docs/knowledge-base/08_wechat_sources/shujuxiong/02_财务管理/20260213_2026年1月资金及现金流分析报告/images/img004.jpg	keep		M2	已移交微信材料；建议 M2 追加 immutable delta 并入来源登记
docs/knowledge-base/08_wechat_sources/shujuxiong/02_财务管理/20260213_2026年1月资金及现金流分析报告/images/img005.jpg	keep		M2	已移交微信材料；建议 M2 追加 immutable delta 并入来源登记
docs/knowledge-base/08_wechat_sources/shujuxiong/02_财务管理/20260213_2026年1月资金及现金流分析报告/images/img006.jpg	keep		M2	已移交微信材料；建议 M2 追加 immutable delta 并入来源登记
docs/knowledge-base/08_wechat_sources/shujuxiong/02_财务管理/20260213_2026年1月资金及现金流分析报告/images/img007.jpg	keep		M2	已移交微信材料；建议 M2 追加 immutable delta 并入来源登记
docs/knowledge-base/08_wechat_sources/shujuxiong/02_财务管理/20260213_2026年1月资金及现金流分析报告/images/img008.jpg	keep		M2	已移交微信材料；建议 M2 追加 immutable delta 并入来源登记
docs/knowledge-base/08_wechat_sources/shujuxiong/02_财务管理/20260213_2026年1月资金及现金流分析报告/images/img009.jpg	keep		M2	已移交微信材料；建议 M2 追加 immutable delta 并入来源登记
docs/knowledge-base/08_wechat_sources/shujuxiong/02_财务管理/20260213_2026年1月资金及现金流分析报告/images/img010.jpg	keep		M2	已移交微信材料；建议 M2 追加 immutable delta 并入来源登记
docs/knowledge-base/08_wechat_sources/shujuxiong/02_财务管理/20260213_2026年1月资金及现金流分析报告/images/img011.jpg	keep		M2	已移交微信材料；建议 M2 追加 immutable delta 并入来源登记
docs/knowledge-base/08_wechat_sources/shujuxiong/02_财务管理/20260213_2026年1月资金及现金流分析报告/images/img012.jpg	keep		M2	已移交微信材料；建议 M2 追加 immutable delta 并入来源登记
docs/knowledge-base/08_wechat_sources/shujuxiong/02_财务管理/20260213_2026年1月资金及现金流分析报告/images/img013.jpg	keep		M2	已移交微信材料；建议 M2 追加 immutable delta 并入来源登记
docs/knowledge-base/08_wechat_sources/shujuxiong/02_财务管理/20260213_2026年1月资金及现金流分析报告/images/img014.jpg	keep		M2	已移交微信材料；建议 M2 追加 immutable delta 并入来源登记
docs/knowledge-base/08_wechat_sources/shujuxiong/02_财务管理/20260213_2026年1月资金及现金流分析报告/images/img015.jpg	keep		M2	已移交微信材料；建议 M2 追加 immutable delta 并入来源登记
docs/knowledge-base/08_wechat_sources/shujuxiong/02_财务管理/20260213_2026年1月资金及现金流分析报告/images/img016.jpg	keep		M2	已移交微信材料；建议 M2 追加 immutable delta 并入来源登记
docs/knowledge-base/08_wechat_sources/shujuxiong/02_财务管理/20260213_2026年1月资金及现金流分析报告/images/img017.jpg	keep		M2	已移交微信材料；建议 M2 追加 immutable delta 并入来源登记
docs/knowledge-base/08_wechat_sources/shujuxiong/02_财务管理/20260213_2026年1月资金及现金流分析报告/images/img018.jpg	keep		M2	已移交微信材料；建议 M2 追加 immutable delta 并入来源登记
docs/knowledge-base/08_wechat_sources/shujuxiong/02_财务管理/20260213_2026年1月资金及现金流分析报告/images/img019.webp	keep		M2	已移交微信材料；建议 M2 追加 immutable delta 并入来源登记
docs/knowledge-base/08_wechat_sources/shujuxiong/02_财务管理/20260213_2026年1月资金及现金流分析报告/meta.json	keep		M2	已移交微信材料；建议 M2 追加 immutable delta 并入来源登记
docs/knowledge-base/08_wechat_sources/shujuxiong/02_财务管理/20260216_2026年1月财务分析报告/article.md	keep		M2	已移交微信材料；建议 M2 追加 immutable delta 并入来源登记
docs/knowledge-base/08_wechat_sources/shujuxiong/02_财务管理/20260216_2026年1月财务分析报告/images/cover.jpg	keep		M2	已移交微信材料；建议 M2 追加 immutable delta 并入来源登记
docs/knowledge-base/08_wechat_sources/shujuxiong/02_财务管理/20260216_2026年1月财务分析报告/images/img001.jpg	keep		M2	已移交微信材料；建议 M2 追加 immutable delta 并入来源登记
docs/knowledge-base/08_wechat_sources/shujuxiong/02_财务管理/20260216_2026年1月财务分析报告/images/img002.jpg	keep		M2	已移交微信材料；建议 M2 追加 immutable delta 并入来源登记
docs/knowledge-base/08_wechat_sources/shujuxiong/02_财务管理/20260216_2026年1月财务分析报告/images/img003.jpg	keep		M2	已移交微信材料；建议 M2 追加 immutable delta 并入来源登记
docs/knowledge-base/08_wechat_sources/shujuxiong/02_财务管理/20260216_2026年1月财务分析报告/images/img004.jpg	keep		M2	已移交微信材料；建议 M2 追加 immutable delta 并入来源登记
docs/knowledge-base/08_wechat_sources/shujuxiong/02_财务管理/20260216_2026年1月财务分析报告/images/img005.jpg	keep		M2	已移交微信材料；建议 M2 追加 immutable delta 并入来源登记
docs/knowledge-base/08_wechat_sources/shujuxiong/02_财务管理/20260216_2026年1月财务分析报告/images/img006.jpg	keep		M2	已移交微信材料；建议 M2 追加 immutable delta 并入来源登记
docs/knowledge-base/08_wechat_sources/shujuxiong/02_财务管理/20260216_2026年1月财务分析报告/images/img007.jpg	keep		M2	已移交微信材料；建议 M2 追加 immutable delta 并入来源登记
docs/knowledge-base/08_wechat_sources/shujuxiong/02_财务管理/20260216_2026年1月财务分析报告/images/img008.jpg	keep		M2	已移交微信材料；建议 M2 追加 immutable delta 并入来源登记
docs/knowledge-base/08_wechat_sources/shujuxiong/02_财务管理/20260216_2026年1月财务分析报告/images/img009.jpg	keep		M2	已移交微信材料；建议 M2 追加 immutable delta 并入来源登记
docs/knowledge-base/08_wechat_sources/shujuxiong/02_财务管理/20260216_2026年1月财务分析报告/images/img010.jpg	keep		M2	已移交微信材料；建议 M2 追加 immutable delta 并入来源登记
docs/knowledge-base/08_wechat_sources/shujuxiong/02_财务管理/20260216_2026年1月财务分析报告/images/img011.jpg	keep		M2	已移交微信材料；建议 M2 追加 immutable delta 并入来源登记
docs/knowledge-base/08_wechat_sources/shujuxiong/02_财务管理/20260216_2026年1月财务分析报告/images/img012.jpg	keep		M2	已移交微信材料；建议 M2 追加 immutable delta 并入来源登记
docs/knowledge-base/08_wechat_sources/shujuxiong/02_财务管理/20260216_2026年1月财务分析报告/images/img013.jpg	keep		M2	已移交微信材料；建议 M2 追加 immutable delta 并入来源登记
docs/knowledge-base/08_wechat_sources/shujuxiong/02_财务管理/20260216_2026年1月财务分析报告/images/img014.jpg	keep		M2	已移交微信材料；建议 M2 追加 immutable delta 并入来源登记
docs/knowledge-base/08_wechat_sources/shujuxiong/02_财务管理/20260216_2026年1月财务分析报告/images/img015.jpg	keep		M2	已移交微信材料；建议 M2 追加 immutable delta 并入来源登记
docs/knowledge-base/08_wechat_sources/shujuxiong/02_财务管理/20260216_2026年1月财务分析报告/images/img016.png	keep		M2	已移交微信材料；建议 M2 追加 immutable delta 并入来源登记
docs/knowledge-base/08_wechat_sources/shujuxiong/02_财务管理/20260216_2026年1月财务分析报告/images/img017.png	keep		M2	已移交微信材料；建议 M2 追加 immutable delta 并入来源登记
docs/knowledge-base/08_wechat_sources/shujuxiong/02_财务管理/20260216_2026年1月财务分析报告/images/img018.png	keep		M2	已移交微信材料；建议 M2 追加 immutable delta 并入来源登记
docs/knowledge-base/08_wechat_sources/shujuxiong/02_财务管理/20260216_2026年1月财务分析报告/meta.json	keep		M2	已移交微信材料；建议 M2 追加 immutable delta 并入来源登记
docs/knowledge-base/08_wechat_sources/shujuxiong/02_财务管理/20260219_财务部各岗位工作流程详解/article.md	keep		M2	已移交微信材料；建议 M2 追加 immutable delta 并入来源登记
docs/knowledge-base/08_wechat_sources/shujuxiong/02_财务管理/20260219_财务部各岗位工作流程详解/images/cover.jpg	keep		M2	已移交微信材料；建议 M2 追加 immutable delta 并入来源登记
docs/knowledge-base/08_wechat_sources/shujuxiong/02_财务管理/20260219_财务部各岗位工作流程详解/images/img001.jpg	keep		M2	已移交微信材料；建议 M2 追加 immutable delta 并入来源登记
docs/knowledge-base/08_wechat_sources/shujuxiong/02_财务管理/20260219_财务部各岗位工作流程详解/images/img002.jpg	keep		M2	已移交微信材料；建议 M2 追加 immutable delta 并入来源登记
docs/knowledge-base/08_wechat_sources/shujuxiong/02_财务管理/20260219_财务部各岗位工作流程详解/images/img003.jpg	keep		M2	已移交微信材料；建议 M2 追加 immutable delta 并入来源登记
docs/knowledge-base/08_wechat_sources/shujuxiong/02_财务管理/20260219_财务部各岗位工作流程详解/images/img004.jpg	keep		M2	已移交微信材料；建议 M2 追加 immutable delta 并入来源登记
docs/knowledge-base/08_wechat_sources/shujuxiong/02_财务管理/20260219_财务部各岗位工作流程详解/images/img005.jpg	keep		M2	已移交微信材料；建议 M2 追加 immutable delta 并入来源登记
docs/knowledge-base/08_wechat_sources/shujuxiong/02_财务管理/20260219_财务部各岗位工作流程详解/images/img006.jpg	keep		M2	已移交微信材料；建议 M2 追加 immutable delta 并入来源登记
docs/knowledge-base/08_wechat_sources/shujuxiong/02_财务管理/20260219_财务部各岗位工作流程详解/images/img007.jpg	keep		M2	已移交微信材料；建议 M2 追加 immutable delta 并入来源登记
docs/knowledge-base/08_wechat_sources/shujuxiong/02_财务管理/20260219_财务部各岗位工作流程详解/images/img008.jpg	keep		M2	已移交微信材料；建议 M2 追加 immutable delta 并入来源登记
docs/knowledge-base/08_wechat_sources/shujuxiong/02_财务管理/20260219_财务部各岗位工作流程详解/images/img009.jpg	keep		M2	已移交微信材料；建议 M2 追加 immutable delta 并入来源登记
docs/knowledge-base/08_wechat_sources/shujuxiong/02_财务管理/20260219_财务部各岗位工作流程详解/images/img010.jpg	keep		M2	已移交微信材料；建议 M2 追加 immutable delta 并入来源登记
docs/knowledge-base/08_wechat_sources/shujuxiong/02_财务管理/20260219_财务部各岗位工作流程详解/images/img011.jpg	keep		M2	已移交微信材料；建议 M2 追加 immutable delta 并入来源登记
docs/knowledge-base/08_wechat_sources/shujuxiong/02_财务管理/20260219_财务部各岗位工作流程详解/images/img012.jpg	keep		M2	已移交微信材料；建议 M2 追加 immutable delta 并入来源登记
docs/knowledge-base/08_wechat_sources/shujuxiong/02_财务管理/20260219_财务部各岗位工作流程详解/images/img013.jpg	keep		M2	已移交微信材料；建议 M2 追加 immutable delta 并入来源登记
docs/knowledge-base/08_wechat_sources/shujuxiong/02_财务管理/20260219_财务部各岗位工作流程详解/images/img014.jpg	keep		M2	已移交微信材料；建议 M2 追加 immutable delta 并入来源登记
docs/knowledge-base/08_wechat_sources/shujuxiong/02_财务管理/20260219_财务部各岗位工作流程详解/images/img015.jpg	keep		M2	已移交微信材料；建议 M2 追加 immutable delta 并入来源登记
docs/knowledge-base/08_wechat_sources/shujuxiong/02_财务管理/20260219_财务部各岗位工作流程详解/images/img016.jpg	keep		M2	已移交微信材料；建议 M2 追加 immutable delta 并入来源登记
docs/knowledge-base/08_wechat_sources/shujuxiong/02_财务管理/20260219_财务部各岗位工作流程详解/images/img017.jpg	keep		M2	已移交微信材料；建议 M2 追加 immutable delta 并入来源登记
docs/knowledge-base/08_wechat_sources/shujuxiong/02_财务管理/20260219_财务部各岗位工作流程详解/images/img018.jpg	keep		M2	已移交微信材料；建议 M2 追加 immutable delta 并入来源登记
docs/knowledge-base/08_wechat_sources/shujuxiong/02_财务管理/20260219_财务部各岗位工作流程详解/images/img019.jpg	keep		M2	已移交微信材料；建议 M2 追加 immutable delta 并入来源登记
docs/knowledge-base/08_wechat_sources/shujuxiong/02_财务管理/20260219_财务部各岗位工作流程详解/images/img020.jpg	keep		M2	已移交微信材料；建议 M2 追加 immutable delta 并入来源登记
docs/knowledge-base/08_wechat_sources/shujuxiong/02_财务管理/20260219_财务部各岗位工作流程详解/images/img021.webp	keep		M2	已移交微信材料；建议 M2 追加 immutable delta 并入来源登记
docs/knowledge-base/08_wechat_sources/shujuxiong/02_财务管理/20260219_财务部各岗位工作流程详解/meta.json	keep		M2	已移交微信材料；建议 M2 追加 immutable delta 并入来源登记
docs/knowledge-base/08_wechat_sources/shujuxiong/02_财务管理/20260224_财务总监2025年工作总结及2026年工作计划/article.md	keep		M2	已移交微信材料；建议 M2 追加 immutable delta 并入来源登记
docs/knowledge-base/08_wechat_sources/shujuxiong/02_财务管理/20260224_财务总监2025年工作总结及2026年工作计划/images/cover.jpg	keep		M2	已移交微信材料；建议 M2 追加 immutable delta 并入来源登记
docs/knowledge-base/08_wechat_sources/shujuxiong/02_财务管理/20260224_财务总监2025年工作总结及2026年工作计划/images/img001.jpg	keep		M2	已移交微信材料；建议 M2 追加 immutable delta 并入来源登记
docs/knowledge-base/08_wechat_sources/shujuxiong/02_财务管理/20260224_财务总监2025年工作总结及2026年工作计划/images/img002.jpg	keep		M2	已移交微信材料；建议 M2 追加 immutable delta 并入来源登记
docs/knowledge-base/08_wechat_sources/shujuxiong/02_财务管理/20260224_财务总监2025年工作总结及2026年工作计划/images/img003.jpg	keep		M2	已移交微信材料；建议 M2 追加 immutable delta 并入来源登记
docs/knowledge-base/08_wechat_sources/shujuxiong/02_财务管理/20260224_财务总监2025年工作总结及2026年工作计划/images/img004.jpg	keep		M2	已移交微信材料；建议 M2 追加 immutable delta 并入来源登记
docs/knowledge-base/08_wechat_sources/shujuxiong/02_财务管理/20260224_财务总监2025年工作总结及2026年工作计划/images/img005.jpg	keep		M2	已移交微信材料；建议 M2 追加 immutable delta 并入来源登记
docs/knowledge-base/08_wechat_sources/shujuxiong/02_财务管理/20260224_财务总监2025年工作总结及2026年工作计划/images/img006.jpg	keep		M2	已移交微信材料；建议 M2 追加 immutable delta 并入来源登记
docs/knowledge-base/08_wechat_sources/shujuxiong/02_财务管理/20260224_财务总监2025年工作总结及2026年工作计划/images/img007.jpg	keep		M2	已移交微信材料；建议 M2 追加 immutable delta 并入来源登记
docs/knowledge-base/08_wechat_sources/shujuxiong/02_财务管理/20260224_财务总监2025年工作总结及2026年工作计划/images/img008.jpg	keep		M2	已移交微信材料；建议 M2 追加 immutable delta 并入来源登记
docs/knowledge-base/08_wechat_sources/shujuxiong/02_财务管理/20260224_财务总监2025年工作总结及2026年工作计划/images/img009.jpg	keep		M2	已移交微信材料；建议 M2 追加 immutable delta 并入来源登记
docs/knowledge-base/08_wechat_sources/shujuxiong/02_财务管理/20260224_财务总监2025年工作总结及2026年工作计划/images/img010.jpg	keep		M2	已移交微信材料；建议 M2 追加 immutable delta 并入来源登记
docs/knowledge-base/08_wechat_sources/shujuxiong/02_财务管理/20260224_财务总监2025年工作总结及2026年工作计划/images/img011.jpg	keep		M2	已移交微信材料；建议 M2 追加 immutable delta 并入来源登记
docs/knowledge-base/08_wechat_sources/shujuxiong/02_财务管理/20260224_财务总监2025年工作总结及2026年工作计划/images/img012.jpg	keep		M2	已移交微信材料；建议 M2 追加 immutable delta 并入来源登记
docs/knowledge-base/08_wechat_sources/shujuxiong/02_财务管理/20260224_财务总监2025年工作总结及2026年工作计划/images/img013.jpg	keep		M2	已移交微信材料；建议 M2 追加 immutable delta 并入来源登记
docs/knowledge-base/08_wechat_sources/shujuxiong/02_财务管理/20260224_财务总监2025年工作总结及2026年工作计划/images/img014.jpg	keep		M2	已移交微信材料；建议 M2 追加 immutable delta 并入来源登记
docs/knowledge-base/08_wechat_sources/shujuxiong/02_财务管理/20260224_财务总监2025年工作总结及2026年工作计划/images/img015.jpg	keep		M2	已移交微信材料；建议 M2 追加 immutable delta 并入来源登记
docs/knowledge-base/08_wechat_sources/shujuxiong/02_财务管理/20260224_财务总监2025年工作总结及2026年工作计划/images/img016.jpg	keep		M2	已移交微信材料；建议 M2 追加 immutable delta 并入来源登记
docs/knowledge-base/08_wechat_sources/shujuxiong/02_财务管理/20260224_财务总监2025年工作总结及2026年工作计划/images/img017.jpg	keep		M2	已移交微信材料；建议 M2 追加 immutable delta 并入来源登记
docs/knowledge-base/08_wechat_sources/shujuxiong/02_财务管理/20260224_财务总监2025年工作总结及2026年工作计划/images/img018.jpg	keep		M2	已移交微信材料；建议 M2 追加 immutable delta 并入来源登记
docs/knowledge-base/08_wechat_sources/shujuxiong/02_财务管理/20260224_财务总监2025年工作总结及2026年工作计划/images/img019.jpg	keep		M2	已移交微信材料；建议 M2 追加 immutable delta 并入来源登记
docs/knowledge-base/08_wechat_sources/shujuxiong/02_财务管理/20260224_财务总监2025年工作总结及2026年工作计划/images/img020.jpg	keep		M2	已移交微信材料；建议 M2 追加 immutable delta 并入来源登记
docs/knowledge-base/08_wechat_sources/shujuxiong/02_财务管理/20260224_财务总监2025年工作总结及2026年工作计划/images/img021.jpg	keep		M2	已移交微信材料；建议 M2 追加 immutable delta 并入来源登记
docs/knowledge-base/08_wechat_sources/shujuxiong/02_财务管理/20260224_财务总监2025年工作总结及2026年工作计划/images/img022.jpg	keep		M2	已移交微信材料；建议 M2 追加 immutable delta 并入来源登记
docs/knowledge-base/08_wechat_sources/shujuxiong/02_财务管理/20260224_财务总监2025年工作总结及2026年工作计划/images/img023.jpg	keep		M2	已移交微信材料；建议 M2 追加 immutable delta 并入来源登记
docs/knowledge-base/08_wechat_sources/shujuxiong/02_财务管理/20260224_财务总监2025年工作总结及2026年工作计划/images/img024.jpg	keep		M2	已移交微信材料；建议 M2 追加 immutable delta 并入来源登记
docs/knowledge-base/08_wechat_sources/shujuxiong/02_财务管理/20260224_财务总监2025年工作总结及2026年工作计划/images/img025.jpg	keep		M2	已移交微信材料；建议 M2 追加 immutable delta 并入来源登记
docs/knowledge-base/08_wechat_sources/shujuxiong/02_财务管理/20260224_财务总监2025年工作总结及2026年工作计划/images/img026.webp	keep		M2	已移交微信材料；建议 M2 追加 immutable delta 并入来源登记
docs/knowledge-base/08_wechat_sources/shujuxiong/02_财务管理/20260224_财务总监2025年工作总结及2026年工作计划/meta.json	keep		M2	已移交微信材料；建议 M2 追加 immutable delta 并入来源登记
docs/knowledge-base/08_wechat_sources/shujuxiong/02_财务管理/20260308_财务部各岗位工作流程详解/article.md	keep		M2	已移交微信材料；建议 M2 追加 immutable delta 并入来源登记
docs/knowledge-base/08_wechat_sources/shujuxiong/02_财务管理/20260308_财务部各岗位工作流程详解/images/cover.jpg	keep		M2	已移交微信材料；建议 M2 追加 immutable delta 并入来源登记
docs/knowledge-base/08_wechat_sources/shujuxiong/02_财务管理/20260308_财务部各岗位工作流程详解/images/img001.jpg	keep		M2	已移交微信材料；建议 M2 追加 immutable delta 并入来源登记
docs/knowledge-base/08_wechat_sources/shujuxiong/02_财务管理/20260308_财务部各岗位工作流程详解/images/img002.jpg	keep		M2	已移交微信材料；建议 M2 追加 immutable delta 并入来源登记
docs/knowledge-base/08_wechat_sources/shujuxiong/02_财务管理/20260308_财务部各岗位工作流程详解/images/img003.jpg	keep		M2	已移交微信材料；建议 M2 追加 immutable delta 并入来源登记
docs/knowledge-base/08_wechat_sources/shujuxiong/02_财务管理/20260308_财务部各岗位工作流程详解/images/img004.jpg	keep		M2	已移交微信材料；建议 M2 追加 immutable delta 并入来源登记
docs/knowledge-base/08_wechat_sources/shujuxiong/02_财务管理/20260308_财务部各岗位工作流程详解/images/img005.jpg	keep		M2	已移交微信材料；建议 M2 追加 immutable delta 并入来源登记
docs/knowledge-base/08_wechat_sources/shujuxiong/02_财务管理/20260308_财务部各岗位工作流程详解/images/img006.jpg	keep		M2	已移交微信材料；建议 M2 追加 immutable delta 并入来源登记
docs/knowledge-base/08_wechat_sources/shujuxiong/02_财务管理/20260308_财务部各岗位工作流程详解/images/img007.jpg	keep		M2	已移交微信材料；建议 M2 追加 immutable delta 并入来源登记
docs/knowledge-base/08_wechat_sources/shujuxiong/02_财务管理/20260308_财务部各岗位工作流程详解/images/img008.jpg	keep		M2	已移交微信材料；建议 M2 追加 immutable delta 并入来源登记
docs/knowledge-base/08_wechat_sources/shujuxiong/02_财务管理/20260308_财务部各岗位工作流程详解/images/img009.jpg	keep		M2	已移交微信材料；建议 M2 追加 immutable delta 并入来源登记
docs/knowledge-base/08_wechat_sources/shujuxiong/02_财务管理/20260308_财务部各岗位工作流程详解/images/img010.jpg	keep		M2	已移交微信材料；建议 M2 追加 immutable delta 并入来源登记
docs/knowledge-base/08_wechat_sources/shujuxiong/02_财务管理/20260308_财务部各岗位工作流程详解/images/img011.jpg	keep		M2	已移交微信材料；建议 M2 追加 immutable delta 并入来源登记
docs/knowledge-base/08_wechat_sources/shujuxiong/02_财务管理/20260308_财务部各岗位工作流程详解/images/img012.jpg	keep		M2	已移交微信材料；建议 M2 追加 immutable delta 并入来源登记
docs/knowledge-base/08_wechat_sources/shujuxiong/02_财务管理/20260308_财务部各岗位工作流程详解/images/img013.jpg	keep		M2	已移交微信材料；建议 M2 追加 immutable delta 并入来源登记
docs/knowledge-base/08_wechat_sources/shujuxiong/02_财务管理/20260308_财务部各岗位工作流程详解/images/img014.jpg	keep		M2	已移交微信材料；建议 M2 追加 immutable delta 并入来源登记
docs/knowledge-base/08_wechat_sources/shujuxiong/02_财务管理/20260308_财务部各岗位工作流程详解/images/img015.jpg	keep		M2	已移交微信材料；建议 M2 追加 immutable delta 并入来源登记
docs/knowledge-base/08_wechat_sources/shujuxiong/02_财务管理/20260308_财务部各岗位工作流程详解/images/img016.jpg	keep		M2	已移交微信材料；建议 M2 追加 immutable delta 并入来源登记
docs/knowledge-base/08_wechat_sources/shujuxiong/02_财务管理/20260308_财务部各岗位工作流程详解/images/img017.jpg	keep		M2	已移交微信材料；建议 M2 追加 immutable delta 并入来源登记
docs/knowledge-base/08_wechat_sources/shujuxiong/02_财务管理/20260308_财务部各岗位工作流程详解/images/img018.jpg	keep		M2	已移交微信材料；建议 M2 追加 immutable delta 并入来源登记
docs/knowledge-base/08_wechat_sources/shujuxiong/02_财务管理/20260308_财务部各岗位工作流程详解/images/img019.jpg	keep		M2	已移交微信材料；建议 M2 追加 immutable delta 并入来源登记
docs/knowledge-base/08_wechat_sources/shujuxiong/02_财务管理/20260308_财务部各岗位工作流程详解/images/img020.jpg	keep		M2	已移交微信材料；建议 M2 追加 immutable delta 并入来源登记
docs/knowledge-base/08_wechat_sources/shujuxiong/02_财务管理/20260308_财务部各岗位工作流程详解/images/img021.webp	keep		M2	已移交微信材料；建议 M2 追加 immutable delta 并入来源登记
docs/knowledge-base/08_wechat_sources/shujuxiong/02_财务管理/20260308_财务部各岗位工作流程详解/meta.json	keep		M2	已移交微信材料；建议 M2 追加 immutable delta 并入来源登记
docs/knowledge-base/08_wechat_sources/shujuxiong/02_财务管理/20260314_财务总监2025年工作总结及2026年工作计划/article.md	keep		M2	已移交微信材料；建议 M2 追加 immutable delta 并入来源登记
docs/knowledge-base/08_wechat_sources/shujuxiong/02_财务管理/20260314_财务总监2025年工作总结及2026年工作计划/images/cover.jpg	keep		M2	已移交微信材料；建议 M2 追加 immutable delta 并入来源登记
docs/knowledge-base/08_wechat_sources/shujuxiong/02_财务管理/20260314_财务总监2025年工作总结及2026年工作计划/images/img001.jpg	keep		M2	已移交微信材料；建议 M2 追加 immutable delta 并入来源登记
docs/knowledge-base/08_wechat_sources/shujuxiong/02_财务管理/20260314_财务总监2025年工作总结及2026年工作计划/images/img002.jpg	keep		M2	已移交微信材料；建议 M2 追加 immutable delta 并入来源登记
docs/knowledge-base/08_wechat_sources/shujuxiong/02_财务管理/20260314_财务总监2025年工作总结及2026年工作计划/images/img003.jpg	keep		M2	已移交微信材料；建议 M2 追加 immutable delta 并入来源登记
docs/knowledge-base/08_wechat_sources/shujuxiong/02_财务管理/20260314_财务总监2025年工作总结及2026年工作计划/images/img004.jpg	keep		M2	已移交微信材料；建议 M2 追加 immutable delta 并入来源登记
docs/knowledge-base/08_wechat_sources/shujuxiong/02_财务管理/20260314_财务总监2025年工作总结及2026年工作计划/images/img005.jpg	keep		M2	已移交微信材料；建议 M2 追加 immutable delta 并入来源登记
docs/knowledge-base/08_wechat_sources/shujuxiong/02_财务管理/20260314_财务总监2025年工作总结及2026年工作计划/images/img006.jpg	keep		M2	已移交微信材料；建议 M2 追加 immutable delta 并入来源登记
docs/knowledge-base/08_wechat_sources/shujuxiong/02_财务管理/20260314_财务总监2025年工作总结及2026年工作计划/images/img007.jpg	keep		M2	已移交微信材料；建议 M2 追加 immutable delta 并入来源登记
docs/knowledge-base/08_wechat_sources/shujuxiong/02_财务管理/20260314_财务总监2025年工作总结及2026年工作计划/images/img008.jpg	keep		M2	已移交微信材料；建议 M2 追加 immutable delta 并入来源登记
docs/knowledge-base/08_wechat_sources/shujuxiong/02_财务管理/20260314_财务总监2025年工作总结及2026年工作计划/images/img009.jpg	keep		M2	已移交微信材料；建议 M2 追加 immutable delta 并入来源登记
docs/knowledge-base/08_wechat_sources/shujuxiong/02_财务管理/20260314_财务总监2025年工作总结及2026年工作计划/images/img010.jpg	keep		M2	已移交微信材料；建议 M2 追加 immutable delta 并入来源登记
docs/knowledge-base/08_wechat_sources/shujuxiong/02_财务管理/20260314_财务总监2025年工作总结及2026年工作计划/images/img011.jpg	keep		M2	已移交微信材料；建议 M2 追加 immutable delta 并入来源登记
docs/knowledge-base/08_wechat_sources/shujuxiong/02_财务管理/20260314_财务总监2025年工作总结及2026年工作计划/images/img012.jpg	keep		M2	已移交微信材料；建议 M2 追加 immutable delta 并入来源登记
docs/knowledge-base/08_wechat_sources/shujuxiong/02_财务管理/20260314_财务总监2025年工作总结及2026年工作计划/images/img013.jpg	keep		M2	已移交微信材料；建议 M2 追加 immutable delta 并入来源登记
docs/knowledge-base/08_wechat_sources/shujuxiong/02_财务管理/20260314_财务总监2025年工作总结及2026年工作计划/images/img014.jpg	keep		M2	已移交微信材料；建议 M2 追加 immutable delta 并入来源登记
docs/knowledge-base/08_wechat_sources/shujuxiong/02_财务管理/20260314_财务总监2025年工作总结及2026年工作计划/images/img015.jpg	keep		M2	已移交微信材料；建议 M2 追加 immutable delta 并入来源登记
docs/knowledge-base/08_wechat_sources/shujuxiong/02_财务管理/20260314_财务总监2025年工作总结及2026年工作计划/images/img016.jpg	keep		M2	已移交微信材料；建议 M2 追加 immutable delta 并入来源登记
docs/knowledge-base/08_wechat_sources/shujuxiong/02_财务管理/20260314_财务总监2025年工作总结及2026年工作计划/images/img017.jpg	keep		M2	已移交微信材料；建议 M2 追加 immutable delta 并入来源登记
docs/knowledge-base/08_wechat_sources/shujuxiong/02_财务管理/20260314_财务总监2025年工作总结及2026年工作计划/images/img018.jpg	keep		M2	已移交微信材料；建议 M2 追加 immutable delta 并入来源登记
docs/knowledge-base/08_wechat_sources/shujuxiong/02_财务管理/20260314_财务总监2025年工作总结及2026年工作计划/images/img019.jpg	keep		M2	已移交微信材料；建议 M2 追加 immutable delta 并入来源登记
docs/knowledge-base/08_wechat_sources/shujuxiong/02_财务管理/20260314_财务总监2025年工作总结及2026年工作计划/images/img020.jpg	keep		M2	已移交微信材料；建议 M2 追加 immutable delta 并入来源登记
docs/knowledge-base/08_wechat_sources/shujuxiong/02_财务管理/20260314_财务总监2025年工作总结及2026年工作计划/images/img021.jpg	keep		M2	已移交微信材料；建议 M2 追加 immutable delta 并入来源登记
docs/knowledge-base/08_wechat_sources/shujuxiong/02_财务管理/20260314_财务总监2025年工作总结及2026年工作计划/images/img022.jpg	keep		M2	已移交微信材料；建议 M2 追加 immutable delta 并入来源登记
docs/knowledge-base/08_wechat_sources/shujuxiong/02_财务管理/20260314_财务总监2025年工作总结及2026年工作计划/images/img023.jpg	keep		M2	已移交微信材料；建议 M2 追加 immutable delta 并入来源登记
docs/knowledge-base/08_wechat_sources/shujuxiong/02_财务管理/20260314_财务总监2025年工作总结及2026年工作计划/images/img024.jpg	keep		M2	已移交微信材料；建议 M2 追加 immutable delta 并入来源登记
docs/knowledge-base/08_wechat_sources/shujuxiong/02_财务管理/20260314_财务总监2025年工作总结及2026年工作计划/images/img025.jpg	keep		M2	已移交微信材料；建议 M2 追加 immutable delta 并入来源登记
docs/knowledge-base/08_wechat_sources/shujuxiong/02_财务管理/20260314_财务总监2025年工作总结及2026年工作计划/images/img026.webp	keep		M2	已移交微信材料；建议 M2 追加 immutable delta 并入来源登记
docs/knowledge-base/08_wechat_sources/shujuxiong/02_财务管理/20260314_财务总监2025年工作总结及2026年工作计划/meta.json	keep		M2	已移交微信材料；建议 M2 追加 immutable delta 并入来源登记
docs/knowledge-base/08_wechat_sources/shujuxiong/02_财务管理/20260322_2026年2月应收账款分析报告/article.md	keep		M2	已移交微信材料；建议 M2 追加 immutable delta 并入来源登记
docs/knowledge-base/08_wechat_sources/shujuxiong/02_财务管理/20260322_2026年2月应收账款分析报告/images/cover.jpg	keep		M2	已移交微信材料；建议 M2 追加 immutable delta 并入来源登记
docs/knowledge-base/08_wechat_sources/shujuxiong/02_财务管理/20260322_2026年2月应收账款分析报告/images/img001.jpg	keep		M2	已移交微信材料；建议 M2 追加 immutable delta 并入来源登记
docs/knowledge-base/08_wechat_sources/shujuxiong/02_财务管理/20260322_2026年2月应收账款分析报告/images/img002.jpg	keep		M2	已移交微信材料；建议 M2 追加 immutable delta 并入来源登记
docs/knowledge-base/08_wechat_sources/shujuxiong/02_财务管理/20260322_2026年2月应收账款分析报告/images/img003.jpg	keep		M2	已移交微信材料；建议 M2 追加 immutable delta 并入来源登记
docs/knowledge-base/08_wechat_sources/shujuxiong/02_财务管理/20260322_2026年2月应收账款分析报告/images/img004.jpg	keep		M2	已移交微信材料；建议 M2 追加 immutable delta 并入来源登记
docs/knowledge-base/08_wechat_sources/shujuxiong/02_财务管理/20260322_2026年2月应收账款分析报告/images/img005.jpg	keep		M2	已移交微信材料；建议 M2 追加 immutable delta 并入来源登记
docs/knowledge-base/08_wechat_sources/shujuxiong/02_财务管理/20260322_2026年2月应收账款分析报告/images/img006.jpg	keep		M2	已移交微信材料；建议 M2 追加 immutable delta 并入来源登记
docs/knowledge-base/08_wechat_sources/shujuxiong/02_财务管理/20260322_2026年2月应收账款分析报告/images/img007.jpg	keep		M2	已移交微信材料；建议 M2 追加 immutable delta 并入来源登记
docs/knowledge-base/08_wechat_sources/shujuxiong/02_财务管理/20260322_2026年2月应收账款分析报告/images/img008.jpg	keep		M2	已移交微信材料；建议 M2 追加 immutable delta 并入来源登记
docs/knowledge-base/08_wechat_sources/shujuxiong/02_财务管理/20260322_2026年2月应收账款分析报告/images/img009.jpg	keep		M2	已移交微信材料；建议 M2 追加 immutable delta 并入来源登记
docs/knowledge-base/08_wechat_sources/shujuxiong/02_财务管理/20260322_2026年2月应收账款分析报告/images/img010.jpg	keep		M2	已移交微信材料；建议 M2 追加 immutable delta 并入来源登记
docs/knowledge-base/08_wechat_sources/shujuxiong/02_财务管理/20260322_2026年2月应收账款分析报告/images/img011.jpg	keep		M2	已移交微信材料；建议 M2 追加 immutable delta 并入来源登记
docs/knowledge-base/08_wechat_sources/shujuxiong/02_财务管理/20260322_2026年2月应收账款分析报告/images/img012.jpg	keep		M2	已移交微信材料；建议 M2 追加 immutable delta 并入来源登记
docs/knowledge-base/08_wechat_sources/shujuxiong/02_财务管理/20260322_2026年2月应收账款分析报告/images/img013.jpg	keep		M2	已移交微信材料；建议 M2 追加 immutable delta 并入来源登记
docs/knowledge-base/08_wechat_sources/shujuxiong/02_财务管理/20260322_2026年2月应收账款分析报告/images/img014.jpg	keep		M2	已移交微信材料；建议 M2 追加 immutable delta 并入来源登记
docs/knowledge-base/08_wechat_sources/shujuxiong/02_财务管理/20260322_2026年2月应收账款分析报告/images/img015.jpg	keep		M2	已移交微信材料；建议 M2 追加 immutable delta 并入来源登记
docs/knowledge-base/08_wechat_sources/shujuxiong/02_财务管理/20260322_2026年2月应收账款分析报告/images/img016.jpg	keep		M2	已移交微信材料；建议 M2 追加 immutable delta 并入来源登记
docs/knowledge-base/08_wechat_sources/shujuxiong/02_财务管理/20260322_2026年2月应收账款分析报告/images/img017.jpg	keep		M2	已移交微信材料；建议 M2 追加 immutable delta 并入来源登记
docs/knowledge-base/08_wechat_sources/shujuxiong/02_财务管理/20260322_2026年2月应收账款分析报告/images/img018.jpg	keep		M2	已移交微信材料；建议 M2 追加 immutable delta 并入来源登记
docs/knowledge-base/08_wechat_sources/shujuxiong/02_财务管理/20260322_2026年2月应收账款分析报告/images/img019.jpg	keep		M2	已移交微信材料；建议 M2 追加 immutable delta 并入来源登记
docs/knowledge-base/08_wechat_sources/shujuxiong/02_财务管理/20260322_2026年2月应收账款分析报告/images/img020.jpg	keep		M2	已移交微信材料；建议 M2 追加 immutable delta 并入来源登记
docs/knowledge-base/08_wechat_sources/shujuxiong/02_财务管理/20260322_2026年2月应收账款分析报告/images/img021.jpg	keep		M2	已移交微信材料；建议 M2 追加 immutable delta 并入来源登记
docs/knowledge-base/08_wechat_sources/shujuxiong/02_财务管理/20260322_2026年2月应收账款分析报告/images/img022.jpg	keep		M2	已移交微信材料；建议 M2 追加 immutable delta 并入来源登记
docs/knowledge-base/08_wechat_sources/shujuxiong/02_财务管理/20260322_2026年2月应收账款分析报告/images/img023.jpg	keep		M2	已移交微信材料；建议 M2 追加 immutable delta 并入来源登记
docs/knowledge-base/08_wechat_sources/shujuxiong/02_财务管理/20260322_2026年2月应收账款分析报告/images/img024.jpg	keep		M2	已移交微信材料；建议 M2 追加 immutable delta 并入来源登记
docs/knowledge-base/08_wechat_sources/shujuxiong/02_财务管理/20260322_2026年2月应收账款分析报告/images/img025.jpg	keep		M2	已移交微信材料；建议 M2 追加 immutable delta 并入来源登记
docs/knowledge-base/08_wechat_sources/shujuxiong/02_财务管理/20260322_2026年2月应收账款分析报告/images/img026.png	keep		M2	已移交微信材料；建议 M2 追加 immutable delta 并入来源登记
docs/knowledge-base/08_wechat_sources/shujuxiong/02_财务管理/20260322_2026年2月应收账款分析报告/meta.json	keep		M2	已移交微信材料；建议 M2 追加 immutable delta 并入来源登记
docs/knowledge-base/08_wechat_sources/shujuxiong/02_财务管理/20260329_2026年1季度财务工作总结/article.md	keep		M2	已移交微信材料；建议 M2 追加 immutable delta 并入来源登记
docs/knowledge-base/08_wechat_sources/shujuxiong/02_财务管理/20260329_2026年1季度财务工作总结/images/cover.jpg	keep		M2	已移交微信材料；建议 M2 追加 immutable delta 并入来源登记
docs/knowledge-base/08_wechat_sources/shujuxiong/02_财务管理/20260329_2026年1季度财务工作总结/images/img001.jpg	keep		M2	已移交微信材料；建议 M2 追加 immutable delta 并入来源登记
docs/knowledge-base/08_wechat_sources/shujuxiong/02_财务管理/20260329_2026年1季度财务工作总结/images/img002.jpg	keep		M2	已移交微信材料；建议 M2 追加 immutable delta 并入来源登记
docs/knowledge-base/08_wechat_sources/shujuxiong/02_财务管理/20260329_2026年1季度财务工作总结/images/img003.jpg	keep		M2	已移交微信材料；建议 M2 追加 immutable delta 并入来源登记
docs/knowledge-base/08_wechat_sources/shujuxiong/02_财务管理/20260329_2026年1季度财务工作总结/images/img004.jpg	keep		M2	已移交微信材料；建议 M2 追加 immutable delta 并入来源登记
docs/knowledge-base/08_wechat_sources/shujuxiong/02_财务管理/20260329_2026年1季度财务工作总结/images/img005.jpg	keep		M2	已移交微信材料；建议 M2 追加 immutable delta 并入来源登记
docs/knowledge-base/08_wechat_sources/shujuxiong/02_财务管理/20260329_2026年1季度财务工作总结/images/img006.jpg	keep		M2	已移交微信材料；建议 M2 追加 immutable delta 并入来源登记
docs/knowledge-base/08_wechat_sources/shujuxiong/02_财务管理/20260329_2026年1季度财务工作总结/images/img007.jpg	keep		M2	已移交微信材料；建议 M2 追加 immutable delta 并入来源登记
docs/knowledge-base/08_wechat_sources/shujuxiong/02_财务管理/20260329_2026年1季度财务工作总结/images/img008.jpg	keep		M2	已移交微信材料；建议 M2 追加 immutable delta 并入来源登记
docs/knowledge-base/08_wechat_sources/shujuxiong/02_财务管理/20260329_2026年1季度财务工作总结/images/img009.jpg	keep		M2	已移交微信材料；建议 M2 追加 immutable delta 并入来源登记
docs/knowledge-base/08_wechat_sources/shujuxiong/02_财务管理/20260329_2026年1季度财务工作总结/images/img010.jpg	keep		M2	已移交微信材料；建议 M2 追加 immutable delta 并入来源登记
docs/knowledge-base/08_wechat_sources/shujuxiong/02_财务管理/20260329_2026年1季度财务工作总结/images/img011.jpg	keep		M2	已移交微信材料；建议 M2 追加 immutable delta 并入来源登记
docs/knowledge-base/08_wechat_sources/shujuxiong/02_财务管理/20260329_2026年1季度财务工作总结/images/img012.jpg	keep		M2	已移交微信材料；建议 M2 追加 immutable delta 并入来源登记
docs/knowledge-base/08_wechat_sources/shujuxiong/02_财务管理/20260329_2026年1季度财务工作总结/images/img013.jpg	keep		M2	已移交微信材料；建议 M2 追加 immutable delta 并入来源登记
docs/knowledge-base/08_wechat_sources/shujuxiong/02_财务管理/20260329_2026年1季度财务工作总结/images/img014.jpg	keep		M2	已移交微信材料；建议 M2 追加 immutable delta 并入来源登记
docs/knowledge-base/08_wechat_sources/shujuxiong/02_财务管理/20260329_2026年1季度财务工作总结/images/img015.jpg	keep		M2	已移交微信材料；建议 M2 追加 immutable delta 并入来源登记
docs/knowledge-base/08_wechat_sources/shujuxiong/02_财务管理/20260329_2026年1季度财务工作总结/images/img016.png	keep		M2	已移交微信材料；建议 M2 追加 immutable delta 并入来源登记
docs/knowledge-base/08_wechat_sources/shujuxiong/02_财务管理/20260329_2026年1季度财务工作总结/meta.json	keep		M2	已移交微信材料；建议 M2 追加 immutable delta 并入来源登记
docs/knowledge-base/08_wechat_sources/shujuxiong/02_财务管理/20260406_2026年1季度财务工作总结.pptx/article.md	keep		M2	已移交微信材料；建议 M2 追加 immutable delta 并入来源登记
docs/knowledge-base/08_wechat_sources/shujuxiong/02_财务管理/20260406_2026年1季度财务工作总结.pptx/images/cover.jpg	keep		M2	已移交微信材料；建议 M2 追加 immutable delta 并入来源登记
docs/knowledge-base/08_wechat_sources/shujuxiong/02_财务管理/20260406_2026年1季度财务工作总结.pptx/images/img001.jpg	keep		M2	已移交微信材料；建议 M2 追加 immutable delta 并入来源登记
docs/knowledge-base/08_wechat_sources/shujuxiong/02_财务管理/20260406_2026年1季度财务工作总结.pptx/images/img002.jpg	keep		M2	已移交微信材料；建议 M2 追加 immutable delta 并入来源登记
docs/knowledge-base/08_wechat_sources/shujuxiong/02_财务管理/20260406_2026年1季度财务工作总结.pptx/images/img003.jpg	keep		M2	已移交微信材料；建议 M2 追加 immutable delta 并入来源登记
docs/knowledge-base/08_wechat_sources/shujuxiong/02_财务管理/20260406_2026年1季度财务工作总结.pptx/images/img004.jpg	keep		M2	已移交微信材料；建议 M2 追加 immutable delta 并入来源登记
docs/knowledge-base/08_wechat_sources/shujuxiong/02_财务管理/20260406_2026年1季度财务工作总结.pptx/images/img005.jpg	keep		M2	已移交微信材料；建议 M2 追加 immutable delta 并入来源登记
docs/knowledge-base/08_wechat_sources/shujuxiong/02_财务管理/20260406_2026年1季度财务工作总结.pptx/images/img006.jpg	keep		M2	已移交微信材料；建议 M2 追加 immutable delta 并入来源登记
docs/knowledge-base/08_wechat_sources/shujuxiong/02_财务管理/20260406_2026年1季度财务工作总结.pptx/images/img007.jpg	keep		M2	已移交微信材料；建议 M2 追加 immutable delta 并入来源登记
docs/knowledge-base/08_wechat_sources/shujuxiong/02_财务管理/20260406_2026年1季度财务工作总结.pptx/images/img008.jpg	keep		M2	已移交微信材料；建议 M2 追加 immutable delta 并入来源登记
docs/knowledge-base/08_wechat_sources/shujuxiong/02_财务管理/20260406_2026年1季度财务工作总结.pptx/images/img009.jpg	keep		M2	已移交微信材料；建议 M2 追加 immutable delta 并入来源登记
docs/knowledge-base/08_wechat_sources/shujuxiong/02_财务管理/20260406_2026年1季度财务工作总结.pptx/images/img010.jpg	keep		M2	已移交微信材料；建议 M2 追加 immutable delta 并入来源登记
docs/knowledge-base/08_wechat_sources/shujuxiong/02_财务管理/20260406_2026年1季度财务工作总结.pptx/images/img011.jpg	keep		M2	已移交微信材料；建议 M2 追加 immutable delta 并入来源登记
docs/knowledge-base/08_wechat_sources/shujuxiong/02_财务管理/20260406_2026年1季度财务工作总结.pptx/images/img012.jpg	keep		M2	已移交微信材料；建议 M2 追加 immutable delta 并入来源登记
docs/knowledge-base/08_wechat_sources/shujuxiong/02_财务管理/20260406_2026年1季度财务工作总结.pptx/images/img013.jpg	keep		M2	已移交微信材料；建议 M2 追加 immutable delta 并入来源登记
docs/knowledge-base/08_wechat_sources/shujuxiong/02_财务管理/20260406_2026年1季度财务工作总结.pptx/images/img014.jpg	keep		M2	已移交微信材料；建议 M2 追加 immutable delta 并入来源登记
docs/knowledge-base/08_wechat_sources/shujuxiong/02_财务管理/20260406_2026年1季度财务工作总结.pptx/images/img015.jpg	keep		M2	已移交微信材料；建议 M2 追加 immutable delta 并入来源登记
docs/knowledge-base/08_wechat_sources/shujuxiong/02_财务管理/20260406_2026年1季度财务工作总结.pptx/images/img016.png	keep		M2	已移交微信材料；建议 M2 追加 immutable delta 并入来源登记
docs/knowledge-base/08_wechat_sources/shujuxiong/02_财务管理/20260406_2026年1季度财务工作总结.pptx/meta.json	keep		M2	已移交微信材料；建议 M2 追加 immutable delta 并入来源登记
docs/knowledge-base/08_wechat_sources/shujuxiong/02_财务管理/20260411_2026年1季度应收账款分析报告/article.md	keep		M2	已移交微信材料；建议 M2 追加 immutable delta 并入来源登记
docs/knowledge-base/08_wechat_sources/shujuxiong/02_财务管理/20260411_2026年1季度应收账款分析报告/images/cover.jpg	keep		M2	已移交微信材料；建议 M2 追加 immutable delta 并入来源登记
docs/knowledge-base/08_wechat_sources/shujuxiong/02_财务管理/20260411_2026年1季度应收账款分析报告/images/img001.jpg	keep		M2	已移交微信材料；建议 M2 追加 immutable delta 并入来源登记
docs/knowledge-base/08_wechat_sources/shujuxiong/02_财务管理/20260411_2026年1季度应收账款分析报告/images/img002.jpg	keep		M2	已移交微信材料；建议 M2 追加 immutable delta 并入来源登记
docs/knowledge-base/08_wechat_sources/shujuxiong/02_财务管理/20260411_2026年1季度应收账款分析报告/images/img003.jpg	keep		M2	已移交微信材料；建议 M2 追加 immutable delta 并入来源登记
docs/knowledge-base/08_wechat_sources/shujuxiong/02_财务管理/20260411_2026年1季度应收账款分析报告/images/img004.jpg	keep		M2	已移交微信材料；建议 M2 追加 immutable delta 并入来源登记
docs/knowledge-base/08_wechat_sources/shujuxiong/02_财务管理/20260411_2026年1季度应收账款分析报告/images/img005.jpg	keep		M2	已移交微信材料；建议 M2 追加 immutable delta 并入来源登记
docs/knowledge-base/08_wechat_sources/shujuxiong/02_财务管理/20260411_2026年1季度应收账款分析报告/images/img006.jpg	keep		M2	已移交微信材料；建议 M2 追加 immutable delta 并入来源登记
docs/knowledge-base/08_wechat_sources/shujuxiong/02_财务管理/20260411_2026年1季度应收账款分析报告/images/img007.jpg	keep		M2	已移交微信材料；建议 M2 追加 immutable delta 并入来源登记
docs/knowledge-base/08_wechat_sources/shujuxiong/02_财务管理/20260411_2026年1季度应收账款分析报告/images/img008.jpg	keep		M2	已移交微信材料；建议 M2 追加 immutable delta 并入来源登记
docs/knowledge-base/08_wechat_sources/shujuxiong/02_财务管理/20260411_2026年1季度应收账款分析报告/images/img009.jpg	keep		M2	已移交微信材料；建议 M2 追加 immutable delta 并入来源登记
docs/knowledge-base/08_wechat_sources/shujuxiong/02_财务管理/20260411_2026年1季度应收账款分析报告/images/img010.png	keep		M2	已移交微信材料；建议 M2 追加 immutable delta 并入来源登记
docs/knowledge-base/08_wechat_sources/shujuxiong/02_财务管理/20260411_2026年1季度应收账款分析报告/images/img011.png	keep		M2	已移交微信材料；建议 M2 追加 immutable delta 并入来源登记
docs/knowledge-base/08_wechat_sources/shujuxiong/02_财务管理/20260411_2026年1季度应收账款分析报告/meta.json	keep		M2	已移交微信材料；建议 M2 追加 immutable delta 并入来源登记
docs/knowledge-base/08_wechat_sources/shujuxiong/02_财务管理/20260414_财务部各岗位工作流程详解/article.md	keep		M2	已移交微信材料；建议 M2 追加 immutable delta 并入来源登记
docs/knowledge-base/08_wechat_sources/shujuxiong/02_财务管理/20260414_财务部各岗位工作流程详解/images/cover.jpg	keep		M2	已移交微信材料；建议 M2 追加 immutable delta 并入来源登记
docs/knowledge-base/08_wechat_sources/shujuxiong/02_财务管理/20260414_财务部各岗位工作流程详解/images/img001.png	keep		M2	已移交微信材料；建议 M2 追加 immutable delta 并入来源登记
docs/knowledge-base/08_wechat_sources/shujuxiong/02_财务管理/20260414_财务部各岗位工作流程详解/images/img002.jpg	keep		M2	已移交微信材料；建议 M2 追加 immutable delta 并入来源登记
docs/knowledge-base/08_wechat_sources/shujuxiong/02_财务管理/20260414_财务部各岗位工作流程详解/images/img003.jpg	keep		M2	已移交微信材料；建议 M2 追加 immutable delta 并入来源登记
docs/knowledge-base/08_wechat_sources/shujuxiong/02_财务管理/20260414_财务部各岗位工作流程详解/images/img004.jpg	keep		M2	已移交微信材料；建议 M2 追加 immutable delta 并入来源登记
docs/knowledge-base/08_wechat_sources/shujuxiong/02_财务管理/20260414_财务部各岗位工作流程详解/images/img005.jpg	keep		M2	已移交微信材料；建议 M2 追加 immutable delta 并入来源登记
docs/knowledge-base/08_wechat_sources/shujuxiong/02_财务管理/20260414_财务部各岗位工作流程详解/images/img006.jpg	keep		M2	已移交微信材料；建议 M2 追加 immutable delta 并入来源登记
docs/knowledge-base/08_wechat_sources/shujuxiong/02_财务管理/20260414_财务部各岗位工作流程详解/images/img007.jpg	keep		M2	已移交微信材料；建议 M2 追加 immutable delta 并入来源登记
docs/knowledge-base/08_wechat_sources/shujuxiong/02_财务管理/20260414_财务部各岗位工作流程详解/images/img008.jpg	keep		M2	已移交微信材料；建议 M2 追加 immutable delta 并入来源登记
docs/knowledge-base/08_wechat_sources/shujuxiong/02_财务管理/20260414_财务部各岗位工作流程详解/images/img009.jpg	keep		M2	已移交微信材料；建议 M2 追加 immutable delta 并入来源登记
docs/knowledge-base/08_wechat_sources/shujuxiong/02_财务管理/20260414_财务部各岗位工作流程详解/images/img010.jpg	keep		M2	已移交微信材料；建议 M2 追加 immutable delta 并入来源登记
docs/knowledge-base/08_wechat_sources/shujuxiong/02_财务管理/20260414_财务部各岗位工作流程详解/images/img011.jpg	keep		M2	已移交微信材料；建议 M2 追加 immutable delta 并入来源登记
docs/knowledge-base/08_wechat_sources/shujuxiong/02_财务管理/20260414_财务部各岗位工作流程详解/images/img012.jpg	keep		M2	已移交微信材料；建议 M2 追加 immutable delta 并入来源登记
docs/knowledge-base/08_wechat_sources/shujuxiong/02_财务管理/20260414_财务部各岗位工作流程详解/images/img013.jpg	keep		M2	已移交微信材料；建议 M2 追加 immutable delta 并入来源登记
docs/knowledge-base/08_wechat_sources/shujuxiong/02_财务管理/20260414_财务部各岗位工作流程详解/images/img014.jpg	keep		M2	已移交微信材料；建议 M2 追加 immutable delta 并入来源登记
docs/knowledge-base/08_wechat_sources/shujuxiong/02_财务管理/20260414_财务部各岗位工作流程详解/images/img015.jpg	keep		M2	已移交微信材料；建议 M2 追加 immutable delta 并入来源登记
docs/knowledge-base/08_wechat_sources/shujuxiong/02_财务管理/20260414_财务部各岗位工作流程详解/images/img016.jpg	keep		M2	已移交微信材料；建议 M2 追加 immutable delta 并入来源登记
docs/knowledge-base/08_wechat_sources/shujuxiong/02_财务管理/20260414_财务部各岗位工作流程详解/images/img017.jpg	keep		M2	已移交微信材料；建议 M2 追加 immutable delta 并入来源登记
docs/knowledge-base/08_wechat_sources/shujuxiong/02_财务管理/20260414_财务部各岗位工作流程详解/images/img018.jpg	keep		M2	已移交微信材料；建议 M2 追加 immutable delta 并入来源登记
docs/knowledge-base/08_wechat_sources/shujuxiong/02_财务管理/20260414_财务部各岗位工作流程详解/images/img019.jpg	keep		M2	已移交微信材料；建议 M2 追加 immutable delta 并入来源登记
docs/knowledge-base/08_wechat_sources/shujuxiong/02_财务管理/20260414_财务部各岗位工作流程详解/images/img020.jpg	keep		M2	已移交微信材料；建议 M2 追加 immutable delta 并入来源登记
docs/knowledge-base/08_wechat_sources/shujuxiong/02_财务管理/20260414_财务部各岗位工作流程详解/images/img021.jpg	keep		M2	已移交微信材料；建议 M2 追加 immutable delta 并入来源登记
docs/knowledge-base/08_wechat_sources/shujuxiong/02_财务管理/20260414_财务部各岗位工作流程详解/images/img022.png	keep		M2	已移交微信材料；建议 M2 追加 immutable delta 并入来源登记
docs/knowledge-base/08_wechat_sources/shujuxiong/02_财务管理/20260414_财务部各岗位工作流程详解/images/img023.png	keep		M2	已移交微信材料；建议 M2 追加 immutable delta 并入来源登记
docs/knowledge-base/08_wechat_sources/shujuxiong/02_财务管理/20260414_财务部各岗位工作流程详解/meta.json	keep		M2	已移交微信材料；建议 M2 追加 immutable delta 并入来源登记
docs/knowledge-base/08_wechat_sources/shujuxiong/02_财务管理/20260417_2026年1季度应收账款分析报告.pptx/article.md	keep		M2	已移交微信材料；建议 M2 追加 immutable delta 并入来源登记
docs/knowledge-base/08_wechat_sources/shujuxiong/02_财务管理/20260417_2026年1季度应收账款分析报告.pptx/images/cover.jpg	keep		M2	已移交微信材料；建议 M2 追加 immutable delta 并入来源登记
docs/knowledge-base/08_wechat_sources/shujuxiong/02_财务管理/20260417_2026年1季度应收账款分析报告.pptx/images/img001.jpg	keep		M2	已移交微信材料；建议 M2 追加 immutable delta 并入来源登记
docs/knowledge-base/08_wechat_sources/shujuxiong/02_财务管理/20260417_2026年1季度应收账款分析报告.pptx/images/img002.jpg	keep		M2	已移交微信材料；建议 M2 追加 immutable delta 并入来源登记
docs/knowledge-base/08_wechat_sources/shujuxiong/02_财务管理/20260417_2026年1季度应收账款分析报告.pptx/images/img003.jpg	keep		M2	已移交微信材料；建议 M2 追加 immutable delta 并入来源登记
docs/knowledge-base/08_wechat_sources/shujuxiong/02_财务管理/20260417_2026年1季度应收账款分析报告.pptx/images/img004.jpg	keep		M2	已移交微信材料；建议 M2 追加 immutable delta 并入来源登记
docs/knowledge-base/08_wechat_sources/shujuxiong/02_财务管理/20260417_2026年1季度应收账款分析报告.pptx/images/img005.jpg	keep		M2	已移交微信材料；建议 M2 追加 immutable delta 并入来源登记
docs/knowledge-base/08_wechat_sources/shujuxiong/02_财务管理/20260417_2026年1季度应收账款分析报告.pptx/images/img006.jpg	keep		M2	已移交微信材料；建议 M2 追加 immutable delta 并入来源登记
docs/knowledge-base/08_wechat_sources/shujuxiong/02_财务管理/20260417_2026年1季度应收账款分析报告.pptx/images/img007.jpg	keep		M2	已移交微信材料；建议 M2 追加 immutable delta 并入来源登记
docs/knowledge-base/08_wechat_sources/shujuxiong/02_财务管理/20260417_2026年1季度应收账款分析报告.pptx/images/img008.jpg	keep		M2	已移交微信材料；建议 M2 追加 immutable delta 并入来源登记
docs/knowledge-base/08_wechat_sources/shujuxiong/02_财务管理/20260417_2026年1季度应收账款分析报告.pptx/images/img009.jpg	keep		M2	已移交微信材料；建议 M2 追加 immutable delta 并入来源登记
docs/knowledge-base/08_wechat_sources/shujuxiong/02_财务管理/20260417_2026年1季度应收账款分析报告.pptx/images/img010.png	keep		M2	已移交微信材料；建议 M2 追加 immutable delta 并入来源登记
docs/knowledge-base/08_wechat_sources/shujuxiong/02_财务管理/20260417_2026年1季度应收账款分析报告.pptx/images/img011.png	keep		M2	已移交微信材料；建议 M2 追加 immutable delta 并入来源登记
docs/knowledge-base/08_wechat_sources/shujuxiong/02_财务管理/20260417_2026年1季度应收账款分析报告.pptx/meta.json	keep		M2	已移交微信材料；建议 M2 追加 immutable delta 并入来源登记
docs/knowledge-base/09_competitive/C01-powerbi.md	move	docs/knowledge-base/10_sources/source_notes/	M2	竞品研究→来源笔记
docs/knowledge-base/09_competitive/C02-tableau.md	move	docs/knowledge-base/10_sources/source_notes/	M2	竞品研究→来源笔记
docs/knowledge-base/09_competitive/C03-qlik-sense.md	move	docs/knowledge-base/10_sources/source_notes/	M2	竞品研究→来源笔记
docs/knowledge-base/09_competitive/C04-sap-analytics-cloud.md	move	docs/knowledge-base/10_sources/source_notes/	M2	竞品研究→来源笔记
docs/knowledge-base/09_competitive/C05-looker.md	move	docs/knowledge-base/10_sources/source_notes/	M2	竞品研究→来源笔记
docs/knowledge-base/09_competitive/C06-finebi.md	move	docs/knowledge-base/10_sources/source_notes/	M2	竞品研究→来源笔记
docs/knowledge-base/09_competitive/C07-quickbi.md	move	docs/knowledge-base/10_sources/source_notes/	M2	竞品研究→来源笔记
docs/knowledge-base/09_competitive/C08-guanduan.md	move	docs/knowledge-base/10_sources/source_notes/	M2	竞品研究→来源笔记
docs/knowledge-base/09_competitive/C09-yonghong.md	move	docs/knowledge-base/10_sources/source_notes/	M2	竞品研究→来源笔记
docs/knowledge-base/09_competitive/C10-wangyi-youshu.md	move	docs/knowledge-base/10_sources/source_notes/	M2	竞品研究→来源笔记
docs/knowledge-base/09_competitive/C11-anaplan.md	move	docs/knowledge-base/10_sources/source_notes/	M2	竞品研究→来源笔记
docs/knowledge-base/09_competitive/C12-board.md	move	docs/knowledge-base/10_sources/source_notes/	M2	竞品研究→来源笔记
docs/knowledge-base/09_competitive/C13-workday-adaptive.md	move	docs/knowledge-base/10_sources/source_notes/	M2	竞品研究→来源笔记
docs/knowledge-base/09_competitive/C14-pigment.md	move	docs/knowledge-base/10_sources/source_notes/	M2	竞品研究→来源笔记
docs/knowledge-base/09_competitive/C15-xiansheng.md	move	docs/knowledge-base/10_sources/source_notes/	M2	竞品研究→来源笔记
docs/knowledge-base/09_competitive/C16-metabase.md	move	docs/knowledge-base/10_sources/source_notes/	M2	竞品研究→来源笔记
docs/knowledge-base/09_competitive/C17-superset.md	move	docs/knowledge-base/10_sources/source_notes/	M2	竞品研究→来源笔记
docs/knowledge-base/09_competitive/C18-redash.md	move	docs/knowledge-base/10_sources/source_notes/	M2	竞品研究→来源笔记
docs/knowledge-base/09_competitive/C19-dataease.md	move	docs/knowledge-base/10_sources/source_notes/	M2	竞品研究→来源笔记
docs/knowledge-base/09_competitive/C20-jimu-report.md	move	docs/knowledge-base/10_sources/source_notes/	M2	竞品研究→来源笔记
docs/knowledge-base/09_competitive/INDEX.md	move	docs/knowledge-base/10_sources/source_notes/	M2	竞品研究→来源笔记
docs/knowledge-base/09_competitive/screenshots/c01-powerbi-desktop.png	move	docs/knowledge-base/10_sources/source_notes/	M2	竞品研究→来源笔记
docs/knowledge-base/09_competitive/screenshots/c01-powerbi-home.png	move	docs/knowledge-base/10_sources/source_notes/	M2	竞品研究→来源笔记
docs/knowledge-base/09_competitive/screenshots/c03-qlik-sense-home.png	move	docs/knowledge-base/10_sources/source_notes/	M2	竞品研究→来源笔记
docs/knowledge-base/09_competitive/screenshots/c04-sap-stories-learning.png	move	docs/knowledge-base/10_sources/source_notes/	M2	竞品研究→来源笔记
docs/knowledge-base/09_competitive/screenshots/c05-looker-home.png	move	docs/knowledge-base/10_sources/source_notes/	M2	竞品研究→来源笔记
docs/knowledge-base/09_competitive/screenshots/c06-finebi-home.png	move	docs/knowledge-base/10_sources/source_notes/	M2	竞品研究→来源笔记
docs/knowledge-base/09_competitive/screenshots/c06-finereport-financial-template.png	move	docs/knowledge-base/10_sources/source_notes/	M2	竞品研究→来源笔记
docs/knowledge-base/09_competitive/screenshots/c07-quickbi-home.png	move	docs/knowledge-base/10_sources/source_notes/	M2	竞品研究→来源笔记
docs/knowledge-base/09_competitive/screenshots/c08-guandata-home.png	move	docs/knowledge-base/10_sources/source_notes/	M2	竞品研究→来源笔记
docs/knowledge-base/09_competitive/screenshots/c09-yonghong-home.png	move	docs/knowledge-base/10_sources/source_notes/	M2	竞品研究→来源笔记
docs/knowledge-base/09_competitive/screenshots/c10-youshu-home.png	move	docs/knowledge-base/10_sources/source_notes/	M2	竞品研究→来源笔记
docs/knowledge-base/09_competitive/screenshots/c11-anaplan-fpa.png	move	docs/knowledge-base/10_sources/source_notes/	M2	竞品研究→来源笔记
docs/knowledge-base/09_competitive/screenshots/c11-anaplan-home.png	move	docs/knowledge-base/10_sources/source_notes/	M2	竞品研究→来源笔记
docs/knowledge-base/09_competitive/screenshots/c12-board-fpa.png	move	docs/knowledge-base/10_sources/source_notes/	M2	竞品研究→来源笔记
docs/knowledge-base/09_competitive/screenshots/c12-board-home.png	move	docs/knowledge-base/10_sources/source_notes/	M2	竞品研究→来源笔记
docs/knowledge-base/09_competitive/screenshots/c13-workday-adaptive-fpa.png	move	docs/knowledge-base/10_sources/source_notes/	M2	竞品研究→来源笔记
docs/knowledge-base/09_competitive/screenshots/c14-pigment-fpa.png	move	docs/knowledge-base/10_sources/source_notes/	M2	竞品研究→来源笔记
docs/knowledge-base/09_competitive/screenshots/c15-xiansheng-home.png	move	docs/knowledge-base/10_sources/source_notes/	M2	竞品研究→来源笔记
docs/knowledge-base/09_competitive/screenshots/c15-xiansheng-operation.png	move	docs/knowledge-base/10_sources/source_notes/	M2	竞品研究→来源笔记
docs/knowledge-base/09_competitive/screenshots/c16-metabase-bi-product.png	move	docs/knowledge-base/10_sources/source_notes/	M2	竞品研究→来源笔记
docs/knowledge-base/09_competitive/screenshots/c16-metabase-home.png	move	docs/knowledge-base/10_sources/source_notes/	M2	竞品研究→来源笔记
docs/knowledge-base/09_competitive/screenshots/c17-superset-home.png	move	docs/knowledge-base/10_sources/source_notes/	M2	竞品研究→来源笔记
docs/knowledge-base/09_competitive/screenshots/c18-redash-home.png	move	docs/knowledge-base/10_sources/source_notes/	M2	竞品研究→来源笔记
docs/knowledge-base/09_competitive/screenshots/c19-dataease-home.png	move	docs/knowledge-base/10_sources/source_notes/	M2	竞品研究→来源笔记
docs/knowledge-base/09_competitive/screenshots/c20-jimu-report-github.png	move	docs/knowledge-base/10_sources/source_notes/	M2	竞品研究→来源笔记
docs/knowledge-base/99_manifest/ARCHIVE_NOTES.md	keep		M5	M5.2 转生成式
docs/knowledge-base/99_manifest/READER_TEST.md	keep		M5	M5.2 转生成式
docs/knowledge-base/99_manifest/inventory.tsv	keep		M5	M5.2 转生成式
docs/knowledge-base/99_manifest/sha256sums.txt	keep		M5	M5.2 转生成式
docs/knowledge-base/README.md	keep		M5	待 M5 逐项评估（兜底）
docs/metrics/flow-v1-metrics.md	rewrite	docs/40_specs/metrics/	M3	
docs/operations/authentication.md	move	docs/70_operations/	M3	
docs/reviews/2026-09-04-project-code-review.md	move	docs/80_reviews/	M5	
docs/reviews/2026-09-04-synced-project-code-review.md	move	docs/80_reviews/	M5	
docs/superpowers/plans/2026-08-30-flow-v1-master-roadmap.md	archive	docs/90_archive/	M5	历史计划
docs/superpowers/plans/2026-08-30-flow-v1-phase-1-foundation.md	archive	docs/90_archive/	M5	历史计划
docs/superpowers/plans/2026-08-30-flow-v1-phase-2-data-contract.md	archive	docs/90_archive/	M5	历史计划
docs/superpowers/plans/2026-08-30-flow-v1-phase-3-intake.md	archive	docs/90_archive/	M5	历史计划
docs/superpowers/plans/2026-08-30-flow-v1-phase-4-metrics.md	archive	docs/90_archive/	M5	历史计划
docs/superpowers/plans/2026-08-30-flow-v1-phase-6-dashboard.md	archive	docs/90_archive/	M5	历史计划
docs/superpowers/plans/2026-09-01-flow-v1-phase-5-analysis.md	archive	docs/90_archive/	M5	历史计划
docs/superpowers/plans/2026-09-02-flow-pilot-readiness-phase-1-user-closure.md	archive	docs/90_archive/	M5	历史计划
docs/superpowers/plans/2026-09-02-flow-v0.1.1-baseline-repair.md	archive	docs/90_archive/	M5	历史计划
docs/superpowers/plans/2026-09-02-flow-v1-phase-7-investigation.md	archive	docs/90_archive/	M5	历史计划
docs/superpowers/plans/2026-09-02-flow-v1-phase-8-copilot.md	archive	docs/90_archive/	M5	历史计划
docs/superpowers/plans/2026-09-02-flow-v1-phase-9-publishing.md	archive	docs/90_archive/	M5	历史计划
docs/superpowers/plans/2026-09-03-flow-pilot-readiness-phase-2-security-deployment.md	archive	docs/90_archive/	M5	历史计划
docs/superpowers/plans/2026-09-04-review-repairs.md	archive	docs/90_archive/	M5	历史计划
docs/superpowers/plans/2026-09-06-finance-track-master-plan.md	archive	docs/90_archive/	M5	历史计划
docs/superpowers/plans/2026-09-06-objective-financial-analysis-master-plan.md	archive	docs/90_archive/	M5	历史计划
docs/superpowers/plans/2026-09-07-next-stage-upgrade-plan.md	archive	docs/90_archive/	M5	历史计划
docs/superpowers/plans/2026-09-07-unified-next-plan.md	rewrite	docs/50_plans/CURRENT_ROADMAP.md	M4	M4 前仍为当前唯一计划
docs/superpowers/plans/2026-09-07-v11-evidence-decision-pack.md	archive	docs/90_archive/	M5	历史计划
docs/superpowers/plans/2026-09-09-operations-track-plan.md	rewrite	docs/50_plans/work_items/	M4	O 系列并入工作包
docs/superpowers/plans/2026-09-12-static-knowledge-and-document-migration.md	archive	docs/90_archive/	M5	历史计划
docs/superpowers/specs/2026-08-29-flow-v1-design.md	rewrite	docs/40_specs/	M3	SPEC_INDEX 统一
docs/superpowers/specs/2026-09-01-flow-v1-phase-5-analysis-design.md	rewrite	docs/40_specs/	M3	SPEC_INDEX 统一
docs/superpowers/specs/2026-09-01-flow-v1-phase-6-dashboard-design.md	rewrite	docs/40_specs/	M3	SPEC_INDEX 统一
docs/superpowers/specs/2026-09-04-review-repairs-design.md	rewrite	docs/40_specs/	M3	SPEC_INDEX 统一
docs/superpowers/specs/2026-09-05-flow-metric-dictionary-design.md	rewrite	docs/40_specs/	M3	SPEC_INDEX 统一
docs/superpowers/specs/2026-09-06-objective-financial-analysis-direction.md	rewrite	docs/40_specs/	M3	SPEC_INDEX 统一
docs/superpowers/specs/2026-09-09-operations-track-methodology.md	rewrite	docs/40_specs/	M3	SPEC_INDEX 统一
docs/superpowers/specs/2026-09-12-static-knowledge-and-document-architecture-design.md	rewrite	docs/40_specs/	M3	SPEC_INDEX 统一
docs/superpowers/specs/financial-facts-contract.md	keep	docs/superpowers/specs/financial-facts-contract.md	M5	机器消费者路径（计划 §1.4）
fixtures/canonical/ar_collections.jsonl	keep		M5	待 M5 逐项评估（兜底）
fixtures/canonical/batch.jsonl	keep		M5	待 M5 逐项评估（兜底）
fixtures/canonical/customer_segments.jsonl	keep		M5	待 M5 逐项评估（兜底）
fixtures/canonical/customers.jsonl	keep		M5	待 M5 逐项评估（兜底）
fixtures/canonical/financial_actuals.jsonl	keep		M5	待 M5 逐项评估（兜底）
fixtures/canonical/logistics_products.jsonl	keep		M5	待 M5 逐项评估（兜底）
fixtures/canonical/management_accounts.jsonl	keep		M5	待 M5 逐项评估（兜底）
fixtures/canonical/manifest.json	keep		M5	待 M5 逐项评估（兜底）
fixtures/canonical/monthly_budgets.jsonl	keep		M5	待 M5 逐项评估（兜底）
fixtures/canonical/operating_actuals.jsonl	keep		M5	待 M5 逐项评估（兜底）
fixtures/canonical/organizations.jsonl	keep		M5	待 M5 逐项评估（兜底）
fixtures/canonical/periods.jsonl	keep		M5	待 M5 逐项评估（兜底）
fixtures/canonical/regions.jsonl	keep		M5	待 M5 逐项评估（兜底）
fixtures/canonical/scenario_versions.jsonl	keep		M5	待 M5 逐项评估（兜底）
fixtures/expected/analysis_results_v1.json	keep		M5	待 M5 逐项评估（兜底）
fixtures/expected/dashboard_overview_v1.json	keep		M5	待 M5 逐项评估（兜底）
fixtures/expected/known_answers.json	keep		M5	待 M5 逐项评估（兜底）
fixtures/expected/metric_snapshots_v1.json	keep		M5	待 M5 逐项评估（兜底）
fixtures/intake/nonstandard_manifest.json	keep		M5	待 M5 逐项评估（兜底）
fixtures/workbooks/external_logistics_nonstandard_v1.xlsx	keep		M5	待 M5 逐项评估（兜底）
fixtures/workbooks/flow_standard_v1.xlsx	keep		M5	待 M5 逐项评估（兜底）
infra/api.Dockerfile	keep		M5	待 M5 逐项评估（兜底）
infra/compose.yaml	keep		M5	待 M5 逐项评估（兜底）
infra/web.Dockerfile	keep		M5	待 M5 逐项评估（兜底）
package.json	keep		M5	待 M5 逐项评估（兜底）
packages/contracts/openapi.json	keep		M5	待 M5 逐项评估（兜底）
packages/contracts/package.json	keep		M5	待 M5 逐项评估（兜底）
packages/contracts/src/schema.d.ts	keep		M5	待 M5 逐项评估（兜底）
packages/contracts/tsconfig.json	keep		M5	待 M5 逐项评估（兜底）
playwright.config.ts	keep		M5	待 M5 逐项评估（兜底）
pnpm-lock.yaml	keep		M5	待 M5 逐项评估（兜底）
pnpm-workspace.yaml	keep		M5	待 M5 逐项评估（兜底）
scripts/accept_phase_1.sh	keep		M5	待 M5 逐项评估（兜底）
scripts/acceptance.sh	keep		M5	待 M5 逐项评估（兜底）
scripts/backup_restore_drill.sh	keep		M5	待 M5 逐项评估（兜底）
scripts/capture_p5_report_screenshots.mjs	keep		M5	待 M5 逐项评估（兜底）
scripts/check_contracts.sh	keep		M5	待 M5 逐项评估（兜底）
scripts/check_migrations.py	keep		M5	待 M5 逐项评估（兜底）
scripts/documentation/__init__.py	keep		M5	待 M5 逐项评估（兜底）
scripts/documentation/inventory.py	keep		M5	待 M5 逐项评估（兜底）
scripts/finalize_accounting_foundation.py	keep		M5	待 M5 逐项评估（兜底）
scripts/finalize_metric_dictionary.py	keep		M5	待 M5 逐项评估（兜底）
scripts/finalize_metric_dictionary_v1_1.py	keep		M5	待 M5 逐项评估（兜底）
scripts/finalize_operations_dictionary.py	keep		M5	待 M5 逐项评估（兜底）
scripts/find_free_port.py	keep		M5	待 M5 逐项评估（兜底）
scripts/generate_contracts.sh	keep		M5	待 M5 逐项评估（兜底）
scripts/generate_metric_coverage_doc.py	keep		M5	待 M5 逐项评估（兜底）
scripts/generate_metric_library_doc.py	keep		M5	待 M5 逐项评估（兜底）
scripts/generate_metric_library_review.py	keep		M5	待 M5 逐项评估（兜底）
scripts/generate_objective_report_pdfs.py	keep		M5	待 M5 逐项评估（兜底）
scripts/generate_phase_2_fixtures.py	keep		M5	待 M5 逐项评估（兜底）
scripts/generate_phase_3_fixtures.py	keep		M5	待 M5 逐项评估（兜底）
scripts/generate_standard_workbook.py	keep		M5	待 M5 逐项评估（兜底）
scripts/p5_build_fact_store.py	keep		M5	待 M5 逐项评估（兜底）
scripts/p5_build_report_view.py	keep		M5	待 M5 逐项评估（兜底）
scripts/p5_cross_validate_sf.py	keep		M5	待 M5 逐项评估（兜底）
scripts/p5_extract_alibaba.py	keep		M5	待 M5 逐项评估（兜底）
scripts/p5_extract_cainiao.py	keep		M5	待 M5 逐项评估（兜底）
scripts/p5_extract_jdl.py	keep		M5	待 M5 逐项评估（兜底）
scripts/p5_extract_statements.py	keep		M5	待 M5 逐项评估（兜底）
scripts/p5_extract_tencent.py	keep		M5	待 M5 逐项评估（兜底）
scripts/p5_query_facts.py	keep		M5	待 M5 逐项评估（兜底）
scripts/p5_verify_view.cjs	keep		M5	待 M5 逐项评估（兜底）
scripts/render_golden.py	keep		M5	待 M5 逐项评估（兜底）
scripts/rich_report.py	keep		M5	待 M5 逐项评估（兜底）
scripts/run_service.py	keep		M5	待 M5 逐项评估（兜底）
scripts/seed_dashboard_demo.py	keep		M5	待 M5 逐项评估（兜底）
scripts/seed_statement_reports.py	keep		M5	待 M5 逐项评估（兜底）
scripts/summarize_analysis.py	keep		M5	待 M5 逐项评估（兜底）
scripts/summarize_dashboard.py	keep		M5	待 M5 逐项评估（兜底）
scripts/summarize_data_contract.py	keep		M5	待 M5 逐项评估（兜底）
scripts/summarize_intake.py	keep		M5	待 M5 逐项评估（兜底）
scripts/summarize_metrics.py	keep		M5	待 M5 逐项评估（兜底）
scripts/test_analysis_invariants.sh	keep		M5	待 M5 逐项评估（兜底）
scripts/test_copilot_evals.sh	keep		M5	待 M5 逐项评估（兜底）
scripts/test_dashboard.sh	keep		M5	待 M5 逐项评估（兜底）
scripts/test_data_contract.sh	keep		M5	待 M5 逐项评估（兜底）
scripts/test_intake_e2e.sh	keep		M5	待 M5 逐项评估（兜底）
scripts/test_investigation_e2e.sh	keep		M5	待 M5 逐项评估（兜底）
scripts/test_metrics_known_answers.sh	keep		M5	待 M5 逐项评估（兜底）
scripts/test_publishing_golden.sh	keep		M5	待 M5 逐项评估（兜底）
scripts/test_statements_e2e.sh	keep		M5	待 M5 逐项评估（兜底）
scripts/test_user_closure_e2e.sh	keep		M5	待 M5 逐项评估（兜底）
scripts/tests/test_ci_gate_inventory.py	keep		M5	待 M5 逐项评估（兜底）
scripts/tests/test_document_inventory.py	keep		M5	待 M5 逐项评估（兜底）
scripts/tests/test_e2e_port_allocation.py	keep		M5	待 M5 逐项评估（兜底）
scripts/tests/test_service_lifecycle.py	keep		M5	待 M5 逐项评估（兜底）
scripts/tests/test_summarize_dashboard.py	keep		M5	待 M5 逐项评估（兜底）
scripts/wait_for_services.py	keep		M5	待 M5 逐项评估（兜底）
services/api/alembic.ini	keep		M5	待 M5 逐项评估（兜底）
services/api/config/analysis/flow-logistics-v1.yaml	keep		M5	待 M5 逐项评估（兜底）
services/api/config/copilot/flow-v1-evals.yaml	keep		M5	待 M5 逐项评估（兜底）
services/api/migrations/env.py	keep		M5	待 M5 逐项评估（兜底）
services/api/migrations/script.py.mako	keep		M5	待 M5 逐项评估（兜底）
services/api/migrations/versions/0001_intake_foundation.py	keep		M5	待 M5 逐项评估（兜底）
services/api/migrations/versions/0002_canonical_data.py	keep		M5	待 M5 逐项评估（兜底）
services/api/migrations/versions/0003_analytics_and_publishing.py	keep		M5	待 M5 逐项评估（兜底）
services/api/migrations/versions/0004_intake_audit_and_publication.py	keep		M5	待 M5 逐项评估（兜底）
services/api/migrations/versions/0005_versioned_canonical_facts.py	keep		M5	待 M5 逐项评估（兜底）
services/api/migrations/versions/0006_metric_snapshot_identity.py	keep		M5	待 M5 逐项评估（兜底）
services/api/migrations/versions/0007_add_analysis_runs.py	keep		M5	待 M5 逐项评估（兜底）
services/api/migrations/versions/0008_investigation_review.py	keep		M5	待 M5 逐项评估（兜底）
services/api/migrations/versions/0009_copilot_interactions.py	keep		M5	待 M5 逐项评估（兜底）
services/api/migrations/versions/0010_frozen_reports.py	keep		M5	待 M5 逐项评估（兜底）
services/api/migrations/versions/0011_statement_reports.py	keep		M5	待 M5 逐项评估（兜底）
services/api/migrations/versions/0012_metric_library_objects.py	keep		M5	待 M5 逐项评估（兜底）
services/api/migrations/versions/0013_metric_catalog_documents.py	keep		M5	待 M5 逐项评估（兜底）
services/api/migrations/versions/0014_statement_sources.py	keep		M5	待 M5 逐项评估（兜底）
services/api/migrations/versions/0015_statement_normalization.py	keep		M5	待 M5 逐项评估（兜底）
services/api/migrations/versions/0016_statement_review.py	keep		M5	待 M5 逐项评估（兜底）
services/api/migrations/versions/0017_build_jobs.py	keep		M5	待 M5 逐项评估（兜底）
services/api/migrations/versions/0018_metric_governance.py	keep		M5	待 M5 逐项评估（兜底）
services/api/migrations/versions/0019_mpm_review.py	keep		M5	待 M5 逐项评估（兜底）
services/api/migrations/versions/0020_objective_report_snapshots.py	keep		M5	待 M5 逐项评估（兜底）
services/api/migrations/versions/0021_build_job_fingerprint.py	keep		M5	待 M5 逐项评估（兜底）
services/api/migrations/versions/0022_normalized_group_ordinal.py	keep		M5	待 M5 逐项评估（兜底）
services/api/migrations/versions/0023_operations_overview.py	keep		M5	待 M5 逐项评估（兜底）
services/api/migrations/versions/0024_operations_publication.py	keep		M5	待 M5 逐项评估（兜底）
services/api/pyproject.toml	keep		M5	待 M5 逐项评估（兜底）
services/api/src/flow_api/__init__.py	keep		M5	待 M5 逐项评估（兜底）
services/api/src/flow_api/analysis/__init__.py	keep		M5	待 M5 逐项评估（兜底）
services/api/src/flow_api/analysis/bridges.py	keep		M5	待 M5 逐项评估（兜底）
services/api/src/flow_api/analysis/decimal_math.py	keep		M5	待 M5 逐项评估（兜底）
services/api/src/flow_api/analysis/deterministic.py	keep		M5	待 M5 逐项评估（兜底）
services/api/src/flow_api/analysis/evidence.py	keep		M5	待 M5 逐项评估（兜底）
services/api/src/flow_api/analysis/findings.py	keep		M5	待 M5 逐项评估（兜底）
services/api/src/flow_api/analysis/models.py	keep		M5	待 M5 逐项评估（兜底）
services/api/src/flow_api/analysis/objective.py	keep		M5	待 M5 逐项评估（兜底）
services/api/src/flow_api/analysis/operations_catalog.py	keep		M5	待 M5 逐项评估（兜底）
services/api/src/flow_api/analysis/playbooks.py	keep		M5	待 M5 逐项评估（兜底）
services/api/src/flow_api/analysis/policy.py	keep		M5	待 M5 逐项评估（兜底）
services/api/src/flow_api/analysis/repositories.py	keep		M5	待 M5 逐项评估（兜底）
services/api/src/flow_api/analysis/service.py	keep		M5	待 M5 逐项评估（兜底）
services/api/src/flow_api/analysis/topics.py	keep		M5	待 M5 逐项评估（兜底）
services/api/src/flow_api/analysis/workbench.py	keep		M5	待 M5 逐项评估（兜底）
services/api/src/flow_api/api/__init__.py	keep		M5	待 M5 逐项评估（兜底）
services/api/src/flow_api/api/auth.py	keep		M5	待 M5 逐项评估（兜底）
services/api/src/flow_api/api/router.py	keep		M5	待 M5 逐项评估（兜底）
services/api/src/flow_api/api/routes/__init__.py	keep		M5	待 M5 逐项评估（兜底）
services/api/src/flow_api/api/routes/copilot.py	keep		M5	待 M5 逐项评估（兜底）
services/api/src/flow_api/api/routes/dashboard.py	keep		M5	待 M5 逐项评估（兜底）
services/api/src/flow_api/api/routes/health.py	keep		M5	待 M5 逐项评估（兜底）
services/api/src/flow_api/api/routes/intake.py	keep		M5	待 M5 逐项评估（兜底）
services/api/src/flow_api/api/routes/investigations.py	keep		M5	待 M5 逐项评估（兜底）
services/api/src/flow_api/api/routes/metric_library.py	keep		M5	待 M5 逐项评估（兜底）
services/api/src/flow_api/api/routes/objective_reports.py	keep		M5	待 M5 逐项评估（兜底）
services/api/src/flow_api/api/routes/operations.py	keep		M5	待 M5 逐项评估（兜底）
services/api/src/flow_api/api/routes/orchestration.py	keep		M5	待 M5 逐项评估（兜底）
services/api/src/flow_api/api/routes/publishing.py	keep		M5	待 M5 逐项评估（兜底）
services/api/src/flow_api/api/routes/statements.py	keep		M5	待 M5 逐项评估（兜底）
services/api/src/flow_api/api/routes/workbench.py	keep		M5	待 M5 逐项评估（兜底）
services/api/src/flow_api/api/routes/workspace.py	keep		M5	待 M5 逐项评估（兜底）
services/api/src/flow_api/api/schemas/__init__.py	keep		M5	待 M5 逐项评估（兜底）
services/api/src/flow_api/api/schemas/copilot.py	keep		M5	待 M5 逐项评估（兜底）
services/api/src/flow_api/api/schemas/dashboard.py	keep		M5	待 M5 逐项评估（兜底）
services/api/src/flow_api/api/schemas/intake.py	keep		M5	待 M5 逐项评估（兜底）
services/api/src/flow_api/api/schemas/investigation.py	keep		M5	待 M5 逐项评估（兜底）
services/api/src/flow_api/api/schemas/metric_library.py	keep		M5	待 M5 逐项评估（兜底）
services/api/src/flow_api/api/schemas/publishing.py	keep		M5	待 M5 逐项评估（兜底）
services/api/src/flow_api/api/schemas/statement.py	keep		M5	待 M5 逐项评估（兜底）
services/api/src/flow_api/api/schemas/workspace.py	keep		M5	待 M5 逐项评估（兜底）
services/api/src/flow_api/application/__init__.py	keep		M5	待 M5 逐项评估（兜底）
services/api/src/flow_api/application/jobs.py	keep		M5	待 M5 逐项评估（兜底）
services/api/src/flow_api/copilot/__init__.py	keep		M5	待 M5 逐项评估（兜底）
services/api/src/flow_api/copilot/context.py	keep		M5	待 M5 逐项评估（兜底）
services/api/src/flow_api/copilot/context_builders.py	keep		M5	待 M5 逐项评估（兜底）
services/api/src/flow_api/copilot/evals.py	keep		M5	待 M5 逐项评估（兜底）
services/api/src/flow_api/copilot/models.py	keep		M5	待 M5 逐项评估（兜底）
services/api/src/flow_api/copilot/providers.py	keep		M5	待 M5 逐项评估（兜底）
services/api/src/flow_api/copilot/service.py	keep		M5	待 M5 逐项评估（兜底）
services/api/src/flow_api/copilot/validator.py	keep		M5	待 M5 逐项评估（兜底）
services/api/src/flow_api/dashboard/__init__.py	keep		M5	待 M5 逐项评估（兜底）
services/api/src/flow_api/dashboard/constants.py	keep		M5	待 M5 逐项评估（兜底）
services/api/src/flow_api/dashboard/fixture.py	keep		M5	待 M5 逐项评估（兜底）
services/api/src/flow_api/dashboard/formatting.py	keep		M5	待 M5 逐项评估（兜底）
services/api/src/flow_api/dashboard/models.py	keep		M5	待 M5 逐项评估（兜底）
services/api/src/flow_api/dashboard/repositories.py	keep		M5	待 M5 逐项评估（兜底）
services/api/src/flow_api/dashboard/service.py	keep		M5	待 M5 逐项评估（兜底）
services/api/src/flow_api/data_contract/__init__.py	keep		M5	待 M5 逐项评估（兜底）
services/api/src/flow_api/data_contract/contract.py	keep		M5	待 M5 逐项评估（兜底）
services/api/src/flow_api/data_contract/models.py	keep		M5	待 M5 逐项评估（兜底）
services/api/src/flow_api/data_contract/parser.py	keep		M5	待 M5 逐项评估（兜底）
services/api/src/flow_api/data_contract/persistence.py	keep		M5	待 M5 逐项评估（兜底）
services/api/src/flow_api/data_contract/records.py	keep		M5	待 M5 逐项评估（兜底）
services/api/src/flow_api/data_contract/semantic.py	keep		M5	待 M5 逐项评估（兜底）
services/api/src/flow_api/data_contract/template.py	keep		M5	待 M5 逐项评估（兜底）
services/api/src/flow_api/data_contract/workbook.py	keep		M5	待 M5 逐项评估（兜底）
services/api/src/flow_api/domain/__init__.py	keep		M5	待 M5 逐项评估（兜底）
services/api/src/flow_api/domain/enums.py	keep		M5	待 M5 逐项评估（兜底）
services/api/src/flow_api/domain/ids.py	keep		M5	待 M5 逐项评估（兜底）
services/api/src/flow_api/domain/values.py	keep		M5	待 M5 逐项评估（兜底）
services/api/src/flow_api/fixtures/__init__.py	keep		M5	待 M5 逐项评估（兜底）
services/api/src/flow_api/fixtures/analysis_known_answers.py	keep		M5	待 M5 逐项评估（兜底）
services/api/src/flow_api/fixtures/dashboard_known_answers.py	keep		M5	待 M5 逐项评估（兜底）
services/api/src/flow_api/fixtures/generator.py	keep		M5	待 M5 逐项评估（兜底）
services/api/src/flow_api/fixtures/known_answers.py	keep		M5	待 M5 逐项评估（兜底）
services/api/src/flow_api/infrastructure/__init__.py	keep		M5	待 M5 逐项评估（兜底）
services/api/src/flow_api/infrastructure/db.py	keep		M5	待 M5 逐项评估（兜底）
services/api/src/flow_api/infrastructure/jobs.py	keep		M5	待 M5 逐项评估（兜底）
services/api/src/flow_api/infrastructure/logging.py	keep		M5	待 M5 逐项评估（兜底）
services/api/src/flow_api/infrastructure/models/__init__.py	keep		M5	待 M5 逐项评估（兜底）
services/api/src/flow_api/infrastructure/models/analytics.py	keep		M5	待 M5 逐项评估（兜底）
services/api/src/flow_api/infrastructure/models/base.py	keep		M5	待 M5 逐项评估（兜底）
services/api/src/flow_api/infrastructure/models/canonical.py	keep		M5	待 M5 逐项评估（兜底）
services/api/src/flow_api/infrastructure/models/copilot.py	keep		M5	待 M5 逐项评估（兜底）
services/api/src/flow_api/infrastructure/models/intake.py	keep		M5	待 M5 逐项评估（兜底）
services/api/src/flow_api/infrastructure/models/metric_library.py	keep		M5	待 M5 逐项评估（兜底）
services/api/src/flow_api/infrastructure/models/publishing.py	keep		M5	待 M5 逐项评估（兜底）
services/api/src/flow_api/infrastructure/models/statement.py	keep		M5	待 M5 逐项评估（兜底）
services/api/src/flow_api/infrastructure/object_store.py	keep		M5	待 M5 逐项评估（兜底）
services/api/src/flow_api/infrastructure/s3_client.py	keep		M5	待 M5 逐项评估（兜底）
services/api/src/flow_api/intake/__init__.py	keep		M5	待 M5 逐项评估（兜底）
services/api/src/flow_api/intake/ai_mapping.py	keep		M5	待 M5 逐项评估（兜底）
services/api/src/flow_api/intake/detector.py	keep		M5	待 M5 逐项评估（兜底）
services/api/src/flow_api/intake/extractor.py	keep		M5	待 M5 逐项评估（兜底）
services/api/src/flow_api/intake/mapping.py	keep		M5	待 M5 逐项评估（兜底）
services/api/src/flow_api/intake/models.py	keep		M5	待 M5 逐项评估（兜底）
services/api/src/flow_api/intake/quality.py	keep		M5	待 M5 逐项评估（兜底）
services/api/src/flow_api/intake/reconciliation.py	keep		M5	待 M5 逐项评估（兜底）
services/api/src/flow_api/intake/repositories.py	keep		M5	待 M5 逐项评估（兜底）
services/api/src/flow_api/intake/service.py	keep		M5	待 M5 逐项评估（兜底）
services/api/src/flow_api/intake/source_storage.py	keep		M5	待 M5 逐项评估（兜底）
services/api/src/flow_api/intake/transforms.py	keep		M5	待 M5 逐项评估（兜底）
services/api/src/flow_api/investigation/__init__.py	keep		M5	待 M5 逐项评估（兜底）
services/api/src/flow_api/investigation/models.py	keep		M5	待 M5 逐项评估（兜底）
services/api/src/flow_api/investigation/repositories.py	keep		M5	待 M5 逐项评估（兜底）
services/api/src/flow_api/investigation/service.py	keep		M5	待 M5 逐项评估（兜底）
services/api/src/flow_api/investigation/state_machines.py	keep		M5	待 M5 逐项评估（兜底）
services/api/src/flow_api/main.py	keep		M5	待 M5 逐项评估（兜底）
services/api/src/flow_api/metric_library_store/__init__.py	keep		M5	待 M5 逐项评估（兜底）
services/api/src/flow_api/metric_library_store/binding.py	keep		M5	待 M5 逐项评估（兜底）
services/api/src/flow_api/metric_library_store/coverage.py	keep		M5	待 M5 逐项评估（兜底）
services/api/src/flow_api/metric_library_store/governance.py	keep		M5	待 M5 逐项评估（兜底）
services/api/src/flow_api/metric_library_store/impact.py	keep		M5	待 M5 逐项评估（兜底）
services/api/src/flow_api/metric_library_store/importer.py	keep		M5	待 M5 逐项评估（兜底）
services/api/src/flow_api/metric_library_store/search.py	keep		M5	待 M5 逐项评估（兜底）
services/api/src/flow_api/metrics/__init__.py	keep		M5	待 M5 逐项评估（兜底）
services/api/src/flow_api/metrics/aggregation.py	keep		M5	待 M5 逐项评估（兜底）
services/api/src/flow_api/metrics/calculator.py	keep		M5	待 M5 逐项评估（兜底）
services/api/src/flow_api/metrics/catalog.py	keep		M5	待 M5 逐项评估（兜底）
services/api/src/flow_api/metrics/comparison_contract.py	keep		M5	待 M5 逐项评估（兜底）
services/api/src/flow_api/metrics/comparisons.py	keep		M5	待 M5 逐项评估（兜底）
services/api/src/flow_api/metrics/decimal_math.py	keep		M5	待 M5 逐项评估（兜底）
services/api/src/flow_api/metrics/financial_semantics.py	keep		M5	待 M5 逐项评估（兜底）
services/api/src/flow_api/metrics/formulas.py	keep		M5	待 M5 逐项评估（兜底）
services/api/src/flow_api/metrics/grain.py	keep		M5	待 M5 逐项评估（兜底）
services/api/src/flow_api/metrics/models.py	keep		M5	待 M5 逐项评估（兜底）
services/api/src/flow_api/metrics/mpm_semantics.py	keep		M5	待 M5 逐项评估（兜底）
services/api/src/flow_api/metrics/persistence.py	keep		M5	待 M5 逐项评估（兜底）
services/api/src/flow_api/metrics/repositories.py	keep		M5	待 M5 逐项评估（兜底）
services/api/src/flow_api/metrics/results.py	keep		M5	待 M5 逐项评估（兜底）
services/api/src/flow_api/metrics/service.py	keep		M5	待 M5 逐项评估（兜底）
services/api/src/flow_api/metrics/source_rows.py	keep		M5	待 M5 逐项评估（兜底）
services/api/src/flow_api/metrics/windows.py	keep		M5	待 M5 逐项评估（兜底）
services/api/src/flow_api/metrics_store/__init__.py	keep		M5	待 M5 逐项评估（兜底）
services/api/src/flow_api/operations/__init__.py	keep		M5	待 M5 逐项评估（兜底）
services/api/src/flow_api/operations/engine.py	keep		M5	待 M5 逐项评估（兜底）
services/api/src/flow_api/operations/facts.py	keep		M5	待 M5 逐项评估（兜底）
services/api/src/flow_api/operations/freeze.py	keep		M5	待 M5 逐项评估（兜底）
services/api/src/flow_api/operations/publication.py	keep		M5	待 M5 逐项评估（兜底）
services/api/src/flow_api/operations/renderers.py	keep		M5	待 M5 逐项评估（兜底）
services/api/src/flow_api/publishing/__init__.py	keep		M5	待 M5 逐项评估（兜底）
services/api/src/flow_api/publishing/models.py	keep		M5	待 M5 逐项评估（兜底）
services/api/src/flow_api/publishing/objective_freeze.py	keep		M5	待 M5 逐项评估（兜底）
services/api/src/flow_api/publishing/objective_renderers.py	keep		M5	待 M5 逐项评估（兜底）
services/api/src/flow_api/publishing/publication.py	keep		M5	待 M5 逐项评估（兜底）
services/api/src/flow_api/publishing/renderers.py	keep		M5	待 M5 逐项评估（兜底）
services/api/src/flow_api/publishing/service.py	keep		M5	待 M5 逐项评估（兜底）
services/api/src/flow_api/settings.py	keep		M5	待 M5 逐项评估（兜底）
services/api/src/flow_api/statements/__init__.py	keep		M5	待 M5 逐项评估（兜底）
services/api/src/flow_api/statements/extraction.py	keep		M5	待 M5 逐项评估（兜底）
services/api/src/flow_api/statements/fact_contract.py	keep		M5	待 M5 逐项评估（兜底）
services/api/src/flow_api/statements/importer.py	keep		M5	待 M5 逐项评估（兜底）
services/api/src/flow_api/statements/intake.py	keep		M5	待 M5 逐项评估（兜底）
services/api/src/flow_api/statements/models.py	keep		M5	待 M5 逐项评估（兜底）
services/api/src/flow_api/statements/normalization.py	keep		M5	待 M5 逐项评估（兜底）
services/api/src/flow_api/statements/objective_report_charts.py	keep		M5	待 M5 逐项评估（兜底）
services/api/src/flow_api/statements/objective_report_html.py	keep		M5	待 M5 逐项评估（兜底）
services/api/src/flow_api/statements/objective_report_pdf.py	keep		M5	待 M5 逐项评估（兜底）
services/api/src/flow_api/statements/projection.py	keep		M5	待 M5 逐项评估（兜底）
services/api/src/flow_api/statements/reconciliation.py	keep		M5	待 M5 逐项评估（兜底）
services/api/src/flow_api/statements/repository.py	keep		M5	待 M5 逐项评估（兜底）
services/api/src/flow_api/statements/review.py	keep		M5	待 M5 逐项评估（兜底）
services/api/src/flow_api/statements/service.py	keep		M5	待 M5 逐项评估（兜底）
services/api/src/flow_api/worker.py	keep		M5	待 M5 逐项评估（兜底）
services/api/tests/analysis/__init__.py	keep		M5	待 M5 逐项评估（兜底）
services/api/tests/analysis/test_additive_bridge.py	keep		M5	待 M5 逐项评估（兜底）
services/api/tests/analysis/test_analysis_oracle.py	keep		M5	待 M5 逐项评估（兜底）
services/api/tests/analysis/test_ar_cash.py	keep		M5	待 M5 逐项评估（兜底）
services/api/tests/analysis/test_cagr.py	keep		M5	待 M5 逐项评估（兜底）
services/api/tests/analysis/test_decimal_math.py	keep		M5	待 M5 逐项评估（兜底）
services/api/tests/analysis/test_finding_qualification.py	keep		M5	待 M5 逐项评估（兜底）
services/api/tests/analysis/test_fulfillment_rve.py	keep		M5	待 M5 逐项评估（兜底）
services/api/tests/analysis/test_growth_linkage.py	keep		M5	待 M5 逐项评估（兜底）
services/api/tests/analysis/test_models.py	keep		M5	待 M5 逐项评估（兜底）
services/api/tests/analysis/test_objective_finance.py	keep		M5	待 M5 逐项评估（兜底）
services/api/tests/analysis/test_operations_catalog.py	keep		M5	待 M5 逐项评估（兜底）
services/api/tests/analysis/test_playbook_registry.py	keep		M5	待 M5 逐项评估（兜底）
services/api/tests/analysis/test_policy.py	keep		M5	待 M5 逐项评估（兜底）
services/api/tests/analysis/test_profit_bridges.py	keep		M5	待 M5 逐项评估（兜底）
services/api/tests/analysis/test_ranking.py	keep		M5	待 M5 逐项评估（兜底）
services/api/tests/analysis/test_revenue_vpm.py	keep		M5	待 M5 逐项评估（兜底）
services/api/tests/analysis/test_threshold_and_caliber.py	keep		M5	待 M5 逐项评估（兜底）
services/api/tests/analysis/test_topic_contracts.py	keep		M5	待 M5 逐项评估（兜底）
services/api/tests/api/test_auth_boundary.py	keep		M5	待 M5 逐项评估（兜底）
services/api/tests/api/test_copilot.py	keep		M5	待 M5 逐项评估（兜底）
services/api/tests/api/test_dashboard.py	keep		M5	待 M5 逐项评估（兜底）
services/api/tests/api/test_intake.py	keep		M5	待 M5 逐项评估（兜底）
services/api/tests/api/test_intake_cleaning_export.py	keep		M5	待 M5 逐项评估（兜底）
services/api/tests/api/test_intake_overrides.py	keep		M5	待 M5 逐项评估（兜底）
services/api/tests/api/test_intake_template.py	keep		M5	待 M5 逐项评估（兜底）
services/api/tests/api/test_investigations.py	keep		M5	待 M5 逐项评估（兜底）
services/api/tests/api/test_metric_library_api.py	keep		M5	待 M5 逐项评估（兜底）
services/api/tests/api/test_metric_library_store.py	keep		M5	待 M5 逐项评估（兜底）
services/api/tests/api/test_objective_snapshot_api.py	keep		M5	待 M5 逐项评估（兜底）
services/api/tests/api/test_orchestration_api.py	keep		M5	待 M5 逐项评估（兜底）
services/api/tests/api/test_publishing_api.py	keep		M5	待 M5 逐项评估（兜底）
services/api/tests/api/test_statement_api.py	keep		M5	待 M5 逐项评估（兜底）
services/api/tests/api/test_statement_projection_api.py	keep		M5	待 M5 逐项评估（兜底）
services/api/tests/api/test_structured_logging.py	keep		M5	待 M5 逐项评估（兜底）
services/api/tests/api/test_workbench_api.py	keep		M5	待 M5 逐项评估（兜底）
services/api/tests/api/test_workspace.py	keep		M5	待 M5 逐项评估（兜底）
services/api/tests/conftest.py	keep		M5	待 M5 逐项评估（兜底）
services/api/tests/copilot/test_evals.py	keep		M5	待 M5 逐项评估（兜底）
services/api/tests/copilot/test_providers.py	keep		M5	待 M5 逐项评估（兜底）
services/api/tests/copilot/test_service.py	keep		M5	待 M5 逐项评估（兜底）
services/api/tests/copilot/test_validator.py	keep		M5	待 M5 逐项评估（兜底）
services/api/tests/dashboard/__init__.py	keep		M5	待 M5 逐项评估（兜底）
services/api/tests/dashboard/test_dashboard_formatting.py	keep		M5	待 M5 逐项评估（兜底）
services/api/tests/dashboard/test_dashboard_models.py	keep		M5	待 M5 逐项评估（兜底）
services/api/tests/dashboard/test_dashboard_oracle.py	keep		M5	待 M5 逐项评估（兜底）
services/api/tests/data_contract/test_committed_artifacts.py	keep		M5	待 M5 逐项评估（兜底）
services/api/tests/data_contract/test_contract.py	keep		M5	待 M5 逐项评估（兜底）
services/api/tests/data_contract/test_semantic_round_trip.py	keep		M5	待 M5 逐项评估（兜底）
services/api/tests/data_contract/test_workbook_generation.py	keep		M5	待 M5 逐项评估（兜底）
services/api/tests/data_contract/test_workbook_parser.py	keep		M5	待 M5 逐项评估（兜底）
services/api/tests/domain/test_enums.py	keep		M5	待 M5 逐项评估（兜底）
services/api/tests/domain/test_ids.py	keep		M5	待 M5 逐项评估（兜底）
services/api/tests/domain/test_values.py	keep		M5	待 M5 逐项评估（兜底）
services/api/tests/fixtures/test_generator.py	keep		M5	待 M5 逐项评估（兜底）
services/api/tests/fixtures/test_known_answers.py	keep		M5	待 M5 逐项评估（兜底）
services/api/tests/intake/test_ai_mapping_adapter.py	keep		M5	待 M5 逐项评估（兜底）
services/api/tests/intake/test_detector.py	keep		M5	待 M5 逐项评估（兜底）
services/api/tests/intake/test_extractor.py	keep		M5	待 M5 逐项评估（兜底）
services/api/tests/intake/test_mapping.py	keep		M5	待 M5 逐项评估（兜底）
services/api/tests/intake/test_nonstandard_fixture.py	keep		M5	待 M5 逐项评估（兜底）
services/api/tests/intake/test_quality.py	keep		M5	待 M5 逐项评估（兜底）
services/api/tests/intake/test_reconciliation.py	keep		M5	待 M5 逐项评估（兜底）
services/api/tests/intake/test_runtime_configuration.py	keep		M5	待 M5 逐项评估（兜底）
services/api/tests/intake/test_source_storage.py	keep		M5	待 M5 逐项评估（兜底）
services/api/tests/intake/test_transforms.py	keep		M5	待 M5 逐项评估（兜底）
services/api/tests/integration/__init__.py	keep		M5	待 M5 逐项评估（兜底）
services/api/tests/integration/analysis_run_support.py	keep		M5	待 M5 逐项评估（兜底）
services/api/tests/integration/data_contract_support.py	keep		M5	待 M5 逐项评估（兜底）
services/api/tests/integration/intake_service_support.py	keep		M5	待 M5 逐项评估（兜底）
services/api/tests/integration/metric_snapshot_support.py	keep		M5	待 M5 逐项评估（兜底）
services/api/tests/integration/test_analysis_atomicity.py	keep		M5	待 M5 逐项评估（兜底）
services/api/tests/integration/test_analysis_invariants.py	keep		M5	待 M5 逐项评估（兜底）
services/api/tests/integration/test_analysis_repository.py	keep		M5	待 M5 逐项评估（兜底）
services/api/tests/integration/test_analysis_run_schema.py	keep		M5	待 M5 逐项评估（兜底）
services/api/tests/integration/test_analysis_service.py	keep		M5	待 M5 逐项评估（兜底）
services/api/tests/integration/test_analytics_schema.py	keep		M5	待 M5 逐项评估（兜底）
services/api/tests/integration/test_canonical_schema.py	keep		M5	待 M5 逐项评估（兜底）
services/api/tests/integration/test_dashboard_analysis_projection.py	keep		M5	待 M5 逐项评估（兜底）
services/api/tests/integration/test_dashboard_cards.py	keep		M5	待 M5 逐项评估（兜底）
services/api/tests/integration/test_dashboard_demo_bootstrap.py	keep		M5	待 M5 逐项评估（兜底）
services/api/tests/integration/test_dashboard_dimension_views.py	keep		M5	待 M5 逐项评估（兜底）
services/api/tests/integration/test_dashboard_repository.py	keep		M5	待 M5 逐项评估（兜底）
services/api/tests/integration/test_dashboard_snapshot_series.py	keep		M5	待 M5 逐项评估（兜底）
services/api/tests/integration/test_data_contract_persistence.py	keep		M5	待 M5 逐项评估（兜底）
services/api/tests/integration/test_database.py	keep		M5	待 M5 逐项评估（兜底）
services/api/tests/integration/test_excel_database_round_trip.py	keep		M5	待 M5 逐项评估（兜底）
services/api/tests/integration/test_intake_atomicity.py	keep		M5	待 M5 逐项评估（兜底）
services/api/tests/integration/test_intake_audit_schema.py	keep		M5	待 M5 逐项评估（兜底）
services/api/tests/integration/test_intake_e2e.py	keep		M5	待 M5 逐项评估（兜底）
services/api/tests/integration/test_intake_schema.py	keep		M5	待 M5 逐项评估（兜底）
services/api/tests/integration/test_intake_service.py	keep		M5	待 M5 逐项评估（兜底）
services/api/tests/integration/test_jobs.py	keep		M5	待 M5 逐项评估（兜底）
services/api/tests/integration/test_metric_calculator_known_answers.py	keep		M5	待 M5 逐项评估（兜底）
services/api/tests/integration/test_metric_catalog_store.py	keep		M5	待 M5 逐项评估（兜底）
services/api/tests/integration/test_metric_governance_api.py	keep		M5	待 M5 逐项评估（兜底）
services/api/tests/integration/test_metric_impact.py	keep		M5	待 M5 逐项评估（兜底）
services/api/tests/integration/test_metric_library_governance.py	keep		M5	待 M5 逐项评估（兜底）
services/api/tests/integration/test_metric_snapshot_atomicity.py	keep		M5	待 M5 逐项评估（兜底）
services/api/tests/integration/test_metric_snapshot_e2e.py	keep		M5	待 M5 逐项评估（兜底）
services/api/tests/integration/test_metric_snapshot_schema.py	keep		M5	待 M5 逐项评估（兜底）
services/api/tests/integration/test_metric_snapshot_service.py	keep		M5	待 M5 逐项评估（兜底）
services/api/tests/integration/test_metric_source_repository.py	keep		M5	待 M5 逐项评估（兜底）
services/api/tests/integration/test_object_store.py	keep		M5	待 M5 逐项评估（兜底）
services/api/tests/integration/test_versioned_canonical_persistence.py	keep		M5	待 M5 逐项评估（兜底）
services/api/tests/investigation/test_investigation_service.py	keep		M5	待 M5 逐项评估（兜底）
services/api/tests/investigation/test_state_machines.py	keep		M5	待 M5 逐项评估（兜底）
services/api/tests/metrics/test_aggregation.py	keep		M5	待 M5 逐项评估（兜底）
services/api/tests/metrics/test_catalog.py	keep		M5	待 M5 逐项评估（兜底）
services/api/tests/metrics/test_comparisons.py	keep		M5	待 M5 逐项评估（兜底）
services/api/tests/metrics/test_coverage_layers.py	keep		M5	待 M5 逐项评估（兜底）
services/api/tests/metrics/test_decimal_math.py	keep		M5	待 M5 逐项评估（兜底）
services/api/tests/metrics/test_dictionary_execution_parity.py	keep		M5	待 M5 逐项评估（兜底）
services/api/tests/metrics/test_financial_semantics.py	keep		M5	待 M5 逐项评估（兜底）
services/api/tests/metrics/test_formulas.py	keep		M5	待 M5 逐项评估（兜底）
services/api/tests/metrics/test_grain.py	keep		M5	待 M5 逐项评估（兜底）
services/api/tests/metrics/test_metric_oracle.py	keep		M5	待 M5 逐项评估（兜底）
services/api/tests/metrics/test_mpm_classification.py	keep		M5	待 M5 逐项评估（兜底）
services/api/tests/metrics/test_windows.py	keep		M5	待 M5 逐项评估（兜底）
services/api/tests/operations/__init__.py	keep		M5	待 M5 逐项评估（兜底）
services/api/tests/operations/test_operating_facts.py	keep		M5	待 M5 逐项评估（兜底）
services/api/tests/operations/test_operations_engine.py	keep		M5	待 M5 逐项评估（兜底）
services/api/tests/operations/test_operations_freeze.py	keep		M5	待 M5 逐项评估（兜底）
services/api/tests/operations/test_operations_public_api.py	keep		M5	待 M5 逐项评估（兜底）
services/api/tests/operations/test_operations_publication.py	keep		M5	待 M5 逐项评估（兜底）
services/api/tests/operations/test_operations_render.py	keep		M5	待 M5 逐项评估（兜底）
services/api/tests/publishing/publishing_support.py	keep		M5	待 M5 逐项评估（兜底）
services/api/tests/publishing/test_freeze.py	keep		M5	待 M5 逐项评估（兜底）
services/api/tests/publishing/test_objective_eligibility.py	keep		M5	待 M5 逐项评估（兜底）
services/api/tests/publishing/test_objective_freeze.py	keep		M5	待 M5 逐项评估（兜底）
services/api/tests/publishing/test_objective_renderers.py	keep		M5	待 M5 逐项评估（兜底）
services/api/tests/publishing/test_renderer_layout.py	keep		M5	待 M5 逐项评估（兜底）
services/api/tests/statements/test_drilldown.py	keep		M5	待 M5 逐项评估（兜底）
services/api/tests/statements/test_extraction_adapters.py	keep		M5	待 M5 逐项评估（兜底）
services/api/tests/statements/test_fact_contract.py	keep		M5	待 M5 逐项评估（兜底）
services/api/tests/statements/test_fact_review.py	keep		M5	待 M5 逐项评估（兜底）
services/api/tests/statements/test_normalization.py	keep		M5	待 M5 逐项评估（兜底）
services/api/tests/statements/test_objective_report_html.py	keep		M5	待 M5 逐项评估（兜底）
services/api/tests/statements/test_projection.py	keep		M5	待 M5 逐项评估（兜底）
services/api/tests/statements/test_reconciliation.py	keep		M5	待 M5 逐项评估（兜底）
services/api/tests/statements/test_source_intake.py	keep		M5	待 M5 逐项评估（兜底）
services/api/tests/test_health.py	keep		M5	待 M5 逐项评估（兜底）
services/api/uv.lock	keep		M5	待 M5 逐项评估（兜底）
templates/excel/flow_v1_contract.yaml	keep		M5	待 M5 逐项评估（兜底）
validation/financial_reports/README.md	keep		M5	待 M5 逐项评估（兜底）
validation/financial_reports/manifest.yaml	keep		M5	待 M5 逐项评估（兜底）
validation/financial_reports/oracle-register.md	keep		M5	待 M5 逐项评估（兜底）
validation/financial_reports/original/zto_2026q1/ZTO_2026_Q1_results_announcement_c.pdf	keep		M5	待 M5 逐项评估（兜底）
var/metric_library_audit.jsonl	keep		M5	待 M5 逐项评估（兜底）
