source_id	locator	title	author	k_route	availability	evidence_path	duplicate_group
finance-00ae289107db	vault:processed/03_财务与会计/wechat-49892bd609cb.md	三种利润的区别与应用场景		K1+K3+K4+K6	locator-only	synthesis/2026-09-12-obsidian-scan/A-finance.md	
finance-0264980e3b89	vault:processed/03_财务与会计/业财项目进展小结.md	业财项目进展小结		K7	locator-only	synthesis/2026-09-12-obsidian-scan/A-finance.md	
finance-02989d7c444d	vault:processed/03_财务与会计/CFO Metrics 2025年6月运营指标数据报表.md	CFO Metrics 2025年6月运营指标数据报表		K6+K7	locator-only	synthesis/2026-09-12-obsidian-scan/A-finance.md	
finance-03a66ed6967f	vault:processed/03_财务与会计/1909530585291039800_科技板块领涨A股，我们如何把握机遇？ _ 何刚·投资参考（年度日更）.md	笔记_---		K3+K8	locator-only	synthesis/2026-09-12-obsidian-scan/A-finance.md	
finance-051ed52fc9e2	vault:processed/03_财务与会计/1912688483617659152_数据熊盈亏平衡决策模型：从公式到经营决策的实战指南.md	盈亏平衡决策模型实战指南		K5	locator-only	synthesis/2026-09-12-obsidian-scan/A-finance.md	
finance-054a8c63712e	vault:processed/03_财务与会计/走进计收费（八）：离线篇.md	走进计收费（八）：离线篇		K7	locator-only	synthesis/2026-09-12-obsidian-scan/A-finance.md	
finance-05c6829476ed	vault:processed/03_财务与会计/wechat-8c4567605ebf.md	财务分析必须基于业务逻辑		K1+K3+K4+K7	locator-only	synthesis/2026-09-12-obsidian-scan/A-finance.md	
finance-05f3d9d66e65	vault:processed/03_财务与会计/什么是滚动预测.md	什么是滚动预测？	Teaganne Finn, Ian Smalley（IBM Think）	K1+K4+K6+K8	locator-only	synthesis/2026-09-12-obsidian-scan/A-finance.md	
finance-0769dbb4e2e8	vault:processed/03_财务与会计/雷达图分析法简介.md	雷达图分析法简介			locator-only	synthesis/2026-09-12-obsidian-scan/A-finance.md	
finance-07cec47de58c	vault:processed/03_财务与会计/1.3 业财一体与经营精细化.md	1.3 业财一体与经营精细化		K5+K7	locator-only	synthesis/2026-09-12-obsidian-scan/A-finance.md	
finance-098661926385	vault:processed/03_财务与会计/1920855367152758568_多产品·多约束盈亏平衡测算模型 V1.0 全功能解析.md	多产品多约束盈亏平衡测算模型解析		K3	locator-only	synthesis/2026-09-12-obsidian-scan/A-finance.md	
finance-0a1acba3da6b	vault:processed/03_财务与会计/wechat-dee6e9e9e20b.md	美的集团2024年财报深度分析		K2+K3+K7	locator-only	synthesis/2026-09-12-obsidian-scan/A-finance.md	
finance-0bd5548cc32f	vault:processed/03_财务与会计/1920853625543418496_Power BI 财务分析驾驶舱全拆解：从数据联动到风险预警的 11 大模块.md	Power BI财务分析驾驶舱模块拆解		K2+K3+K4+K5+K6	locator-only	synthesis/2026-09-12-obsidian-scan/A-finance.md	
finance-0d40d37bcf3e	vault:processed/03_财务与会计/财务管控的底层逻辑：五流合一.md	财务管控的底层逻辑：五流合一		K8	locator-only	synthesis/2026-09-12-obsidian-scan/A-finance.md	
finance-0e5ce4a13ecf	vault:processed/03_财务与会计/wechat-a7ff9bb24e5a.md	基于SWITCH函数的动态财务分析		K2+K3	locator-only	synthesis/2026-09-12-obsidian-scan/A-finance.md	
finance-0e8737f8890f	vault:processed/03_财务与会计/wechat-8ac01ecc4fb0.md	资产负债表通俗解析指南		K1+K4+K6	locator-only	synthesis/2026-09-12-obsidian-scan/A-finance.md	
finance-0f258db57ddd	vault:processed/03_财务与会计/财务经营分析的“闭环”之道.md	财务经营分析的“闭环”之道		K3+K4+K6+K8	locator-only	synthesis/2026-09-12-obsidian-scan/A-finance.md	
finance-0fc0869110f2	vault:processed/03_财务与会计/wechat-782373b14a81.md	应收账款分析模型与模板			locator-only	synthesis/2026-09-12-obsidian-scan/A-finance.md	
finance-1341ae6fbe8a	vault:processed/03_财务与会计/财务三大报表勾稽关系全解析.md	财务三大报表勾稽关系全解析		K1+K7+K8	locator-only	synthesis/2026-09-12-obsidian-scan/A-finance.md	
finance-134c4432f68b	vault:processed/03_财务与会计/wechat-6a67a6d5371b.md	如何通俗看懂财务三大报表		K1	locator-only	synthesis/2026-09-12-obsidian-scan/A-finance.md	
finance-141105c69583	vault:processed/03_财务与会计/wechat-a96afb65a484.md	六大数据分析模型助力业财一体化		K5+K7	locator-only	synthesis/2026-09-12-obsidian-scan/A-finance.md	
finance-17a80d2d198a	vault:processed/03_财务与会计/wechat-f759e7515c2d.md	资产负债表分析：如何快速摸清企业家底？		K1+K3+K4+K7	locator-only	synthesis/2026-09-12-obsidian-scan/A-finance.md	
finance-17f63708e96a	vault:processed/03_财务与会计/业财契约标准化阶段性总结.md	业财契约标准化阶段性总结		K7	locator-only	synthesis/2026-09-12-obsidian-scan/A-finance.md	
finance-18ea5f0a75cc	vault:processed/03_财务与会计/2016-07-26 供应链金融与天网沟通.md	2016-07-26 供应链金融与天网沟通			locator-only	synthesis/2026-09-12-obsidian-scan/A-finance.md	
finance-1b29eb1028e1	vault:processed/03_财务与会计/wechat-36fa2fc23699.md	非财务人员财务指标指南		K2+K3	locator-only	synthesis/2026-09-12-obsidian-scan/A-finance.md	
finance-1bf2fbc5f32e	vault:processed/03_财务与会计/wechat-c44b50f07da5.md	企业资金与现金流分析报告		K1+K2	locator-only	synthesis/2026-09-12-obsidian-scan/A-finance.md	
finance-1c42a987d7d3	vault:processed/03_财务与会计/wechat-db415158820c.md	利润表分析要点与行业差异解析		K1+K2+K3+K7	locator-only	synthesis/2026-09-12-obsidian-scan/A-finance.md	
finance-1d70b40e3408	vault:processed/03_财务与会计/wechat-be299c56ae5d.md	杜邦分析模型与财务管理核心逻辑		K1+K2+K3+K4+K5	locator-only	synthesis/2026-09-12-obsidian-scan/A-finance.md	
finance-1dfd92a7dacc	vault:processed/03_财务与会计/财报分析框架.md	财报分析框架	7分钟投研（微信公众号）	K4	locator-only	synthesis/2026-09-12-obsidian-scan/A-finance.md	
finance-1e12b4ec80d4	vault:processed/03_财务与会计/其中，对于“发生的是什么支出”，统一使用公司标准支出事项进行描述，对于“发生在哪里”，统一使用成本管.md	其中，对于“发生的是什么支出”，统一使用公司标准支出事项进行描述，对于“发生在哪里”，统一使用成本管		K6+K7	locator-only	synthesis/2026-09-12-obsidian-scan/A-finance.md	
finance-1e9b19e211c6	vault:processed/03_财务与会计/wechat-b8653947e591.md	财务三大报表通俗解读指南		K1	locator-only	synthesis/2026-09-12-obsidian-scan/A-finance.md	
finance-20f6ee904291	vault:processed/03_财务与会计/1920992569882326656_财务工作台（第二版）：3周打造的可编辑财务管理系统.md	可编辑财务管理系统工作台介绍		K5+K6+K7	locator-only	synthesis/2026-09-12-obsidian-scan/A-finance.md	
finance-21e09288e5b5	vault:processed/03_财务与会计/wechat-53e816983f39.md	财务部门KPI设定指南		K3+K6	locator-only	synthesis/2026-09-12-obsidian-scan/A-finance.md	
finance-229f26092c93	vault:processed/03_财务与会计/2025时代年度人物解析AI建筑师与MGX基金的全球布局.md	2025时代年度人物解析AI建筑师与MGX基金的全球布局			locator-only	synthesis/2026-09-12-obsidian-scan/A-finance.md	
finance-2303af016eae	vault:processed/03_财务与会计/3.8 财务COA标准不足.md	3.8 财务COA标准不足		K1+K7	locator-only	synthesis/2026-09-12-obsidian-scan/A-finance.md	
finance-26524b55731a	vault:processed/03_财务与会计/掌握这些基本原理轻松读懂三大报表.md	掌握这些基本原理，轻松读懂三大报表	财资一家（节选自吴坚《财务分析：挖掘数字背后的商业价值》）	K1+K2	locator-only	synthesis/2026-09-12-obsidian-scan/A-finance.md	
finance-270db2db2d94	vault:processed/03_财务与会计/财务如何用Trae轻松搞定销售对账自动化？ _ AI学习圈.md	财务如何用Trae轻松搞定销售对账自动化？ | AI学习圈		K8	locator-only	synthesis/2026-09-12-obsidian-scan/A-finance.md	
finance-29ce8598b06e	vault:processed/03_财务与会计/菜鸟CFO域财务产品架构与规划整理.md	菜鸟CFO域财务产品架构与规划整理		K6+K7+K8	locator-only	synthesis/2026-09-12-obsidian-scan/A-finance.md	
finance-2ab1e26bd55a	vault:processed/03_财务与会计/wechat-803e26a6c22a.md	财务BP向经营分析转型的七大思维		K1+K3+K4+K7	locator-only	synthesis/2026-09-12-obsidian-scan/A-finance.md	
finance-2b80b9ae30cf	vault:processed/03_财务与会计/wechat-fd9f67a05308.md	金融行业数据分析指标体系与分析场景		K5	locator-only	synthesis/2026-09-12-obsidian-scan/A-finance.md	
finance-2d71c53c6a4a	vault:processed/03_财务与会计/三大财务报表的分析方法与关注要点解析.md	三大财务报表的分析方法与关注要点解析（超级干货）	天津科技大学教务处转载（原载：创新创业服务网）	K1+K2+K3+K4	locator-only	synthesis/2026-09-12-obsidian-scan/A-finance.md	
finance-2d9e2066fc6a	vault:processed/03_财务与会计/wechat-fa7f6fb40512.md	从数据到决策的财务分析全流程		K3+K4+K5+K6	locator-only	synthesis/2026-09-12-obsidian-scan/A-finance.md	
finance-30336e892233	vault:processed/03_财务与会计/wechat-611f75aa5e59.md	资产负债表与利润表关系解析		K1+K2+K3+K4+K6	locator-only	synthesis/2026-09-12-obsidian-scan/A-finance.md	
finance-3055692efc78	vault:processed/03_财务与会计/wechat-9ebeeebbf493.md	企业财务转型与BI数据分析实践		K2+K5+K7	locator-only	synthesis/2026-09-12-obsidian-scan/A-finance.md	
finance-316765662cfb	vault:processed/03_财务与会计/wechat-f405ceae3e30.md	财务人员从核算到战略决策的转型指南		K8	locator-only	synthesis/2026-09-12-obsidian-scan/A-finance.md	
finance-329b99a05902	vault:processed/03_财务与会计/wechat-60b834d21ba8.md	2025年应收账款分析模型		K2+K4+K6	locator-only	synthesis/2026-09-12-obsidian-scan/A-finance.md	
finance-33f3295707a2	vault:processed/03_财务与会计/财务如何用Trae轻松搞定销售对账自动化  AI学习圈.md	财务如何用Trae轻松搞定销售对账自动化  AI学习圈			locator-only	synthesis/2026-09-12-obsidian-scan/A-finance.md	
finance-33ff73f406be	vault:processed/03_财务与会计/1920986289566392448_财务BP能力升级：从解释数字到影响经营.md	财务BP能力升级与经营分析方法		K2+K4+K5+K6	locator-only	synthesis/2026-09-12-obsidian-scan/A-finance.md	
finance-3442b4059b8d	vault:processed/03_财务与会计/wechat-2928e8a64ac6.md	财务年度工作报告经典模板		K2+K3+K4+K5+K6	locator-only	synthesis/2026-09-12-obsidian-scan/A-finance.md	
finance-345dcbecdb7f	vault:processed/03_财务与会计/1920047596548275272_申通快递：阿里深度整合中的老牌快递企业研报分析.md	申通快递：阿里整合与盈利分析		K3	locator-only	synthesis/2026-09-12-obsidian-scan/A-finance.md	
finance-35371030cd87	vault:processed/03_财务与会计/现金流分析-基础知识优势和步骤.md	现金流分析：基础知识、优势和步骤	Lisa Schwarz（NetSuite）	K1+K2+K7	locator-only	synthesis/2026-09-12-obsidian-scan/A-finance.md	
finance-35abae0bdc1b	vault:processed/03_财务与会计/wechat-2f1854a73933.md	从车间到报表：成本核算全流程		K1+K4+K6	locator-only	synthesis/2026-09-12-obsidian-scan/A-finance.md	
finance-361610ed083a	vault:processed/03_财务与会计/wechat-ce699be1dd0e.md	财务BP转型与数据分析实战案例		K1+K2+K4+K6+K7	locator-only	synthesis/2026-09-12-obsidian-scan/A-finance.md	
finance-3797739199d2	vault:processed/03_财务与会计/wechat-266667d89e30.md	企业半年度财务工作总结模板		K3+K4+K6+K7+K8	locator-only	synthesis/2026-09-12-obsidian-scan/A-finance.md	
finance-37fca684f611	vault:processed/03_财务与会计/wechat-6b95019e8db6.md	财务分析报告编制思路与模板		K4+K5	locator-only	synthesis/2026-09-12-obsidian-scan/A-finance.md	
finance-38c5f4ede42e	vault:processed/03_财务与会计/wechat-937f0e2c34b7.md	财务进阶：从成本管控到价值创造		K1+K2+K3+K4+K5+K6+K7	locator-only	synthesis/2026-09-12-obsidian-scan/A-finance.md	
finance-392e7d598260	vault:processed/03_财务与会计/CFO Metrics 2025年6月运营指标数据报表_1.md	CFO Metrics 2025年6月运营指标数据报表		K6+K7+K8	locator-only	synthesis/2026-09-12-obsidian-scan/A-finance.md	
finance-39464a38f8fe	vault:processed/03_财务与会计/如何完善做账凭证背后的业务证据链.md	如何完善做账凭证背后的业务证据链		K8	locator-only	synthesis/2026-09-12-obsidian-scan/A-finance.md	
finance-3cb59733b796	vault:processed/03_财务与会计/wechat-2ccb4d17dfdc.md	帆软财务BI应用与数字化转型实践		K5+K7	locator-only	synthesis/2026-09-12-obsidian-scan/A-finance.md	
finance-3e3c929635c8	vault:processed/03_财务与会计/wechat-5ff24a7d70b8.md	有价值的财务分析三问法		K4+K5+K6	locator-only	synthesis/2026-09-12-obsidian-scan/A-finance.md	
finance-3fc8958d705c	vault:processed/03_财务与会计/财务思维-如何分析企业的盈利能力营运能力偿债能力和增长能力.md	财务思维：如何分析企业的盈利能力、营运能力、偿债能力和增长能力？	CEO经营管理（微信公众号）	K1+K2+K3	locator-only	synthesis/2026-09-12-obsidian-scan/A-finance.md	
finance-3fe8c4d99990	vault:processed/03_财务与会计/现金流量表编制方法大揭秘.md	现金流量表编制方法大揭秘		K1+K7+K8	locator-only	synthesis/2026-09-12-obsidian-scan/A-finance.md	
finance-41cfb0ec78ab	vault:processed/03_财务与会计/wechat-1a510349920d.md	为什么现金流比净利润更重要		K1+K2+K4+K6	locator-only	synthesis/2026-09-12-obsidian-scan/A-finance.md	
finance-422c4147f5dd	vault:processed/03_财务与会计/wechat-39d2394e8fb4.md	净利润与现金流的逻辑关系解析		K1	locator-only	synthesis/2026-09-12-obsidian-scan/A-finance.md	
finance-43479b1ddb8f	vault:processed/03_财务与会计/wechat-2a029322f1b1.md	财务分析报告如何做到信雅达		K3	locator-only	synthesis/2026-09-12-obsidian-scan/A-finance.md	
finance-4461ac52e8a7	vault:processed/03_财务与会计/2025年财务BP审批采购申请的要点分享.md	2025年财务BP审批采购申请的要点分享		K8	locator-only	synthesis/2026-09-12-obsidian-scan/A-finance.md	
finance-453b449b0eff	vault:processed/03_财务与会计/经营活动现金流-公司真的挣到钱了吗.md	经营活动现金流：公司真的挣到钱了吗？	财资一家	K1+K2	locator-only	synthesis/2026-09-12-obsidian-scan/A-finance.md	
finance-479831191598	vault:processed/03_财务与会计/在过去菜鸟各种关于经营管理&业财一体等相关话题讨论.md	在过去菜鸟各种关于经营管理&业财一体等相关话题讨论		K1+K4+K7	locator-only	synthesis/2026-09-12-obsidian-scan/A-finance.md	
finance-491c952b16b9	vault:processed/03_财务与会计/wechat-d07066916d24.md	业务人员也能看懂的财务指标体系		K1+K2+K3+K4+K6	locator-only	synthesis/2026-09-12-obsidian-scan/A-finance.md	
finance-49568f44a4b0	vault:processed/03_财务与会计/杜邦分析法-拆解企业盈利能力的财务显微镜.md	杜邦分析法：拆解企业盈利能力的'财务显微镜	ProcessOn知识社区	K2+K3+K4	locator-only	synthesis/2026-09-12-obsidian-scan/A-finance.md	
finance-4985bf1ae099	vault:processed/03_财务与会计/wechat-4242f268fb8b.md	财务应该具备的七个经营思维		K1+K3+K4+K5+K6+K7+K8	locator-only	synthesis/2026-09-12-obsidian-scan/A-finance.md	
finance-49a43c82a353	vault:processed/03_财务与会计/我认为站在低线视角，业财一体需要包含如下三个主要内涵：.md	我认为站在低线视角，业财一体需要包含如下三个主要内涵：		K6+K7	locator-only	synthesis/2026-09-12-obsidian-scan/A-finance.md	
finance-4a259d7e3614	vault:processed/03_财务与会计/wechat-a9d995f58b64.md	企业经营管理报表模板指南		K1+K3+K5+K6+K7	locator-only	synthesis/2026-09-12-obsidian-scan/A-finance.md	
finance-4bb4075eab53	vault:processed/03_财务与会计/公司计税（本杰明）建设的思考和总结.md	公司计税（本杰明）建设的思考和总结		K7	locator-only	synthesis/2026-09-12-obsidian-scan/A-finance.md	
finance-4bb78510972b	vault:processed/03_财务与会计/wechat-d0fe3ca72857.md	企业财务分析报告通用结构模板		K3+K4+K6+K7	locator-only	synthesis/2026-09-12-obsidian-scan/A-finance.md	
finance-4dec5ca3129f	vault:processed/03_财务与会计/wechat-f3becb6d0573.md	企业现金流预测模型与资金规划指南		K1+K7	locator-only	synthesis/2026-09-12-obsidian-scan/A-finance.md	
finance-4e1166fba850	vault:processed/03_财务与会计/1912202951523632448_毛利率深度分析：从指标拆解到经营决策——基于2026年5月企业数据.md	毛利率拆解与经营决策分析		K3+K4+K6	locator-only	synthesis/2026-09-12-obsidian-scan/A-finance.md	
finance-50183421c528	vault:processed/03_财务与会计/wechat-e4f4c0381dc7.md	企业现金流预测模型与应用指南		K1+K7	locator-only	synthesis/2026-09-12-obsidian-scan/A-finance.md	
finance-502331a0e4eb	vault:processed/03_财务与会计/wechat-c51dd50a4201.md	毛利率为何比净利率更重要		K2+K3+K4	locator-only	synthesis/2026-09-12-obsidian-scan/A-finance.md	
finance-51df5666c604	vault:processed/03_财务与会计/1.1、产品定位：算钱、收钱、付钱、记账、分析.md	1.1、产品定位：算钱、收钱、付钱、记账、分析		K7	locator-only	synthesis/2026-09-12-obsidian-scan/A-finance.md	
finance-52de1ce48246	vault:processed/03_财务与会计/wechat-e7d97f9604e9.md	财务尽职调查流程与审查要点		K1+K3+K5	locator-only	synthesis/2026-09-12-obsidian-scan/A-finance.md	
finance-535f9e96b3ee	vault:processed/03_财务与会计/wechat-11da99ed4ab3.md	财务能力分析看板搭建四大步骤		K2+K3+K5+K7	locator-only	synthesis/2026-09-12-obsidian-scan/A-finance.md	
finance-5426fbaf099c	vault:processed/03_财务与会计/wechat-269eccfed421.md	非财务人员看懂三大报表核心问题		K1+K4	locator-only	synthesis/2026-09-12-obsidian-scan/A-finance.md	
finance-5759c62f4c14	vault:processed/03_财务与会计/财务分析的32个公式.md	财务分析的32个公式	九数云BI	K2+K3+K6	locator-only	synthesis/2026-09-12-obsidian-scan/A-finance.md	
finance-59c2fae8c9da	vault:processed/03_财务与会计/走进计收费（四）：价格篇.md	走进计收费（四）：价格篇			locator-only	synthesis/2026-09-12-obsidian-scan/A-finance.md	
finance-59ee15d4bf9a	vault:processed/03_财务与会计/wechat-b0e3f63ce430.md	财务报表预判经营业绩技巧		K1+K7	locator-only	synthesis/2026-09-12-obsidian-scan/A-finance.md	
finance-5c1977f962b4	vault:processed/03_财务与会计/wechat-934b03a97827.md	毛利率与现金流经营分析指南		K1+K3+K4+K7+K8	locator-only	synthesis/2026-09-12-obsidian-scan/A-finance.md	
finance-5f7c82b4c906	vault:processed/03_财务与会计/财务共享服务中心.md	财务共享服务中心			locator-only	synthesis/2026-09-12-obsidian-scan/A-finance.md	
finance-5fc883189a98	vault:processed/03_财务与会计/菜鸟业财那些事儿科普主数据源头打标解决业财对账痛点.md	菜鸟业财那些事儿科普主数据源头打标解决业财对账痛点		K7	locator-only	synthesis/2026-09-12-obsidian-scan/A-finance.md	
finance-6247848e2adf	vault:processed/03_财务与会计/wechat-92c967c8f978.md	财务BP数据分析报告实战解析		K1+K3+K6+K7	locator-only	synthesis/2026-09-12-obsidian-scan/A-finance.md	
finance-638eb1cf5c20	vault:processed/03_财务与会计/wechat-1b4654c50953.md	企业财务主要岗位职责清单		K1+K2+K4+K6+K7	locator-only	synthesis/2026-09-12-obsidian-scan/A-finance.md	
finance-63e1a64c9c29	vault:processed/03_财务与会计/1913692147682175648_2026年上半年财务BP工作总结及下半年工作计划：以经营目标为导向，以数据分析推动业务改善.md	财务BP半年度经营分析与计划		K3+K4+K6+K7	locator-only	synthesis/2026-09-12-obsidian-scan/A-finance.md	
finance-65313218eb85	vault:processed/03_财务与会计/管理人员应具备的财务思维.md	管理人员应具备的财务思维		K1+K2+K3+K4+K6+K8	locator-only	synthesis/2026-09-12-obsidian-scan/A-finance.md	
finance-655dfc07d3c7	vault:processed/03_财务与会计/wechat-008616225a7b.md	财务分析PPT标准框架与制作指南		K3+K4+K5+K6	locator-only	synthesis/2026-09-12-obsidian-scan/A-finance.md	
finance-65ac2b40fd4b	vault:processed/03_财务与会计/wechat-212d584c60a1.md	第一性原理在财务管理中的五个应用场景		K3+K6	locator-only	synthesis/2026-09-12-obsidian-scan/A-finance.md	
finance-680da90985f2	vault:processed/03_财务与会计/wechat-6554c981a695.md	财务为企业创造价值的五种方式		K4+K5+K6	locator-only	synthesis/2026-09-12-obsidian-scan/A-finance.md	
finance-6823ec92b440	vault:processed/03_财务与会计/wechat-cd9c58812135.md	应收账款管理中财务部门的核心职责		K7	locator-only	synthesis/2026-09-12-obsidian-scan/A-finance.md	
finance-6824bfda77ce	vault:processed/03_财务与会计/客户余额调账类型及所需附件要求.md	客户余额调账类型及所需附件要求		K8	locator-only	synthesis/2026-09-12-obsidian-scan/A-finance.md	
finance-685fa6189ae3	vault:processed/03_财务与会计/wechat-bb10ce8e57eb.md	季度应收账款财务分析报告		K4+K6	locator-only	synthesis/2026-09-12-obsidian-scan/A-finance.md	
finance-688533df47b0	vault:processed/03_财务与会计/wechat-ecf8bebbe8ce.md	盈利能力分析与指标深度拆解		K1+K2+K3+K4+K5+K7	locator-only	synthesis/2026-09-12-obsidian-scan/A-finance.md	
finance-6ba21067f7c2	vault:processed/03_财务与会计/碧桂园服务集团票易通发票管理平台税号授权服务价格与付款约定.md	碧桂园服务集团票易通发票管理平台税号授权服务价格与付款约定		K7+K8	locator-only	synthesis/2026-09-12-obsidian-scan/A-finance.md	
finance-6dcdafb8ba28	vault:processed/03_财务与会计/2025年4月28日：成本与费用的本质区别案例详解.md	2025年4月28日：成本与费用的本质区别案例详解		K1+K3+K5+K6+K8	locator-only	synthesis/2026-09-12-obsidian-scan/A-finance.md	
finance-703003cc36d9	vault:processed/03_财务与会计/wechat-f82761d2cfc3.md	应收账款：六大风险点与对策		K1+K4+K7+K8	locator-only	synthesis/2026-09-12-obsidian-scan/A-finance.md	
finance-70d46f9406b5	vault:processed/03_财务与会计/wechat-eac4289d52e7.md	财务三大报表勾稽关系解析		K1	locator-only	synthesis/2026-09-12-obsidian-scan/A-finance.md	
finance-70e704eadb92	vault:processed/03_财务与会计/菜鸟学账务之第一弹-账务会计是什么？.md	菜鸟学账务之第一弹-账务会计是什么？		K1	locator-only	synthesis/2026-09-12-obsidian-scan/A-finance.md	
finance-7128a4918307	vault:processed/03_财务与会计/wechat-4496f6074a8a.md	现金流量表分析与实战指南		K1+K3+K4+K5+K7	locator-only	synthesis/2026-09-12-obsidian-scan/A-finance.md	
finance-715b6e97a4b3	vault:processed/03_财务与会计/wechat-73b866fbe692.md	EBIT、EBITDA与净利润解析		K1+K2+K3+K6	locator-only	synthesis/2026-09-12-obsidian-scan/A-finance.md	
finance-74123fcd7888	vault:processed/03_财务与会计/wechat-1210d65a6514.md	企业资金预测核心流程与方法		K4+K5+K6+K7+K8	locator-only	synthesis/2026-09-12-obsidian-scan/A-finance.md	
finance-74dbc06ca9ac	vault:processed/03_财务与会计/1909529946415734512_年报和季报（1）：A股公司业绩有何亮点？ _ 何刚·投资参考（年度日更）.md	笔记_---			locator-only	synthesis/2026-09-12-obsidian-scan/A-finance.md	
finance-76d52af80b69	vault:processed/03_财务与会计/会计利润、财务利润和管理利润的区别与联系.md	会计利润、财务利润和管理利润的区别与联系		K3+K4+K6+K8	locator-only	synthesis/2026-09-12-obsidian-scan/A-finance.md	
finance-776395942c09	vault:processed/03_财务与会计/wechat-51a23a583a5d.md	融资方案专业设计指南		K1+K3+K5+K6	locator-only	synthesis/2026-09-12-obsidian-scan/A-finance.md	
finance-79a85d683864	vault:processed/03_财务与会计/wechat-093698b24966.md	财务BP的三张底牌：能影响业务，才能走向管理岗		K3+K4	locator-only	synthesis/2026-09-12-obsidian-scan/A-finance.md	
finance-7b11159aa778	vault:processed/03_财务与会计/wechat-d5f4f31af311.md	企业利润核算与复盘七步法		K2+K4	locator-only	synthesis/2026-09-12-obsidian-scan/A-finance.md	
finance-7b73846314ed	vault:processed/03_财务与会计/wechat-81f4f1c4e62e.md	应收账款与存货风险控制		K1+K3+K4+K5+K8	locator-only	synthesis/2026-09-12-obsidian-scan/A-finance.md	
finance-7cf507489777	vault:processed/03_财务与会计/企业财务共享中心实现财务规范的关键要点.md	企业财务共享中心实现财务规范的关键要点		K7+K8	locator-only	synthesis/2026-09-12-obsidian-scan/A-finance.md	
finance-7e4508dcd247	vault:processed/03_财务与会计/FY26 核心规划介绍_1.md	FY26 核心规划介绍		K3+K5+K7+K8	locator-only	synthesis/2026-09-12-obsidian-scan/A-finance.md	
finance-7ec8b38ef28a	vault:processed/03_财务与会计/wechat-a494246f96a7.md	EBIT、EBITDA与净利润区别及应用		K2+K3+K4+K6+K7	locator-only	synthesis/2026-09-12-obsidian-scan/A-finance.md	
finance-7ed9b6f2dccf	vault:processed/03_财务与会计/得物汇金资损防控体系建设与实践研究报告.md	得物汇金资损防控体系建设与实践研究报告		K4+K7	locator-only	synthesis/2026-09-12-obsidian-scan/A-finance.md	
finance-7ee9a6c8a687	vault:processed/03_财务与会计/wechat-874e9a5cb13f.md	财务年终总结与工作计划		K2+K3+K5+K6	locator-only	synthesis/2026-09-12-obsidian-scan/A-finance.md	
finance-7f3bb6ad870b	vault:processed/03_财务与会计/wechat-2cc109bebd94.md	应收账款分析模型与关键指标		K1+K3+K7	locator-only	synthesis/2026-09-12-obsidian-scan/A-finance.md	
finance-7f4eddb06ca8	vault:processed/03_财务与会计/wechat-69413358207d.md	财务高手是如何思考业务的		K1+K3+K4+K5+K6+K8	locator-only	synthesis/2026-09-12-obsidian-scan/A-finance.md	
finance-7ffd7f9ef762	vault:processed/03_财务与会计/合并报表成本法编制的原理、思路与优势.md	合并报表成本法编制的原理、思路与优势		K1+K8	locator-only	synthesis/2026-09-12-obsidian-scan/A-finance.md	
finance-807b1f266449	vault:processed/03_财务与会计/wechat-3e6b42d04fe7.md	集团财务总监经营驾驶舱		K2+K4+K5	locator-only	synthesis/2026-09-12-obsidian-scan/A-finance.md	
finance-82fb209930d1	vault:processed/03_财务与会计/1912593994337788024_数据熊盈亏平衡分析模型（高级版）深度解析：从利润测算到风险决策的闭环工具.md	盈亏平衡分析模型与财务决策工具解析		K4+K5+K6	locator-only	synthesis/2026-09-12-obsidian-scan/A-finance.md	
finance-83f14f924cca	vault:processed/03_财务与会计/wechat-e761e4f830ed.md	从运营到财务：业务活动如何影响财务指标		K4+K7	locator-only	synthesis/2026-09-12-obsidian-scan/A-finance.md	
finance-840e889fec5e	vault:processed/03_财务与会计/wechat-24e2e3dc8389.md	精细化核算驱动高效经营分析		K3+K4+K5+K6+K7	locator-only	synthesis/2026-09-12-obsidian-scan/A-finance.md	
finance-84d46a4d3225	vault:processed/03_财务与会计/AE资金领域总结与思考.md	AE资金领域总结与思考		K6+K7	locator-only	synthesis/2026-09-12-obsidian-scan/A-finance.md	
finance-850ea1aa7c96	vault:processed/03_财务与会计/wechat-f13faa9c1be4.md	财务分析报告撰写与汇报技巧		K2+K4	locator-only	synthesis/2026-09-12-obsidian-scan/A-finance.md	
finance-85b3e23c1101	vault:processed/03_财务与会计/如何写一份财务分析报告.md	如何写一份财务分析报告？	独孤信（知乎专栏，来源：克拉数据）	K1+K2+K3	locator-only	synthesis/2026-09-12-obsidian-scan/A-finance.md	
finance-872480ad61d9	vault:processed/03_财务与会计/wechat-fa4ee2077c96.md	财务分析报告撰写指南		K3+K4+K6+K7	locator-only	synthesis/2026-09-12-obsidian-scan/A-finance.md	
finance-873655ffbae0	vault:processed/03_财务与会计/AE税务合规平台演进.md	AE税务合规平台演进			locator-only	synthesis/2026-09-12-obsidian-scan/A-finance.md	
finance-8add6de263a4	vault:processed/03_财务与会计/1909531254232227568_科技板块领涨A股，我们如何把握机遇？ _ 何刚·投资参考（年度日更）.md	笔记_---		K3+K8	locator-only	synthesis/2026-09-12-obsidian-scan/A-finance.md	
finance-8d3a014daa8c	vault:processed/03_财务与会计/量化交易平台选择.md	量化交易平台选择			locator-only	synthesis/2026-09-12-obsidian-scan/A-finance.md	
finance-8f3aa4b40574	vault:processed/03_财务与会计/wechat-69c35f0e3ebd.md	企业成本分析PPT框架与汇报指南		K1+K4+K5+K6	locator-only	synthesis/2026-09-12-obsidian-scan/A-finance.md	
finance-9338530bc865	vault:processed/03_财务与会计/什么是财务计划与分析FP&A.md	什么是财务计划与分析(FP&A)？	SAP 中国	K4+K5+K6+K7+K8	locator-only	synthesis/2026-09-12-obsidian-scan/A-finance.md	
finance-96725da37171	vault:processed/03_财务与会计/wechat-f0ba21bbb8f3.md	小米2024年财报深度解析		K2+K3	locator-only	synthesis/2026-09-12-obsidian-scan/A-finance.md	
finance-96c177e54735	vault:processed/03_财务与会计/一、报价逻辑总述.md	一、报价逻辑总述		K7	locator-only	synthesis/2026-09-12-obsidian-scan/A-finance.md	
finance-96c59dca6e16	vault:processed/03_财务与会计/财务分析报表常见20个公式.md	财务分析报表常见20个公式，你都用对了吗？	FineReport（帆软）	K2+K3	locator-only	synthesis/2026-09-12-obsidian-scan/A-finance.md	
finance-97445a6df9d0	vault:processed/03_财务与会计/1920943782275063936_产品定价测算详细教程：7大模型 × 经营约束 × Excel实操.md	产品定价测算模型与Excel实操教程		K3+K8	locator-only	synthesis/2026-09-12-obsidian-scan/A-finance.md	
finance-9845dc87277c	vault:processed/03_财务与会计/wechat-80eaffe31e43.md	现金流量表：财务高手的三问三看		K1+K4	locator-only	synthesis/2026-09-12-obsidian-scan/A-finance.md	
finance-9887058afb2b	vault:processed/03_财务与会计/2025年成本核算：基本流程、方法与产业特点.md	2025年成本核算：基本流程、方法与产业特点		K2+K8	locator-only	synthesis/2026-09-12-obsidian-scan/A-finance.md	
finance-9962539ff7a8	vault:processed/03_财务与会计/wechat-a96c2d4ddb0c.md	财务能力分析四大看板实战指南		K2+K3+K5	locator-only	synthesis/2026-09-12-obsidian-scan/A-finance.md	
finance-99a298e2c787	vault:processed/03_财务与会计/wechat-62e9d816a881.md	普通人应该掌握的10个会计常识		K1+K2+K3+K7	locator-only	synthesis/2026-09-12-obsidian-scan/A-finance.md	
finance-9aa52155835b	vault:processed/03_财务与会计/wechat-3544b0be9991.md	国企十五五财务规划写作指南		K3+K4+K5+K6+K7+K8	locator-only	synthesis/2026-09-12-obsidian-scan/A-finance.md	
finance-9c45882a6100	vault:processed/03_财务与会计/走进计收费（七）：返点篇.md	走进计收费（七）：返点篇		K7	locator-only	synthesis/2026-09-12-obsidian-scan/A-finance.md	
finance-9d7af57fe484	vault:processed/03_财务与会计/1919737227177475376_集团财务智能驾驶舱产品全解析：单机版集团财务分析工具.md	集团财务智能驾驶舱解析		K1+K2+K3+K4+K5+K6+K7	locator-only	synthesis/2026-09-12-obsidian-scan/A-finance.md	
finance-9de0e5b2c437	vault:processed/03_财务与会计/wechat-9572ef2edce0.md	财务BP五大经营思维模型		K1+K3+K4+K6+K7	locator-only	synthesis/2026-09-12-obsidian-scan/A-finance.md	
finance-9dfde3382128	vault:processed/03_财务与会计/财务分析必看的8个模型.md	财务分析必看的8个模型	李启方（知乎专栏）	K1+K2+K3+K5+K6	locator-only	synthesis/2026-09-12-obsidian-scan/A-finance.md	
finance-9f456352e97f	vault:processed/03_财务与会计/菜鸟业财一体化建设的思考与实践.md	菜鸟业财一体化建设的思考与实践		K7	locator-only	synthesis/2026-09-12-obsidian-scan/A-finance.md	
finance-a2c8a5f0ba10	vault:processed/03_财务与会计/wechat-3c83cf5f1937.md	企业半年度财务分析报告模板		K2+K3+K4+K5+K7	locator-only	synthesis/2026-09-12-obsidian-scan/A-finance.md	
finance-a5b80070c43f	vault:processed/03_财务与会计/2026年1季度财务分析报告：增长与现金流的平衡挑战.md	2026年1季度财务分析报告：增长与现金流的平衡挑战		K1+K2+K3+K6+K7+K8	locator-only	synthesis/2026-09-12-obsidian-scan/A-finance.md	
finance-a656dd617fd7	vault:processed/03_财务与会计/wechat-acfc3d4b464b.md	专业财务分析报告撰写指南		K2+K3+K5+K7	locator-only	synthesis/2026-09-12-obsidian-scan/A-finance.md	
finance-a7787cf8b33c	vault:processed/03_财务与会计/账实相符是会计账簿记录与实物、款项实有数核对相符的简称。通过会计账簿记录与实物、款项的实有数相核对，可以检查、验证会计账簿记录的正确性….md	账实相符是会计账簿记录与实物、款项实有数核对相符的简称。通过会计账簿记录与实物、款项的实有数相核对，可以检查、验证会计账簿记录的正确性…			locator-only	synthesis/2026-09-12-obsidian-scan/A-finance.md	
finance-aa56d546f9a1	vault:processed/03_财务与会计/wechat-d1f02e57b19f.md	经营分析报告：问题根因与行动建议		K4+K6+K7	locator-only	synthesis/2026-09-12-obsidian-scan/A-finance.md	
finance-ad3c52e900f6	vault:processed/03_财务与会计/关于业财一体化的一点思考_1.md	关于业财一体化的一点思考		K1+K7	locator-only	synthesis/2026-09-12-obsidian-scan/A-finance.md	
finance-ae5ca5d09722	vault:processed/03_财务与会计/wechat-5e2b56d878d3.md	BI数据分析与财务分析的区别与联系		K1+K2+K3+K5+K6	locator-only	synthesis/2026-09-12-obsidian-scan/A-finance.md	
finance-ae8373dbcb36	vault:processed/03_财务与会计/wechat-7031185062d8.md	资金缺口测算五大模型与案例		K3+K7+K8	locator-only	synthesis/2026-09-12-obsidian-scan/A-finance.md	
finance-af3b2fd7791f	vault:processed/03_财务与会计/2026年8月财务分析报告.md	2026年8月财务分析报告			locator-only	synthesis/2026-09-12-obsidian-scan/A-finance.md	
finance-af7198dfa4fc	vault:processed/03_财务与会计/财务bp8月分析报告--（第一版）.md	财务bp8月分析报告--（第一版）			locator-only	synthesis/2026-09-12-obsidian-scan/A-finance.md	
finance-affea283583e	vault:processed/03_财务与会计/wechat-a797d40b528f.md	新会计法下财务人员坚守底线		K3+K4+K6+K7	locator-only	synthesis/2026-09-12-obsidian-scan/A-finance.md	
finance-b0e21f05b91c	vault:processed/03_财务与会计/note_13.md	note		K7	locator-only	synthesis/2026-09-12-obsidian-scan/A-finance.md	
finance-b2f611fe8548	vault:processed/03_财务与会计/业财契约标准化-能力建设和实际落地情况总结.md	业财契约标准化-能力建设和实际落地情况总结		K5+K7	locator-only	synthesis/2026-09-12-obsidian-scan/A-finance.md	
finance-b44d91498a37	vault:processed/03_财务与会计/1912693331566188816_宇树科技CFO王枫：估值420亿公司的财务定价逻辑与职业启示.md	宇树科技CFO薪酬与定价逻辑		K3+K6+K7	locator-only	synthesis/2026-09-12-obsidian-scan/A-finance.md	
finance-b45e09ba7cbf	vault:processed/03_财务与会计/wechat-319be901169c.md	净利润与现金流逻辑关系解析		K7	locator-only	synthesis/2026-09-12-obsidian-scan/A-finance.md	
finance-b50deb2a0bdb	vault:processed/03_财务与会计/wechat-c2985df07f9e.md	财务分析方法与核心指标指南		K1+K2+K3	locator-only	synthesis/2026-09-12-obsidian-scan/A-finance.md	
finance-b648187ba09c	vault:processed/03_财务与会计/1920705040076281600_国家队持仓新变化，投资者能否继续抄作业？ _ 何刚·投资参考（年度日更）.md	国家队二季度A股持仓变化与投资启示			locator-only	synthesis/2026-09-12-obsidian-scan/A-finance.md	
finance-b90a2b9f19f4	vault:processed/03_财务与会计/wechat-0987cad77723.md	合并报表编制步骤详解与案例解析		K1	locator-only	synthesis/2026-09-12-obsidian-scan/A-finance.md	
finance-b97a19344d2f	vault:processed/03_财务与会计/wechat-022f47e21399.md	财务高手都是懂经营分析的		K1+K2+K3+K4+K7	locator-only	synthesis/2026-09-12-obsidian-scan/A-finance.md	
finance-ba1ddf3b3dd9	vault:processed/03_财务与会计/wechat-fb404193422f.md	财务各岗位工作流程与职责清单		K1+K4+K5+K6	locator-only	synthesis/2026-09-12-obsidian-scan/A-finance.md	
finance-bfb1cdf8ea19	vault:processed/03_财务与会计/自动化计费对账付款.md	自动化计费对账付款		K1+K7	locator-only	synthesis/2026-09-12-obsidian-scan/A-finance.md	
finance-c0863cc6879e	vault:processed/03_财务与会计/wechat-ffbda289155e.md	企业季度财务分析报告模板		K3+K4+K6	locator-only	synthesis/2026-09-12-obsidian-scan/A-finance.md	
finance-c09d2c00014e	vault:processed/03_财务与会计/wechat-0d8bf0a732ec.md	财务BP必须掌握的五大业务逻辑		K3+K4+K5+K6+K7	locator-only	synthesis/2026-09-12-obsidian-scan/A-finance.md	
finance-c1a8e26a6c2c	vault:processed/03_财务与会计/wechat-1c739cac00eb.md	DeepSeek在财务分析中的应用技巧		K2+K3+K4+K8	locator-only	synthesis/2026-09-12-obsidian-scan/A-finance.md	
finance-c4fdaa669623	vault:processed/03_财务与会计/会经营分析的财务人员，前途无量.md	会经营分析的财务人员，前途无量		K4+K6+K8	locator-only	synthesis/2026-09-12-obsidian-scan/A-finance.md	
finance-c6ce00611c10	vault:processed/03_财务与会计/wechat-19ae8b2371a2.md	财务分析模型一键导入与计算		K1+K3+K4+K5+K6	locator-only	synthesis/2026-09-12-obsidian-scan/A-finance.md	
finance-c7ae78c42f45	vault:processed/03_财务与会计/一、现状分析及推进策略.md	一、现状分析及推进策略		K1+K7	locator-only	synthesis/2026-09-12-obsidian-scan/A-finance.md	
finance-c8052002ac73	vault:processed/03_财务与会计/财务报表的三大逻辑切入点.md	财务报表的三大逻辑切入点：盈利质量、资产质量和现金流量	马靖昊说会计	K1+K3	locator-only	synthesis/2026-09-12-obsidian-scan/A-finance.md	
finance-c8e730cbb6d9	vault:processed/03_财务与会计/wechat-5da4791f0154.md	巴菲特财报阅读哲学与核心指标		K1+K3+K4	locator-only	synthesis/2026-09-12-obsidian-scan/A-finance.md	
finance-ca16033705e1	vault:processed/03_财务与会计/CFO与FC到底谁是财务总监.md	CFO与FC到底谁是财务总监		K6+K7	locator-only	synthesis/2026-09-12-obsidian-scan/A-finance.md	
finance-cc1f3f1d34fe	vault:processed/03_财务与会计/做财务主管和财务BP哪个更累？.md	做财务主管和财务BP哪个更累？		K4+K6	locator-only	synthesis/2026-09-12-obsidian-scan/A-finance.md	
finance-ccbf9de3f781	vault:processed/03_财务与会计/1917419025023144024_离岸信托补税潮深度解读：21号文落地与富豪群体影响.md	离岸信托补税政策深度解读		K8	locator-only	synthesis/2026-09-12-obsidian-scan/A-finance.md	
finance-cd77c68d1a3e	vault:processed/03_财务与会计/搭建世界一流全面预算管理体系.md	搭建世界一流全面预算管理体系，助力企业提升资源配置和战略落地能力	普华永道中国	K1+K4+K6+K7	locator-only	synthesis/2026-09-12-obsidian-scan/A-finance.md	
finance-cdd13abffc2f	vault:processed/03_财务与会计/wechat-2c93531a44c5.md	财务总监年度工作总结与计划模板		K5+K6+K7	locator-only	synthesis/2026-09-12-obsidian-scan/A-finance.md	
finance-cf1377c8dfbf	vault:processed/03_财务与会计/会计术语“计提”的含义、依据及应用.md	会计术语“计提”的含义、依据及应用		K1	locator-only	synthesis/2026-09-12-obsidian-scan/A-finance.md	
finance-cf5113d9d037	vault:processed/03_财务与会计/菜鸟学账务之第三弹-借贷记账大法好.md	菜鸟学账务之第三弹-借贷记账大法好		K1+K6	locator-only	synthesis/2026-09-12-obsidian-scan/A-finance.md	
finance-d31433a05521	vault:processed/03_财务与会计/2026年5月费用分析报告.md	2026年5月费用分析报告		K4+K6	locator-only	synthesis/2026-09-12-obsidian-scan/A-finance.md	
finance-d5a9f23b999c	vault:processed/03_财务与会计/wechat-ef07bbe15507.md	会计财务与管理利润差异解析		K1+K2+K6	locator-only	synthesis/2026-09-12-obsidian-scan/A-finance.md	
finance-d5e33147e9e4	vault:processed/03_财务与会计/wechat-186f20eb3e41.md	企业财务指标的内在联系与实战解析		K1+K2+K3+K4+K7	locator-only	synthesis/2026-09-12-obsidian-scan/A-finance.md	
finance-d6a304193d5a	vault:processed/03_财务与会计/wechat-5c4eac853db5.md	财务分析报告PPT标准模板		K3+K4+K5+K6	locator-only	synthesis/2026-09-12-obsidian-scan/A-finance.md	
finance-d77eb6639ad4	vault:processed/03_财务与会计/wechat-3e2f8260b9a9.md	七大经典财务模型解析与应用		K2+K3+K6+K7	locator-only	synthesis/2026-09-12-obsidian-scan/A-finance.md	
finance-d808895bcc6c	vault:processed/03_财务与会计/wechat-3e093143508e.md	财务向经营分析转型的七项能力		K3+K4+K7	locator-only	synthesis/2026-09-12-obsidian-scan/A-finance.md	
finance-db62e3ba51cc	vault:processed/03_财务与会计/一文读懂业财融合：概念、层次、IT系统建设.md	一文读懂业财融合：概念、层次、IT系统建设	纷享销客	K6+K7	locator-only	synthesis/2026-09-12-obsidian-scan/A-finance.md	
finance-dc162bc629bb	vault:processed/03_财务与会计/wechat-08fe1ec62a62.md	利润表五步闭环分析法		K1+K6	locator-only	synthesis/2026-09-12-obsidian-scan/A-finance.md	
finance-dcab014490c5	vault:processed/03_财务与会计/wechat-0ebdf81d2fc8.md	应收账款管控模型与核心思路		K1+K3+K4+K5+K7	locator-only	synthesis/2026-09-12-obsidian-scan/A-finance.md	
finance-dd114d35c076	vault:processed/03_财务与会计/集团内部交易抵销全解析.md	集团内部交易抵销全解析		K1+K4+K8	locator-only	synthesis/2026-09-12-obsidian-scan/A-finance.md	
finance-dd2bc73ca927	vault:processed/03_财务与会计/wechat-fa5a30284131.md	资产负债表分析：四大维度与关键指标		K1+K2+K3+K7	locator-only	synthesis/2026-09-12-obsidian-scan/A-finance.md	
finance-ddf73cb3ee31	vault:processed/03_财务与会计/1915818090995268664_财务职业进阶深度指南：从核算执行到价值型财务的破局路径.md	从核算到价值型财务的进阶指南		K4+K7	locator-only	synthesis/2026-09-12-obsidian-scan/A-finance.md	
finance-de2263d609e3	vault:processed/03_财务与会计/wechat-c5473a2dbd6f.md	一流财务总监如何看现金流量表		K1+K3+K4	locator-only	synthesis/2026-09-12-obsidian-scan/A-finance.md	
finance-de601dea77df	vault:processed/03_财务与会计/wechat-1ac656bd5c68.md	财务各岗位年中复盘指南		K1+K4+K6	locator-only	synthesis/2026-09-12-obsidian-scan/A-finance.md	
finance-deff9d479c0f	vault:processed/03_财务与会计/一文讲透如何写出一篇有深度的财务分析.md	一文讲透：如何写出一篇有深度的财务分析！	肥仔（知乎专栏）	K1+K2+K3+K4+K7	locator-only	synthesis/2026-09-12-obsidian-scan/A-finance.md	
finance-df59dbb0e895	vault:processed/03_财务与会计/wechat-4268b3560cf1.md	应收账款周转率精细化管理		K1+K3+K4+K5+K6+K7	locator-only	synthesis/2026-09-12-obsidian-scan/A-finance.md	
finance-dfe484a9f7e8	vault:processed/03_财务与会计/wechat-4826028ed7cf.md	如何通俗的看懂财务三大报表？		K1+K2	locator-only	synthesis/2026-09-12-obsidian-scan/A-finance.md	
finance-e0baa1a9cb4b	vault:processed/03_财务与会计/从市盈率到终局思维价值投资的底层逻辑与实践路径.md	从市盈率到终局思维价值投资的底层逻辑与实践路径		K2	locator-only	synthesis/2026-09-12-obsidian-scan/A-finance.md	
finance-e5c737c064d1	vault:processed/03_财务与会计/企业财务分析实战指南：4大核心模块系统搭建与应用.md	企业财务分析实战指南：4大核心模块系统搭建与应用		K1+K2+K3+K4+K5+K7+K8	locator-only	synthesis/2026-09-12-obsidian-scan/A-finance.md	
finance-e7055d75f190	vault:processed/03_财务与会计/合并会计报表编制中的合并抵消原理与实践.md	合并会计报表编制中的合并抵消原理与实践		K1+K8	locator-only	synthesis/2026-09-12-obsidian-scan/A-finance.md	
finance-e79cefb58928	vault:processed/03_财务与会计/wechat-d92ec05edfcc.md	财务分析必须基于业务逻辑		K1+K3+K4	locator-only	synthesis/2026-09-12-obsidian-scan/A-finance.md	
finance-e7e4c27dc072	vault:processed/03_财务与会计/wechat-e60e2c08ddb9.md	为什么现金流比净利润更重要？		K1+K5	locator-only	synthesis/2026-09-12-obsidian-scan/A-finance.md	
finance-e814994afa95	vault:processed/03_财务与会计/援引的法律条文等.md	援引的法律条文等		K7	locator-only	synthesis/2026-09-12-obsidian-scan/A-finance.md	
finance-e876b1f015f9	vault:processed/03_财务与会计/1918937918732913424_财务总监经营分析驾驶舱：纯本地运行的11大经营分析模块全解析.md	纯本地财务经营分析驾驶舱		K2+K3+K4+K5+K6	locator-only	synthesis/2026-09-12-obsidian-scan/A-finance.md	
finance-e909a4cd3ea6	vault:processed/03_财务与会计/wechat-adffdc6fa94b.md	企业季度经营分析报告模板		K1+K3+K4+K6	locator-only	synthesis/2026-09-12-obsidian-scan/A-finance.md	
finance-e9ee9a0d8081	vault:processed/03_财务与会计/FY22 CFO述职 20210122.md	FY22 CFO述职 20210122		K5+K7	locator-only	synthesis/2026-09-12-obsidian-scan/A-finance.md	
finance-ea0ad94c26ef	vault:processed/03_财务与会计/经营分析会上，财务必须讲清的6个核心问题.md	经营分析会上，财务必须讲清的6个核心问题	帆软（知乎专栏）	K1+K2+K3+K4+K6	locator-only	synthesis/2026-09-12-obsidian-scan/A-finance.md	
finance-ed69d3063aa2	vault:processed/03_财务与会计/为什么毛利率比净利率更重要？.md	为什么毛利率比净利率更重要？		K3+K8	locator-only	synthesis/2026-09-12-obsidian-scan/A-finance.md	
finance-edf260beff8d	vault:processed/03_财务与会计/wechat-66fa3bce9957.md	财务BP降本增效结构化汇报指南		K2+K3+K4+K6	locator-only	synthesis/2026-09-12-obsidian-scan/A-finance.md	
finance-ee15935dd58d	vault:processed/03_财务与会计/wechat-106ab5159f4c.md	案例解析毛利率分析方法与思路		K2+K3+K4	locator-only	synthesis/2026-09-12-obsidian-scan/A-finance.md	
finance-eec388a62bd8	vault:processed/03_财务与会计/1910668350044913488_国家队持仓不再强制披露，投资者能否继续抄作业？ _ 何刚·投资参考（年度日更）.md	笔记_---			locator-only	synthesis/2026-09-12-obsidian-scan/A-finance.md	
finance-ef23847aa34d	vault:processed/03_财务与会计/1920854344949916288_2026年8月盈利能力诊断及毛利改善报告：从规模增长走向价值增长.md	盈利能力诊断与毛利改善分析报告		K2+K3+K4+K6	locator-only	synthesis/2026-09-12-obsidian-scan/A-finance.md	
finance-ef3e46403429	vault:processed/03_财务与会计/wechat-d08c55fc5566.md	财务分析穿透业务的实战指南		K3+K4+K7	locator-only	synthesis/2026-09-12-obsidian-scan/A-finance.md	
finance-f06c8dd8d453	vault:processed/03_财务与会计/wechat-25f5e2c54797.md	财务分析的尽头是经营洞察		K1+K3+K4+K5+K7	locator-only	synthesis/2026-09-12-obsidian-scan/A-finance.md	
finance-f0aaff2ec63a	vault:processed/03_财务与会计/wechat-a9e9ac7c7313.md	财务分析看板：一键导入自动计算		K1+K3+K4+K5+K6	locator-only	synthesis/2026-09-12-obsidian-scan/A-finance.md	
finance-f0eaa8110cea	vault:processed/03_财务与会计/AI财务2026Q3：财务数字化与AI应用专题梳理.md	AI财务2026Q3：财务数字化与AI应用专题梳理		K7+K8	locator-only	synthesis/2026-09-12-obsidian-scan/A-finance.md	
finance-f1a2d69b5274	vault:processed/03_财务与会计/wechat-33f205b7c325.md	财务分析PPT模板与经营洞察框架		K3+K5+K6	locator-only	synthesis/2026-09-12-obsidian-scan/A-finance.md	
finance-f9b168b7ad4f	vault:processed/03_财务与会计/wechat-2aa38b9a671f.md	财务与会计的本质区别与职业路径		K1+K3+K4+K5+K6	locator-only	synthesis/2026-09-12-obsidian-scan/A-finance.md	
finance-fa3803c3fad6	vault:processed/03_财务与会计/开票、收款与确认收入：从财务信息化看本质差异.md	开票、收款与确认收入：从财务信息化看本质差异		K1+K8	locator-only	synthesis/2026-09-12-obsidian-scan/A-finance.md	
finance-fa78282d47d7	vault:processed/03_财务与会计/菜鸟业财那些事儿科普：主数据源头打标解决业财对账痛点.md	菜鸟业财那些事儿科普：主数据源头打标解决业财对账痛点		K7+K8	locator-only	synthesis/2026-09-12-obsidian-scan/A-finance.md	
finance-fabaa3bccc19	vault:processed/03_财务与会计/wechat-c06b18a8639a.md	产品定价模型与财务BP实战指南		K3+K4+K5	locator-only	synthesis/2026-09-12-obsidian-scan/A-finance.md	
finance-fb9a0f35de94	vault:processed/03_财务与会计/wechat-35d4ec065dc7.md	资金缺口测算模型与案例解析		K3+K7+K8	locator-only	synthesis/2026-09-12-obsidian-scan/A-finance.md	
finance-fdd8aadea57a	vault:processed/03_财务与会计/wechat-72e4a10ae09e.md	财务经营分析的四步闭环逻辑		K3+K4+K6+K7	locator-only	synthesis/2026-09-12-obsidian-scan/A-finance.md	
finance-fe1886c7b725	vault:processed/03_财务与会计/价值投资核心原则深度解析从理念到实践的知行合一.md	价值投资核心原则深度解析从理念到实践的知行合一			locator-only	synthesis/2026-09-12-obsidian-scan/A-finance.md	
finance-ff2ed5654b33	vault:processed/03_财务与会计/2026年2月应收账款分析报告：规模、结构与风险深度解析.md	2026年2月应收账款分析报告：规模、结构与风险深度解析		K2+K4+K8	locator-only	synthesis/2026-09-12-obsidian-scan/A-finance.md	
finance-ff93f8a38b19	vault:processed/03_财务与会计/wechat-7506597e2649.md	财务三大报表勾稽关系解析		K1	locator-only	synthesis/2026-09-12-obsidian-scan/A-finance.md	
finance-legacy-026ea4d4af79	vault:processed/财务与会计/wechat-f00d0322b35c.md	现金流月度滚动监控报表模板		K4+K5	locator-only	synthesis/2026-09-12-obsidian-scan/A-finance.md	
finance-legacy-051539bdb5c5	vault:processed/财务与会计/wechat-fb5821333619.md	业财融合中财务与业务思维的关系		K3+K6+K7	locator-only	synthesis/2026-09-12-obsidian-scan/A-finance.md	
finance-legacy-0de479bb37a8	vault:processed/财务与会计/wechat-c5a06ee38a50.md	月度三大报表合并与财务指标看板		K1+K4+K5+K6	locator-only	synthesis/2026-09-12-obsidian-scan/A-finance.md	
finance-legacy-0f0c3321eaba	vault:processed/财务与会计/wechat-8959f514720a.md	年度经营绩效KPI达成跟踪看板		K3+K4+K5+K6	locator-only	synthesis/2026-09-12-obsidian-scan/A-finance.md	
finance-legacy-113680e3e1e9	vault:processed/财务与会计/wechat-64eb4576526b.md	利润表分析：企业经营的成绩单		K1+K3	locator-only	synthesis/2026-09-12-obsidian-scan/A-finance.md	
finance-legacy-12c1330091fb	vault:processed/财务与会计/wechat-27e97f0e96cc.md	财务年度规划三件事：复盘、目标、路径		K4+K6	locator-only	synthesis/2026-09-12-obsidian-scan/A-finance.md	
finance-legacy-189b05377e6e	vault:processed/财务与会计/wechat-f0d014e9a0b2.md	会计核算岗位年中总结写作框架		K6	locator-only	synthesis/2026-09-12-obsidian-scan/A-finance.md	
finance-legacy-199ca5b7eb9c	vault:processed/财务与会计/wechat-d05444f39476.md	企业财务资金管理与现金流管控指南		K3+K4+K6+K7	locator-only	synthesis/2026-09-12-obsidian-scan/A-finance.md	
finance-legacy-1f0c3bca00ac	vault:processed/财务与会计/wechat-249a9fb5c2a9.md	月度现金流及资金缺口分析报表		K2+K4+K5	locator-only	synthesis/2026-09-12-obsidian-scan/A-finance.md	
finance-legacy-203db9491947	vault:processed/财务与会计/wechat-2ff506012875.md	财务经理与财务总监的五大本质区别		K1+K6+K7	locator-only	synthesis/2026-09-12-obsidian-scan/A-finance.md	
finance-legacy-25cc6bb6b737	vault:processed/财务与会计/wechat-97104568070b.md	多维度盈利分析看板设计与实现		K3+K4+K5+K6+K7	locator-only	synthesis/2026-09-12-obsidian-scan/A-finance.md	
finance-legacy-35050bda8d0e	vault:processed/财务与会计/wechat-a69d14900c74.md	用存货周转率讲透经营分析思维		K3+K4	locator-only	synthesis/2026-09-12-obsidian-scan/A-finance.md	
finance-legacy-3d78b6fa9543	vault:processed/财务与会计/wechat-80436f8eeaf9.md	年度经营目标达成分析看板报表		K4+K5+K6	locator-only	synthesis/2026-09-12-obsidian-scan/A-finance.md	
finance-legacy-3e129507312f	vault:processed/财务与会计/wechat-fe3bc102f125.md	月度现金流滚动预测与资金缺口预警报表		K4+K5+K6	locator-only	synthesis/2026-09-12-obsidian-scan/A-finance.md	
finance-legacy-3f823767310d	vault:processed/财务与会计/wechat-1d771db21dd8.md	制造业成本费用管控分析报表看板		K4+K5+K6+K7	locator-only	synthesis/2026-09-12-obsidian-scan/A-finance.md	
finance-legacy-47ac4bc4f9c3	vault:processed/财务与会计/wechat-898a1d93ab15.md	月度经营利润与损益分析看板		K1+K4+K5+K6+K7	locator-only	synthesis/2026-09-12-obsidian-scan/A-finance.md	
finance-legacy-47cbde152d66	vault:processed/财务与会计/1921119394899965568_25个核心财务指标速查手册：从盈利到增长一次搞懂.md	25个核心财务指标速查手册		K2+K3	locator-only	synthesis/2026-09-12-obsidian-scan/A-finance.md	
finance-legacy-4ae7e84a322c	vault:processed/财务与会计/wechat-d6ac795c9c8a.md	业财融合全流程落地手册		K6+K7	locator-only	synthesis/2026-09-12-obsidian-scan/A-finance.md	
finance-legacy-4f39fa4ff53f	vault:processed/财务与会计/wechat-06e71883ea37.md	财务经理月度费用管控与预算执行看板		K4+K5+K6	locator-only	synthesis/2026-09-12-obsidian-scan/A-finance.md	
finance-legacy-52b1b9d372b2	vault:processed/财务与会计/wechat-c5cccbfdf6d7.md	会计职业进阶的六大核心技能组合		K1+K6+K7	locator-only	synthesis/2026-09-12-obsidian-scan/A-finance.md	
finance-legacy-649888e62dfd	vault:processed/财务与会计/wechat-820d5ba0c569.md	全面预算管理与损益分析报表		K4+K5+K6	locator-only	synthesis/2026-09-12-obsidian-scan/A-finance.md	
finance-legacy-6566424afb22	vault:processed/财务与会计/wechat-00dc9f45b267.md	财务总监核心工作清单与职责解析		K1+K3+K6	locator-only	synthesis/2026-09-12-obsidian-scan/A-finance.md	
finance-legacy-6bc43708891d	vault:processed/财务与会计/wechat-07b99a1425a0.md	新手会计接全盘账六步实操指南			locator-only	synthesis/2026-09-12-obsidian-scan/A-finance.md	
finance-legacy-6d9207d2c66d	vault:processed/财务与会计/wechat-923dd7e55c20.md	财务资金管理岗位年中总结指南		K5	locator-only	synthesis/2026-09-12-obsidian-scan/A-finance.md	
finance-legacy-72d7267d5cbd	vault:processed/财务与会计/wechat-88681ff406b3.md	财务汇报的模板话术与避坑指南		K3+K4+K6	locator-only	synthesis/2026-09-12-obsidian-scan/A-finance.md	
finance-legacy-7acd516c6ea4	vault:processed/财务与会计/wechat-f812bf25f530.md	公司危机中财务的应对策略		K3+K6	locator-only	synthesis/2026-09-12-obsidian-scan/A-finance.md	
finance-legacy-81309e12ddc8	vault:processed/财务与会计/wechat-0c53d3b8ae34.md	销售营收滚动监控报表模板		K4+K5+K6	locator-only	synthesis/2026-09-12-obsidian-scan/A-finance.md	
finance-legacy-832e34943374	vault:processed/财务与会计/wechat-68f987136ffa.md	营收结构与产品毛利分析看板		K4+K5	locator-only	synthesis/2026-09-12-obsidian-scan/A-finance.md	
finance-legacy-89a1e32bdb0d	vault:processed/财务与会计/wechat-9eeb722e1321.md	本量利盈亏平衡测算报表模板		K4+K5	locator-only	synthesis/2026-09-12-obsidian-scan/A-finance.md	
finance-legacy-8da641515d60	vault:processed/财务与会计/wechat-4e82e2db018f.md	财务高手的六大核心特征		K4+K7	locator-only	synthesis/2026-09-12-obsidian-scan/A-finance.md	
finance-legacy-969b65ab0685	vault:processed/财务与会计/wechat-5619d5535312.md	用三张表逻辑高效汇报预算执行		K1+K3+K4+K6	locator-only	synthesis/2026-09-12-obsidian-scan/A-finance.md	
finance-legacy-9c65fcf1c784	vault:processed/财务与会计/wechat-8fa4ff8af432.md	事业部产品线业绩考核报表体系		K4+K5+K6	locator-only	synthesis/2026-09-12-obsidian-scan/A-finance.md	
finance-legacy-9fe3cc3aa924	vault:processed/财务与会计/wechat-7d17730c2fb8.md	应付账款周转天数计算与资金占用分析		K1+K4	locator-only	synthesis/2026-09-12-obsidian-scan/A-finance.md	
finance-legacy-9feb4f4e588b	vault:processed/财务与会计/wechat-a98a994f4877.md	普通会计与财务总监的能力差距		K1+K5+K6	locator-only	synthesis/2026-09-12-obsidian-scan/A-finance.md	
finance-legacy-ac7fcc8994e4	vault:processed/财务与会计/1921018493232382040_财务BP核心技能清单.md	财务BP核心技能体系解析		K4+K5+K6+K7	locator-only	synthesis/2026-09-12-obsidian-scan/A-finance.md	
finance-legacy-b34aaa83a255	vault:processed/财务与会计/wechat-50267e9c65d9.md	季度财报经营分析通用框架		K3+K4	locator-only	synthesis/2026-09-12-obsidian-scan/A-finance.md	
finance-legacy-bc9fdc352b20	vault:processed/财务与会计/wechat-3582a518a403.md	AI时代财务人员的职业危机与转型		K4+K5+K6+K8	locator-only	synthesis/2026-09-12-obsidian-scan/A-finance.md	
finance-legacy-bcfce70e0210	vault:processed/财务与会计/wechat-32b2e1af8c55.md	营运资金周转效率分析看板模板		K4+K5	locator-only	synthesis/2026-09-12-obsidian-scan/A-finance.md	
finance-legacy-c8c08b85d25a	vault:processed/财务与会计/wechat-9d613714310d.md	三层视角经营分析框架图解		K3+K4+K7	locator-only	synthesis/2026-09-12-obsidian-scan/A-finance.md	
finance-legacy-cd5ae7144ecb	vault:processed/财务与会计/wechat-c5eebe931e97.md	财务汇报如何做到结论先行与业务拆解		K2+K3+K4	locator-only	synthesis/2026-09-12-obsidian-scan/A-finance.md	
finance-legacy-d07fc00b779b	vault:processed/财务与会计/wechat-399480971054.md	月度经营分析报表Excel看板		K1+K2+K4+K5+K6	locator-only	synthesis/2026-09-12-obsidian-scan/A-finance.md	
finance-legacy-d26ede85d239	vault:processed/财务与会计/wechat-0534b89a8106.md	新手财务总监快速了解公司指南		K1+K3+K6	locator-only	synthesis/2026-09-12-obsidian-scan/A-finance.md	
finance-legacy-d46f6e09e00c	vault:processed/财务与会计/wechat-c2671b6e652d.md	财务成本管控的18个核心指标		K3+K5+K6	locator-only	synthesis/2026-09-12-obsidian-scan/A-finance.md	
finance-legacy-d5fa44f45475	vault:processed/财务与会计/wechat-672c9902350d.md	季度经营指标同比环比分析报表模板		K3+K4+K5+K6	locator-only	synthesis/2026-09-12-obsidian-scan/A-finance.md	
finance-legacy-dd4750dd6a84	vault:processed/财务与会计/1921131664546734208_跟李亮聊AI Native的财经分析系统延展到AI企业信息化.md	AI原生财务分析与经营本体论系统		K4+K5+K8	locator-only	synthesis/2026-09-12-obsidian-scan/A-finance.md	
finance-legacy-e08217b94e1e	vault:processed/财务与会计/wechat-d3208954d96c.md	财务管理核心框架通俗解读		K1+K2+K6+K7	locator-only	synthesis/2026-09-12-obsidian-scan/A-finance.md	
finance-legacy-e45f98ad2398	vault:processed/财务与会计/wechat-612c0edd11b0.md	企业资金预算与资源整合方法		K6	locator-only	synthesis/2026-09-12-obsidian-scan/A-finance.md	
finance-legacy-edf2f2fb6f9a	vault:processed/财务与会计/wechat-ecafd17edc57.md	营业利润与净利润的财务分析要点		K1	locator-only	synthesis/2026-09-12-obsidian-scan/A-finance.md	
finance-legacy-f0354986d5f0	vault:processed/财务与会计/wechat-5afd2bc7aca4.md	财务人工作习惯与思维进阶指南			locator-only	synthesis/2026-09-12-obsidian-scan/A-finance.md	
finance-legacy-f1bbf296c2ee	vault:processed/财务与会计/wechat-d77327b72439.md	应收账款全生命周期监控看板		K4+K5	locator-only	synthesis/2026-09-12-obsidian-scan/A-finance.md	
finance-legacy-f56dcdd34757	vault:processed/财务与会计/wechat-0fe25ce6a532.md	财务部门六大核心模块与价值创造		K6+K7	locator-only	synthesis/2026-09-12-obsidian-scan/A-finance.md	
finance-legacy-fc9d0764b542	vault:processed/财务与会计/wechat-d0b4f632beb5.md	企业财税管理的十大痛点与对策		K3+K6+K7	locator-only	synthesis/2026-09-12-obsidian-scan/A-finance.md	
finance-legacy-fe5c3f1331dd	vault:processed/财务与会计/wechat-79662d84d9d4.md	财务人员如何从执行走向战略		K6	locator-only	synthesis/2026-09-12-obsidian-scan/A-finance.md	
finance-legacy-fe5ceb24ee16	vault:processed/财务与会计/wechat-a1048abc9a6e.md	经营分析实战指南：从全局到关键		K3+K4+K6	locator-only	synthesis/2026-09-12-obsidian-scan/A-finance.md	
logistics-061720fcc2ac	vault:processed/04_跨境物流/不同周期采购核心指标数据汇总表.md	不同周期采购核心指标数据汇总表		K8	locator-only	synthesis/2026-09-12-obsidian-scan/C-logistics.md	
logistics-06c99ca1980b	vault:processed/04_跨境物流/动态关税冲击下的供应链敏捷闭环基于Palantir架构的企业应对策略.md	动态关税冲击下的供应链敏捷闭环基于Palantir架构的企业应对策略		K2+K3	locator-only	synthesis/2026-09-12-obsidian-scan/C-logistics.md	
logistics-086a037bd427	vault:processed/04_跨境物流/一勇、库公、飞泰、坤博、南经、米妍、李海波.md	一勇、库公、飞泰、坤博、南经、米妍、李海波		K7+K8	locator-only	synthesis/2026-09-12-obsidian-scan/C-logistics.md	
logistics-0a32795b528f	vault:processed/04_跨境物流/第廿一章 全球一张网.md	第廿一章 全球一张网			locator-only	synthesis/2026-09-12-obsidian-scan/C-logistics.md	
logistics-0c77fccdb2c7	vault:processed/04_跨境物流/新零售物流下的菜鸟结算平台-计费业务形态综述.md	新零售物流下的菜鸟结算平台-计费业务形态综述		K7	locator-only	synthesis/2026-09-12-obsidian-scan/C-logistics.md	
logistics-0cef59a8b641	vault:processed/04_跨境物流/一、现状梳理及问题的引入.md	一、现状梳理及问题的引入		K4+K8	locator-only	synthesis/2026-09-12-obsidian-scan/C-logistics.md	
logistics-115b2d2a6960	vault:processed/04_跨境物流/商家与CP对账流程说明.md	商家与CP对账流程说明		K8	locator-only	synthesis/2026-09-12-obsidian-scan/C-logistics.md	
logistics-153b9e159c89	vault:processed/04_跨境物流/AI大模型辅助海关商品10位税号归类流程与能力说明.md	AI大模型辅助海关商品10位税号归类流程与能力说明		K8	locator-only	synthesis/2026-09-12-obsidian-scan/C-logistics.md	
logistics-19f40199409a	vault:processed/04_跨境物流/1911193318529827352_ChatGPT分析采购月报后的分析-20260528.md	笔记_---		K8	locator-only	synthesis/2026-09-12-obsidian-scan/C-logistics.md	
logistics-1dfdaef8d150	vault:processed/04_跨境物流/关务中台跟单现状以中国出口为例.md	关务中台跟单现状以中国出口为例			locator-only	synthesis/2026-09-12-obsidian-scan/C-logistics.md	
logistics-2187e396b9bc	vault:processed/04_跨境物流/KR3 业财一体[警告].md	KR3 业财一体[警告]		K7	locator-only	synthesis/2026-09-12-obsidian-scan/C-logistics.md	
logistics-25b9a8150768	vault:processed/04_跨境物流/关务运营助理Agent异常处理流程对比图_1.md	关务运营助理Agent异常处理流程对比图		K8	locator-only	synthesis/2026-09-12-obsidian-scan/C-logistics.md	
logistics-25e549c5adc0	vault:processed/04_跨境物流/2、三年产品和技术大图.md	2、三年产品和技术大图		K6+K7	locator-only	synthesis/2026-09-12-obsidian-scan/C-logistics.md	
logistics-26837e785bc4	vault:processed/04_跨境物流/一、结算视角下的菜鸟业务介绍.md	一、结算视角下的菜鸟业务介绍		K7	locator-only	synthesis/2026-09-12-obsidian-scan/C-logistics.md	
logistics-2ab5a45242e9	vault:processed/04_跨境物流/关务数字员工四步工作流程.md	关务数字员工四步工作流程		K8	locator-only	synthesis/2026-09-12-obsidian-scan/C-logistics.md	
logistics-3572cdbde8fa	vault:processed/04_跨境物流/第十八章 打造中枢神经—主数据.md	第十八章 打造中枢神经—主数据		K7	locator-only	synthesis/2026-09-12-obsidian-scan/C-logistics.md	
logistics-37dbca8c7838	vault:processed/04_跨境物流/多Agent协同智能服务体系 六层架构全景总览.md	多Agent协同智能服务体系 六层架构全景总览		K2+K8	locator-only	synthesis/2026-09-12-obsidian-scan/C-logistics.md	
logistics-3a7acf8fb222	vault:processed/04_跨境物流/1、AI DATA总览.md	1、AI DATA总览		K8	locator-only	synthesis/2026-09-12-obsidian-scan/C-logistics.md	
logistics-3d566849fb06	vault:processed/04_跨境物流/理赔仲裁规则线上化Multi-Agent方案流程说明.md	理赔仲裁规则线上化Multi-Agent方案流程说明		K4+K8	locator-only	synthesis/2026-09-12-obsidian-scan/C-logistics.md	
logistics-4164590de3d5	vault:processed/04_跨境物流/全球跨境关务系统架构图.md	全球跨境关务系统架构图		K5+K7	locator-only	synthesis/2026-09-12-obsidian-scan/C-logistics.md	
logistics-43551beab317	vault:processed/04_跨境物流/蓬生 ---菜鸟集团-产品技术部-企业智能-CFO 产品.md	蓬生 ---菜鸟集团-产品技术部-企业智能-CFO 产品		K4+K7+K8	locator-only	synthesis/2026-09-12-obsidian-scan/C-logistics.md	
logistics-441035b463ae	vault:processed/04_跨境物流/菜鸟物流多个业务场景时序流程图整理.md	菜鸟物流多个业务场景时序流程图整理		K7+K8	locator-only	synthesis/2026-09-12-obsidian-scan/C-logistics.md	
logistics-44b1ff5a5ee9	vault:processed/04_跨境物流/跨境电商通关全流程Agent架构设计方案.md	跨境电商通关全流程Agent架构设计方案		K8	locator-only	synthesis/2026-09-12-obsidian-scan/C-logistics.md	
logistics-463f06669463	vault:processed/04_跨境物流/大语言模型业务应用架构三种场景对比分析.md	大语言模型业务应用架构三种场景对比分析		K8	locator-only	synthesis/2026-09-12-obsidian-scan/C-logistics.md	
logistics-47d3251e1ef8	vault:processed/04_跨境物流/注：绿底白字为本期重点更新；.md	注：绿底白字为本期重点更新；		K5+K7+K8	locator-only	synthesis/2026-09-12-obsidian-scan/C-logistics.md	
logistics-485ea21738d4	vault:processed/04_跨境物流/跨境客服系统架构与价值说明.md	跨境客服系统架构与价值说明		K7+K8	locator-only	synthesis/2026-09-12-obsidian-scan/C-logistics.md	
logistics-4884e87e70cc	vault:processed/04_跨境物流/note_12.md	note		K8	locator-only	synthesis/2026-09-12-obsidian-scan/C-logistics.md	
logistics-4aa231d2f26a	vault:processed/04_跨境物流/关务数字员工四步工作流程_1.md	关务数字员工四步工作流程		K8	locator-only	synthesis/2026-09-12-obsidian-scan/C-logistics.md	
logistics-4af27aaa3438	vault:processed/04_跨境物流/FY25 AE 资金结算随便聊聊.md	FY25 AE 资金结算随便聊聊		K7	locator-only	synthesis/2026-09-12-obsidian-scan/C-logistics.md	
logistics-4cad8eabc335	vault:processed/04_跨境物流/LAZADA Glossary.md	LAZADA Glossary			locator-only	synthesis/2026-09-12-obsidian-scan/C-logistics.md	
logistics-5020d0e045f9	vault:processed/04_跨境物流/菜鸟智能客服系统整体架构梳理.md	菜鸟智能客服系统整体架构梳理		K6+K7+K8	locator-only	synthesis/2026-09-12-obsidian-scan/C-logistics.md	
logistics-5423120704ac	vault:processed/04_跨境物流/关务中台跟单现状：以中国出口为例.md	关务中台跟单现状：以中国出口为例		K8	locator-only	synthesis/2026-09-12-obsidian-scan/C-logistics.md	
logistics-56f0681f97a7	vault:processed/04_跨境物流/关务运营助理Agent工作流程对比_1.md	关务运营助理Agent工作流程对比		K8	locator-only	synthesis/2026-09-12-obsidian-scan/C-logistics.md	
logistics-597b79311485	vault:processed/04_跨境物流/菜鸟大快美全球供应链纵向打穿业财样板间上线信息.md	菜鸟大快美全球供应链纵向打穿业财样板间上线信息		K4+K7+K8	locator-only	synthesis/2026-09-12-obsidian-scan/C-logistics.md	
logistics-59ec07b05074	vault:processed/04_跨境物流/新零售物流下的菜鸟结算平台 -- 账单好服务.md	新零售物流下的菜鸟结算平台 -- 账单好服务		K4+K7	locator-only	synthesis/2026-09-12-obsidian-scan/C-logistics.md	
logistics-5aaed3ae4086	vault:processed/04_跨境物流/结算运营Agent方案介绍.md	结算运营Agent方案介绍		K4+K7+K8	locator-only	synthesis/2026-09-12-obsidian-scan/C-logistics.md	
logistics-613dbc0fc3b0	vault:processed/04_跨境物流/菜鸟AI战略项目双周周报（0406）.md	菜鸟AI战略项目双周周报（0406）		K4+K7+K8	locator-only	synthesis/2026-09-12-obsidian-scan/C-logistics.md	
logistics-61b62c76090c	vault:processed/04_跨境物流/航空运营AI自动化优化方案.md	航空运营AI自动化优化方案		K8	locator-only	synthesis/2026-09-12-obsidian-scan/C-logistics.md	
logistics-63056f1d4ecb	vault:processed/04_跨境物流/菜鸟CRM与采资法业务架构梳理.md	菜鸟CRM与采资法业务架构梳理		K5+K7+K8	locator-only	synthesis/2026-09-12-obsidian-scan/C-logistics.md	
logistics-6341143fe151	vault:processed/04_跨境物流/一、全链路问题概览.md	一、全链路问题概览		K7	locator-only	synthesis/2026-09-12-obsidian-scan/C-logistics.md	
logistics-64a58989f057	vault:processed/04_跨境物流/菜鸟电商物流数据分层架构体系.md	菜鸟电商物流数据分层架构体系		K8	locator-only	synthesis/2026-09-12-obsidian-scan/C-logistics.md	
logistics-6699e5068595	vault:processed/04_跨境物流/1911221503178105384_ChatGPT分析结算的分析-20260528.md	笔记_---		K4+K7+K8	locator-only	synthesis/2026-09-12-obsidian-scan/C-logistics.md	
logistics-66ec881d6c47	vault:processed/04_跨境物流/航空运营AI自动化优化方案_1.md	航空运营AI自动化优化方案		K8	locator-only	synthesis/2026-09-12-obsidian-scan/C-logistics.md	
logistics-6aa158570715	vault:processed/04_跨境物流/主数据应用要求.md	主数据应用要求		K7	locator-only	synthesis/2026-09-12-obsidian-scan/C-logistics.md	
logistics-6e5435db1057	vault:processed/04_跨境物流/跨境关务AI数字化升级方案分析_1.md	跨境关务AI数字化升级方案分析		K8	locator-only	synthesis/2026-09-12-obsidian-scan/C-logistics.md	
logistics-6f438f1b47fa	vault:processed/04_跨境物流/从一张发票到拿9500万美元投资，供应链AI公司Loop带来的启发 _ 快刀广播站.md	从一张发票到拿9500万美元投资，供应链AI公司Loop带来的启发 | 快刀广播站		K8	locator-only	synthesis/2026-09-12-obsidian-scan/C-logistics.md	
logistics-7031a92705e1	vault:processed/04_跨境物流/Excel AI智变账单加工系统操作界面记录.md	Excel AI智变账单加工系统操作界面记录		K8	locator-only	synthesis/2026-09-12-obsidian-scan/C-logistics.md	
logistics-72590599f9e7	vault:processed/04_跨境物流/一、核心数据大盘.md	一、核心数据大盘		K6	locator-only	synthesis/2026-09-12-obsidian-scan/C-logistics.md	
logistics-752e32993acb	vault:processed/04_跨境物流/部门：菜鸟集团-产品技术部-企业智能-CRM产品技术部.md	部门：菜鸟集团-产品技术部-企业智能-CRM产品技术部		K7	locator-only	synthesis/2026-09-12-obsidian-scan/C-logistics.md	
logistics-79a7747413b7	vault:processed/04_跨境物流/关务中台中国出口跟单痛点分析.md	关务中台中国出口跟单痛点分析		K4	locator-only	synthesis/2026-09-12-obsidian-scan/C-logistics.md	
logistics-7a14fea0395c	vault:processed/04_跨境物流/1、结算小二人员投入分布.md	1、结算小二人员投入分布		K7+K8	locator-only	synthesis/2026-09-12-obsidian-scan/C-logistics.md	
logistics-7d2f8147b5cf	vault:processed/04_跨境物流/关务系统迭代发展历程（1.0到3.0版本）.md	关务系统迭代发展历程（1.0到3.0版本）		K8	locator-only	synthesis/2026-09-12-obsidian-scan/C-logistics.md	
logistics-7dff5d195d96	vault:processed/04_跨境物流/随着菜鸟实施应用RPA机器人越来越多.md	随着菜鸟实施应用RPA机器人越来越多			locator-only	synthesis/2026-09-12-obsidian-scan/C-logistics.md	
logistics-7e06f28136af	vault:processed/04_跨境物流/note_14_1.md	note		K7	locator-only	synthesis/2026-09-12-obsidian-scan/C-logistics.md	
logistics-7e3de1d3f75c	vault:processed/04_跨境物流/3.4 业务线上化不完善.md	3.4 业务线上化不完善		K7	locator-only	synthesis/2026-09-12-obsidian-scan/C-logistics.md	
logistics-7eddc23c3887	vault:processed/04_跨境物流/FY26-OMS商家端产品演示文档笔记.md	FY26-OMS商家端产品演示文档笔记		K5+K7+K8	locator-only	synthesis/2026-09-12-obsidian-scan/C-logistics.md	
logistics-7ef8acd6e0fa	vault:processed/04_跨境物流/本周要完成规划汇报的草稿.md	本周要完成规划汇报的草稿		K4+K7	locator-only	synthesis/2026-09-12-obsidian-scan/C-logistics.md	
logistics-8334708ff580	vault:processed/04_跨境物流/菜鸟客户体验业务系统架构.md	菜鸟客户体验业务系统架构		K7+K8	locator-only	synthesis/2026-09-12-obsidian-scan/C-logistics.md	
logistics-86e46c69905c	vault:processed/04_跨境物流/国家发改委《2015年全国物流运行情况通报》数据显示，2015年国内社会物流总费用为10.8万亿元，占GDP的比率为16.0%。相比….md	国家发改委《2015年全国物流运行情况通报》数据显示，2015年国内社会物流总费用为10.8万亿元，占GDP的比率为16.0%。相比…			locator-only	synthesis/2026-09-12-obsidian-scan/C-logistics.md	
logistics-86f0af90bf80	vault:processed/04_跨境物流/新零售物流下的菜鸟结算平台 -- 计费业务介绍.md	新零售物流下的菜鸟结算平台 -- 计费业务介绍		K7	locator-only	synthesis/2026-09-12-obsidian-scan/C-logistics.md	
logistics-8704c85b5fae	vault:processed/04_跨境物流/新零售物流下的菜鸟结算平台 -- 结算域全局思考及初步进展.md	新零售物流下的菜鸟结算平台 -- 结算域全局思考及初步进展		K7	locator-only	synthesis/2026-09-12-obsidian-scan/C-logistics.md	
logistics-88ffdb5e8d19	vault:processed/04_跨境物流/核心目标：通过AI质控.md	核心目标：通过AI质控		K8	locator-only	synthesis/2026-09-12-obsidian-scan/C-logistics.md	
logistics-899f2fa5c917	vault:processed/04_跨境物流/产品入库能力竞品分析对比表（大宝vs京东）.md	产品入库能力竞品分析对比表（大宝vs京东）		K7+K8	locator-only	synthesis/2026-09-12-obsidian-scan/C-logistics.md	
logistics-8b4ba9fca6b0	vault:processed/04_跨境物流/AI Skills 在资损识别场景的落地实践：从 8% 到 63% 精确率的跃迁之路.md	AI Skills 在资损识别场景的落地实践：从 8% 到 63% 精确率的跃迁之路		K5+K7+K8	locator-only	synthesis/2026-09-12-obsidian-scan/C-logistics.md	
logistics-8d6c4e882209	vault:processed/04_跨境物流/1919632994764176672_京东物流_超脑_3.0深度拆解：AI如何从数字世界走进物流一线.md	京东物流超脑3.0深度解析		K8	locator-only	synthesis/2026-09-12-obsidian-scan/C-logistics.md	
logistics-8db2529a86ec	vault:processed/04_跨境物流/1910668469230387088_从一张发票到拿9500万美元投资，供应链AI公司Loop带来的启发 _ 快刀广播站.md	笔记_---		K8	locator-only	synthesis/2026-09-12-obsidian-scan/C-logistics.md	
logistics-8dfd87dee1df	vault:processed/04_跨境物流/菜鸟集团OKR完成情况一览.md	菜鸟集团OKR完成情况一览		K7	locator-only	synthesis/2026-09-12-obsidian-scan/C-logistics.md	
logistics-8eb5056154ac	vault:processed/04_跨境物流/菜鸟财人人事综管平台业务架构总图.md	菜鸟财人人事综管平台业务架构总图		K7	locator-only	synthesis/2026-09-12-obsidian-scan/C-logistics.md	
logistics-92a8344a2f07	vault:processed/04_跨境物流/新零售物流下的菜鸟结算平台 -- 进击的物流结算.md	新零售物流下的菜鸟结算平台 -- 进击的物流结算		K4+K6+K7	locator-only	synthesis/2026-09-12-obsidian-scan/C-logistics.md	
logistics-92c9700733a0	vault:processed/04_跨境物流/产品所属部门：企业智能产品技术中心.md	产品所属部门：企业智能产品技术中心		K7	locator-only	synthesis/2026-09-12-obsidian-scan/C-logistics.md	
logistics-92cdac4f7e99	vault:processed/04_跨境物流/新零售物流下的菜鸟结算平台-计费引擎动态化.md	新零售物流下的菜鸟结算平台-计费引擎动态化		K7	locator-only	synthesis/2026-09-12-obsidian-scan/C-logistics.md	
logistics-9350768db2e0	vault:processed/04_跨境物流/成本显性化.md	成本显性化			locator-only	synthesis/2026-09-12-obsidian-scan/C-logistics.md	
logistics-9701f9716ad7	vault:processed/04_跨境物流/DHL现有的资料较少.md	DHL现有的资料较少		K1+K7	locator-only	synthesis/2026-09-12-obsidian-scan/C-logistics.md	
logistics-974274733bc3	vault:processed/04_跨境物流/个性化出账，从商家数占比及金额占比，远超过标准出账方式_1.md	个性化出账，从商家数占比及金额占比，远超过标准出账方式		K7	locator-only	synthesis/2026-09-12-obsidian-scan/C-logistics.md	
logistics-975908276e59	vault:processed/04_跨境物流/关务运营助理Agent异常处理流程对比图.md	关务运营助理Agent异常处理流程对比图			locator-only	synthesis/2026-09-12-obsidian-scan/C-logistics.md	
logistics-9d0fc1528724	vault:processed/04_跨境物流/结算上浮项目，.md	结算上浮项目，		K7	locator-only	synthesis/2026-09-12-obsidian-scan/C-logistics.md	
logistics-9f1cba861a15	vault:processed/04_跨境物流/菜鸟国际快递面单字段开发标注说明.md	菜鸟国际快递面单字段开发标注说明		K8	locator-only	synthesis/2026-09-12-obsidian-scan/C-logistics.md	
logistics-9ff1b6cc2619	vault:processed/04_跨境物流/技术是业务的核心发动机：IPA为业务注入新引擎.md	技术是业务的核心发动机：IPA为业务注入新引擎		K2+K5+K7	locator-only	synthesis/2026-09-12-obsidian-scan/C-logistics.md	
logistics-a441861d90a2	vault:processed/04_跨境物流/应付产品AP发展四阶段 roadmap.md	应付产品AP发展四阶段 roadmap		K3+K7+K8	locator-only	synthesis/2026-09-12-obsidian-scan/C-logistics.md	
logistics-a46b2c8f3411	vault:processed/04_跨境物流/业财一体模式地铁线路图（八条地铁线模型）.md	业财一体模式地铁线路图（八条地铁线模型）		K1+K4+K7+K8	locator-only	synthesis/2026-09-12-obsidian-scan/C-logistics.md	
logistics-a48a963153fb	vault:processed/04_跨境物流/产品产生&迭代时间：2023年10月-2024年3月.md	产品产生&迭代时间：2023年10月-2024年3月		K7	locator-only	synthesis/2026-09-12-obsidian-scan/C-logistics.md	
logistics-a569c7fed255	vault:processed/04_跨境物流/note_8.md	note		K7	locator-only	synthesis/2026-09-12-obsidian-scan/C-logistics.md	
logistics-a5809a250665	vault:processed/04_跨境物流/HSCode商品税号归类流程与现存问题分析.md	HSCode商品税号归类流程与现存问题分析		K8	locator-only	synthesis/2026-09-12-obsidian-scan/C-logistics.md	
logistics-a6148bfb6798	vault:processed/04_跨境物流/智能波次仓储系统落地效果与优缺点汇总.md	智能波次仓储系统落地效果与优缺点汇总		K8	locator-only	synthesis/2026-09-12-obsidian-scan/C-logistics.md	
logistics-a77a6df51cce	vault:processed/04_跨境物流/新零售物流下的菜鸟结算平台 -- 结算优惠中心.md	新零售物流下的菜鸟结算平台 -- 结算优惠中心		K7	locator-only	synthesis/2026-09-12-obsidian-scan/C-logistics.md	
logistics-a8c74595eb39	vault:processed/04_跨境物流/关务系统迭代发展历程（1.0到3.0版本）_1.md	关务系统迭代发展历程（1.0到3.0版本）		K8	locator-only	synthesis/2026-09-12-obsidian-scan/C-logistics.md	
logistics-a90258bedcfc	vault:processed/04_跨境物流/物流服务采购支出.md	物流服务采购支出		K7	locator-only	synthesis/2026-09-12-obsidian-scan/C-logistics.md	
logistics-ad76b2fe4ca3	vault:processed/04_跨境物流/菜鸟保证金业务接入LINK实战.md	菜鸟保证金业务接入LINK实战		K7	locator-only	synthesis/2026-09-12-obsidian-scan/C-logistics.md	
logistics-ad9d5c703afb	vault:processed/04_跨境物流/结算Agent产品大图.md	结算Agent产品大图		K5+K7+K8	locator-only	synthesis/2026-09-12-obsidian-scan/C-logistics.md	
logistics-adfb58c59211	vault:processed/04_跨境物流/电销的一天工作流程梳理.md	电销的一天工作流程梳理			locator-only	synthesis/2026-09-12-obsidian-scan/C-logistics.md	
logistics-b4a2d134748c	vault:processed/04_跨境物流/希望能通过本章节快速和大家同步以下信息：.md	希望能通过本章节快速和大家同步以下信息：		K4+K7+K8	locator-only	synthesis/2026-09-12-obsidian-scan/C-logistics.md	
logistics-ba414f3d7344	vault:processed/04_跨境物流/跨境物流各类面单链路流程汇总.md	跨境物流各类面单链路流程汇总		K7+K8	locator-only	synthesis/2026-09-12-obsidian-scan/C-logistics.md	
logistics-be3271684646	vault:processed/04_跨境物流/第二十章 企业智能自动化测试之道.md	第二十章 企业智能自动化测试之道		K4+K7	locator-only	synthesis/2026-09-12-obsidian-scan/C-logistics.md	
logistics-c1efc589c4f3	vault:processed/04_跨境物流/新零售物流下的菜鸟结算平台 -- 从平台到中台.md	新零售物流下的菜鸟结算平台 -- 从平台到中台		K7	locator-only	synthesis/2026-09-12-obsidian-scan/C-logistics.md	
logistics-c2eb8bc5fc6d	vault:processed/04_跨境物流/基于菜鸟当前组织设计原则.md	基于菜鸟当前组织设计原则		K6+K7	locator-only	synthesis/2026-09-12-obsidian-scan/C-logistics.md	
logistics-c65b9bd5b6d8	vault:processed/04_跨境物流/ZZ.md	ZZ			locator-only	synthesis/2026-09-12-obsidian-scan/C-logistics.md	
logistics-c9bf58cc9b04	vault:processed/04_跨境物流/核心目标：通过AI法务合同助手.md	核心目标：通过AI法务合同助手		K5+K8	locator-only	synthesis/2026-09-12-obsidian-scan/C-logistics.md	
logistics-c9f4b88a3dbf	vault:processed/04_跨境物流/大宝仓储全流程流程图整理.md	大宝仓储全流程流程图整理		K8	locator-only	synthesis/2026-09-12-obsidian-scan/C-logistics.md	
logistics-cd5f8f57b2cd	vault:processed/04_跨境物流/实际业务场景介绍.md	实际业务场景介绍		K7+K8	locator-only	synthesis/2026-09-12-obsidian-scan/C-logistics.md	
logistics-cf61c48f3940	vault:processed/04_跨境物流/一、关务平台十年发展概述.md	一、关务平台十年发展概述			locator-only	synthesis/2026-09-12-obsidian-scan/C-logistics.md	
logistics-d2694cf2119d	vault:processed/04_跨境物流/菜鸟CSS应用架构图（近21个应用）.md	菜鸟CSS应用架构图（近21个应用）		K7+K8	locator-only	synthesis/2026-09-12-obsidian-scan/C-logistics.md	
logistics-d400c1bc1c29	vault:processed/04_跨境物流/「关务灯塔」产品规划大图.md	「关务灯塔」产品规划大图		K4+K8	locator-only	synthesis/2026-09-12-obsidian-scan/C-logistics.md	
logistics-d4579baf1339	vault:processed/04_跨境物流/新零售物流下的菜鸟结算平台 -- 统一计费引擎.md	新零售物流下的菜鸟结算平台 -- 统一计费引擎		K5+K7	locator-only	synthesis/2026-09-12-obsidian-scan/C-logistics.md	
logistics-d494260ade55	vault:processed/04_跨境物流/3.3 全链路单据模型.md	3.3 全链路单据模型		K6+K7	locator-only	synthesis/2026-09-12-obsidian-scan/C-logistics.md	
logistics-d54bcd12c134	vault:processed/04_跨境物流/1920853372140001296_金九云供应链业务核心定位与战略方向阐述.md	金九云供应链业务定位与战略方向			locator-only	synthesis/2026-09-12-obsidian-scan/C-logistics.md	
logistics-d70a90607985	vault:processed/04_跨境物流/一文吃透跨境物流供应链：以燕文物流为例.md	一文吃透跨境物流供应链：以燕文物流为例		K8	locator-only	synthesis/2026-09-12-obsidian-scan/C-logistics.md	
logistics-d7ee65756bc4	vault:processed/04_跨境物流/note_17.md	note		K5+K7	locator-only	synthesis/2026-09-12-obsidian-scan/C-logistics.md	
logistics-da03abefe315	vault:processed/04_跨境物流/本篇应收运营问题，根据问题来源分为2个主题：.md	本篇应收运营问题，根据问题来源分为2个主题：		K7	locator-only	synthesis/2026-09-12-obsidian-scan/C-logistics.md	
logistics-daec8fc0d5e4	vault:processed/04_跨境物流/如何理解国际化电商业务合规费用?.md	如何理解国际化电商业务合规费用?			locator-only	synthesis/2026-09-12-obsidian-scan/C-logistics.md	
logistics-db38abbbd7bb	vault:processed/04_跨境物流/关务运营助理Agent工作流程对比.md	关务运营助理Agent工作流程对比			locator-only	synthesis/2026-09-12-obsidian-scan/C-logistics.md	
logistics-e247dab8dc43	vault:processed/04_跨境物流/结算域系统性风险思考及在出口物流版块的解题实践.md	结算域系统性风险思考及在出口物流版块的解题实践		K4+K7	locator-only	synthesis/2026-09-12-obsidian-scan/C-logistics.md	
logistics-e60578256cbe	vault:processed/04_跨境物流/全球跨境关务系统架构图_1.md	全球跨境关务系统架构图		K5+K7+K8	locator-only	synthesis/2026-09-12-obsidian-scan/C-logistics.md	
logistics-e6164ab011e7	vault:processed/04_跨境物流/KR1 RFID[奖牌][进度.md	KR1 RFID[奖牌][进度		K8	locator-only	synthesis/2026-09-12-obsidian-scan/C-logistics.md	
logistics-e674b9181264	vault:processed/04_跨境物流/菜鸟全球跨境物流结算系统架构图.md	菜鸟全球跨境物流结算系统架构图		K4+K6+K7+K8	locator-only	synthesis/2026-09-12-obsidian-scan/C-logistics.md	
logistics-e79c4e2e81a7	vault:processed/04_跨境物流/【总结】我在菜鸟做物流结算 - 序言 (唯有成长不可辜负).md	【总结】我在菜鸟做物流结算 - 序言 (唯有成长不可辜负)		K7	locator-only	synthesis/2026-09-12-obsidian-scan/C-logistics.md	
logistics-ead6ec781941	vault:processed/04_跨境物流/跨境物流业务整体架构图.md	跨境物流业务整体架构图		K8	locator-only	synthesis/2026-09-12-obsidian-scan/C-logistics.md	
logistics-eb57e638c268	vault:processed/04_跨境物流/IBS-CP管理中心架构梳理.md	IBS-CP管理中心架构梳理		K5+K7+K8	locator-only	synthesis/2026-09-12-obsidian-scan/C-logistics.md	
logistics-ed35f5848e20	vault:processed/04_跨境物流/1.1、整体现状.md	1.1、整体现状		K8	locator-only	synthesis/2026-09-12-obsidian-scan/C-logistics.md	
logistics-efe67e3da76d	vault:processed/04_跨境物流/跨境关务AI数字化升级方案分析.md	跨境关务AI数字化升级方案分析		K8	locator-only	synthesis/2026-09-12-obsidian-scan/C-logistics.md	
logistics-f13c623749e3	vault:processed/04_跨境物流/关务中台中国出口跟单痛点分析_1.md	关务中台中国出口跟单痛点分析		K4+K8	locator-only	synthesis/2026-09-12-obsidian-scan/C-logistics.md	
logistics-f2aa6ef0c7fc	vault:processed/04_跨境物流/一、产技策略目标.md	一、产技策略目标		K2+K7+K8	locator-only	synthesis/2026-09-12-obsidian-scan/C-logistics.md	
logistics-f6267d83a5b7	vault:processed/04_跨境物流/HSCode商品税号归类流程与现存问题分析_1.md	HSCode商品税号归类流程与现存问题分析		K8	locator-only	synthesis/2026-09-12-obsidian-scan/C-logistics.md	
logistics-f866bc773bee	vault:processed/04_跨境物流/AI站长场景概要分析.md	AI站长场景概要分析		K4	locator-only	synthesis/2026-09-12-obsidian-scan/C-logistics.md	
logistics-fb0b32329145	vault:processed/04_跨境物流/欧洲出差.md	欧洲出差		K7	locator-only	synthesis/2026-09-12-obsidian-scan/C-logistics.md	
logistics-fca381ebb828	vault:processed/04_跨境物流/新零售物流下的菜鸟结算平台 -- 团队工作介绍PPT.md	新零售物流下的菜鸟结算平台 -- 团队工作介绍PPT		K7	locator-only	synthesis/2026-09-12-obsidian-scan/C-logistics.md	
management-0029da6b32e7	vault:processed/02_企业管理/1920228578952932528_6. 李丰：AI下半场的三个创投机会 _ 蔡钰·商业高手心法20讲.md	AI下半场三大创投机会解析		K8	locator-only	synthesis/2026-09-12-obsidian-scan/B-management.md	
management-0123b6ace105	vault:processed/02_企业管理/1910668891210977000_HALO资产，成为全球热点 _ 蔡钰·商业参考4（年度日更）.md	笔记_---		K8	locator-only	synthesis/2026-09-12-obsidian-scan/B-management.md	
management-02a0a038da9e	vault:processed/02_企业管理/经营分析5大核心方法：从问题定位到决策支持的全流程框架.md	经营分析5大核心方法：从问题定位到决策支持的全流程框架		K2+K4+K5+K6+K8	locator-only	synthesis/2026-09-12-obsidian-scan/B-management.md	
management-030ee23cffe9	vault:processed/02_企业管理/想到了华为那句“先僵化再优化”.md	想到了华为那句“先僵化再优化”，很多组织连“僵化”都做不到，僵化带来的配合默契、高效率都没有实现，谈			locator-only	synthesis/2026-09-12-obsidian-scan/B-management.md	
management-03236ae79cfc	vault:processed/02_企业管理/wechat-5986caabec12.md	经营分析三维度与关键指标		K2+K3+K4+K5	locator-only	synthesis/2026-09-12-obsidian-scan/B-management.md	
management-0421f74608e4	vault:processed/02_企业管理/传统格子间确实做到了人与人的隔离.md	传统格子间确实做到了人与人的隔离			locator-only	synthesis/2026-09-12-obsidian-scan/B-management.md	
management-04c8e0d52938	vault:processed/02_企业管理/大模型的能力进化与智能体的企业落地实践张鑫博士在2025华夏基石十月管理高峰论坛演讲深度解析.md	大模型的能力进化与智能体的企业落地实践张鑫博士在2025华夏基石十月管理高峰论坛演讲深度解析		K8	locator-only	synthesis/2026-09-12-obsidian-scan/B-management.md	
management-05003d92bfbc	vault:processed/02_企业管理/1910668966373953256_大国稳定器（上）：这件事为什么中央反复强调？ _ 马江博·政经参考（年度日更）.md	笔记_---			locator-only	synthesis/2026-09-12-obsidian-scan/B-management.md	
management-05794a0c749f	vault:processed/02_企业管理/FY24 OKR 初稿.md	FY24 OKR 初稿		K6+K7	locator-only	synthesis/2026-09-12-obsidian-scan/B-management.md	
management-058ac666f772	vault:processed/02_企业管理/理想汽车弃学华为引发的管理反思经营与管理的中国实践迷思.md	理想汽车弃学华为引发的管理反思经营与管理的中国实践迷思			locator-only	synthesis/2026-09-12-obsidian-scan/B-management.md	
management-05fd30372ae4	vault:processed/02_企业管理/企业全流程合同管理工作耗时与业务量统计.md	企业全流程合同管理工作耗时与业务量统计			locator-only	synthesis/2026-09-12-obsidian-scan/B-management.md	
management-066c4fea461c	vault:processed/02_企业管理/第五章 数智化五阶理论：中小企业数字化转型的路径选择.md	第五章 数智化五阶理论：中小企业数字化转型的路径选择			locator-only	synthesis/2026-09-12-obsidian-scan/B-management.md	
management-06a471d8faca	vault:processed/02_企业管理/1919953404693167520_周日荐书：二刷曾鸣教授新书《智能》，分享我的四条笔记 _ 快刀广播站.md	曾鸣《智能》核心洞察与AI组织变革		K8	locator-only	synthesis/2026-09-12-obsidian-scan/B-management.md	
management-06c80dcf6ced	vault:processed/02_企业管理/经营分析与财务分析的区别详解.md	经营分析与财务分析的区别详解		K3+K4+K6+K8	locator-only	synthesis/2026-09-12-obsidian-scan/B-management.md	
management-06d22a6eec04	vault:processed/02_企业管理/wechat-b44363a80741.md	经营分析的系统性思维框架		K3+K4	locator-only	synthesis/2026-09-12-obsidian-scan/B-management.md	
management-081b0503808f	vault:processed/02_企业管理/20190531 晋升评审 5-6.md	20190531 晋升评审 5-6			locator-only	synthesis/2026-09-12-obsidian-scan/B-management.md	
management-08698c04e536	vault:processed/02_企业管理/20240516-20240524 美国出差沟通.md	20240516-20240524 美国出差沟通		K6	locator-only	synthesis/2026-09-12-obsidian-scan/B-management.md	
management-08d5df5d897c	vault:processed/02_企业管理/全流程AI赋能销售业务流程图.md	全流程AI赋能销售业务流程图			locator-only	synthesis/2026-09-12-obsidian-scan/B-management.md	
management-08dca400fdb3	vault:processed/02_企业管理/大厂中层的角色困境：组织接口下的善与恶解析.md	大厂中层的角色困境：组织接口下的善与恶解析		K8	locator-only	synthesis/2026-09-12-obsidian-scan/B-management.md	
management-09a49cf7a1b9	vault:processed/02_企业管理/一、O3 KR1【OS Framework相关】.md	一、O3 KR1【OS Framework相关】		K4+K5+K7	locator-only	synthesis/2026-09-12-obsidian-scan/B-management.md	
management-09a666b1dc73	vault:processed/02_企业管理/1920648546223322216_008｜SHEIN上市漂流记：轻资产的制度账单 _ 蔡钰·商业参考5.md	SHEIN上市历程与全球化监管挑战			locator-only	synthesis/2026-09-12-obsidian-scan/B-management.md	
management-0aa1396723c4	vault:processed/02_企业管理/得物汇金资损防控体系建设与实践研究报告.md	得物汇金资损防控体系建设与实践研究报告		K4+K7+K8	locator-only	synthesis/2026-09-12-obsidian-scan/B-management.md	
management-0aae250b2a09	vault:processed/02_企业管理/资金结算与金融招聘情况一览20171017.md	资金结算与金融招聘情况一览20171017		K7	locator-only	synthesis/2026-09-12-obsidian-scan/B-management.md	
management-0ab2ab2ea69c	vault:processed/02_企业管理/wechat-77df27932dd4.md	年中经营分析报告框架与模板		K2+K3+K4+K6	locator-only	synthesis/2026-09-12-obsidian-scan/B-management.md	
management-0ab8090b3581	vault:processed/02_企业管理/阿里退出外卖大战可能性分析与商业竞争洞察.md	阿里退出外卖大战可能性分析与商业竞争洞察		K8	locator-only	synthesis/2026-09-12-obsidian-scan/B-management.md	
management-0cb0ee0c77ab	vault:processed/02_企业管理/wechat-f873cd5d1922.md	经营分析PPT模板与业务落地指南		K3+K4+K5	locator-only	synthesis/2026-09-12-obsidian-scan/B-management.md	
management-0d0035eca9d4	vault:processed/02_企业管理/HALO资产，成为全球热点 _ 蔡钰·商业参考4（年度日更）.md	HALO资产，成为全球热点 | 蔡钰·商业参考4（年度日更）		K8	locator-only	synthesis/2026-09-12-obsidian-scan/B-management.md	
management-0d190be95df5	vault:processed/02_企业管理/1905833160690274336_采购业务介绍与SRM架构.md	一、采购业务介绍		K7	locator-only	synthesis/2026-09-12-obsidian-scan/B-management.md	
management-0d3ec4351b68	vault:processed/02_企业管理/客户退款审核处理流程图_1.md	客户退款审核处理流程图		K7+K8	locator-only	synthesis/2026-09-12-obsidian-scan/B-management.md	
management-0eda84f35a87	vault:processed/02_企业管理/地网交接.md	地网交接		K6+K7	locator-only	synthesis/2026-09-12-obsidian-scan/B-management.md	
management-0f55d5ade950	vault:processed/02_企业管理/1910668326422750584_从小米AI当家人罗福莉身上，我看到了AI时代的六个变化 _ 快刀广播站.md	笔记_---		K8	locator-only	synthesis/2026-09-12-obsidian-scan/B-management.md	
management-0fc1c426fa2c	vault:processed/02_企业管理/SAP ERP设计精华深度解析对国产信创替代的启示.md	SAP ERP设计精华深度解析对国产信创替代的启示		K1+K4+K7	locator-only	synthesis/2026-09-12-obsidian-scan/B-management.md	
management-1067cfd76ea6	vault:processed/02_企业管理/1910940988126803936_商业杠杆：把一个创造卖一百万次 _ 万维钢·现代思维⼯具100讲.md	笔记_---		K2+K8	locator-only	synthesis/2026-09-12-obsidian-scan/B-management.md	
management-12545ef2cafa	vault:processed/02_企业管理/菜鸟项目列表和交付计划.md	菜鸟项目列表和交付计划		K6	locator-only	synthesis/2026-09-12-obsidian-scan/B-management.md	
management-12f36e9ba874	vault:processed/02_企业管理/企业业务系统整体架构总图 v4.md	企业业务系统整体架构总图 v4		K5+K6+K7	locator-only	synthesis/2026-09-12-obsidian-scan/B-management.md	
management-133bdcbd54d6	vault:processed/02_企业管理/1919174809801757672_2026上半年中国31省GDP全景解读：新质生产力时代的省份竞速.md	2026上半年中国省份GDP分析			locator-only	synthesis/2026-09-12-obsidian-scan/B-management.md	
management-13481fa8f04d	vault:processed/02_企业管理/后发国家的突围之路中国国际战略与土地政策解析.md	后发国家的突围之路中国国际战略与土地政策解析		K7	locator-only	synthesis/2026-09-12-obsidian-scan/B-management.md	
management-13d2ef5aa2a8	vault:processed/02_企业管理/瑞杰公司业务流程精细化管理项目深度复盘：从原子化到中子级的探索.md	瑞杰公司业务流程精细化管理项目深度复盘：从原子化到中子级的探索		K4+K6+K8	locator-only	synthesis/2026-09-12-obsidian-scan/B-management.md	
management-13ef89b96e16	vault:processed/02_企业管理/郭士纳与IBM转型整合管理的巅峰与历史局限.md	郭士纳与IBM转型整合管理的巅峰与历史局限			locator-only	synthesis/2026-09-12-obsidian-scan/B-management.md	
management-15437b38b453	vault:processed/02_企业管理/“僵化”下的组织，对领导力要求不高.md	“僵化”下的组织，对领导力要求不高。领导力恰恰是“变通”和“优化”的体现，所以考察领导力，是不是也要			locator-only	synthesis/2026-09-12-obsidian-scan/B-management.md	
management-15ffd69f7930	vault:processed/02_企业管理/wechat-36664a9333e0.md	经营分析核心：路径拆解而非数据堆砌		K4+K5+K6	locator-only	synthesis/2026-09-12-obsidian-scan/B-management.md	
management-16382d694956	vault:processed/02_企业管理/1911686301319577496_平台：现代世界最厉害的商业模式 _ 万维钢·现代思维⼯具100讲.md	平台经济的运作与衰败机制			locator-only	synthesis/2026-09-12-obsidian-scan/B-management.md	
management-1649089ab473	vault:processed/02_企业管理/wechat-1b4035514bb4.md	企业月度经营分析报告模板		K4	locator-only	synthesis/2026-09-12-obsidian-scan/B-management.md	
management-183ada2596db	vault:processed/02_企业管理/note_7.md	note		K7	locator-only	synthesis/2026-09-12-obsidian-scan/B-management.md	
management-195305a939e1	vault:processed/02_企业管理/电商与本地生活竞争格局分析及投资策略.md	电商与本地生活竞争格局分析及投资策略			locator-only	synthesis/2026-09-12-obsidian-scan/B-management.md	
management-19840dd3be92	vault:processed/02_企业管理/1912788113976263768_2026年5月人效分析报告：从经营结果、人力投入与组织结构看效率改善空间.md	企业人效分析与效率改善策略		K3	locator-only	synthesis/2026-09-12-obsidian-scan/B-management.md	
management-1a43ff4c26a2	vault:processed/02_企业管理/商业模式第一性原理从腾讯护城河到行业败局启示录.md	商业模式第一性原理从腾讯护城河到行业败局启示录		K3	locator-only	synthesis/2026-09-12-obsidian-scan/B-management.md	
management-1ae4ab1b99e6	vault:processed/02_企业管理/菜鸟集团采购平台现状及规划思考--For汇报.md	菜鸟集团采购平台现状及规划思考--For汇报		K7	locator-only	synthesis/2026-09-12-obsidian-scan/B-management.md	
management-1b39e98447e5	vault:processed/02_企业管理/1919538573129960072_企业经营管理驾驶舱产品全解析：从数据整合到经营闭环.md	企业经营驾驶舱产品解析		K4+K5+K6	locator-only	synthesis/2026-09-12-obsidian-scan/B-management.md	
management-1b7906350e19	vault:processed/02_企业管理/招聘业务现状分析.md	招聘业务现状分析		K8	locator-only	synthesis/2026-09-12-obsidian-scan/B-management.md	
management-1bad14b110c3	vault:processed/02_企业管理/业务流、工作流与审批流的解析.md	业务流、工作流与审批流的解析		K8	locator-only	synthesis/2026-09-12-obsidian-scan/B-management.md	
management-1bf9e49248e8	vault:processed/02_企业管理/wechat-b8d7cb92ceb5.md	经营分析会中财务的四争四不争		K3+K4+K7	locator-only	synthesis/2026-09-12-obsidian-scan/B-management.md	
management-1ccbb69245cb	vault:processed/02_企业管理/1915468386168035928_基线漂移：不正常会慢慢变得正常 _ 万维钢·现代思维⼯具100讲.md	基线漂移：组织标准下滑的演化与破局		K8	locator-only	synthesis/2026-09-12-obsidian-scan/B-management.md	
management-1df5b223748b	vault:processed/02_企业管理/AI应用爆发临界点模型成本拐点、个人Agent崛起与企业落地工程方法.md	AI应用爆发临界点模型成本拐点、个人Agent崛起与企业落地工程方法		K8	locator-only	synthesis/2026-09-12-obsidian-scan/B-management.md	
management-1e40de98cf30	vault:processed/02_企业管理/1871069760893107632_.md	做跨境B2B的品牌推广，和2C有一个重要的差别，就是对准特定的客户圈层，赢得他们的尊重。品牌推广在实			locator-only	synthesis/2026-09-12-obsidian-scan/B-management.md	
management-1e6ceb8483a0	vault:processed/02_企业管理/Part 1 认知篇.md	Part 1 认知篇		K8	locator-only	synthesis/2026-09-12-obsidian-scan/B-management.md	
management-1e6f6b39dbac	vault:processed/02_企业管理/wechat-943aa194a2b7.md	采购降本：末流企业靠压榨，一流企业靠共赢		K1+K2+K3+K6	locator-only	synthesis/2026-09-12-obsidian-scan/B-management.md	
management-1fa805e14f88	vault:processed/02_企业管理/AI数据业务系统功能架构.md	AI数据业务系统功能架构			locator-only	synthesis/2026-09-12-obsidian-scan/B-management.md	
management-2116ba2dc37d	vault:processed/02_企业管理/企业级智能体应用的误区与正确路径基于BOAT技术的业务流程重构.md	企业级智能体应用的误区与正确路径基于BOAT技术的业务流程重构		K8	locator-only	synthesis/2026-09-12-obsidian-scan/B-management.md	
management-214a8d5fb2c3	vault:processed/02_企业管理/驾驶舱看板如何搭建：实现管理层一站式数据监控.md	驾驶舱看板如何搭建？实现管理层一站式数据监控	FineReport报表知识库	K5	locator-only	synthesis/2026-09-12-obsidian-scan/B-management.md	
management-218568bcc364	vault:processed/02_企业管理/百融智能CEO张韶峰深度访谈：企业级AI智能体落地实践与行业变革洞察.md	百融智能CEO张韶峰深度访谈：企业级AI智能体落地实践与行业变革洞察		K7+K8	locator-only	synthesis/2026-09-12-obsidian-scan/B-management.md	
management-21b8ac2f8817	vault:processed/02_企业管理/1914761277784810336_剩余判断权：为什么组织总得有人说了算 _ 万维钢·现代思维⼯具100讲.md	剩余判断权与组织领导力逻辑		K8	locator-only	synthesis/2026-09-12-obsidian-scan/B-management.md	
management-21f9ddefb8c5	vault:processed/02_企业管理/wechat-f9e693206329.md	经营分析要把问题拆到拆不动为止		K1+K2+K3+K4+K6+K7+K8	locator-only	synthesis/2026-09-12-obsidian-scan/B-management.md	
management-23621a4cbe82	vault:processed/02_企业管理/SAP与国产ERP深度对比企业数字化转型的路径选择.md	SAP与国产ERP深度对比企业数字化转型的路径选择		K6	locator-only	synthesis/2026-09-12-obsidian-scan/B-management.md	
management-24da86a69ad8	vault:processed/02_企业管理/1920992617126961280_2026年9月总经理经营分析数据驾驶舱：收入增长但利润承压，四季度聚焦盈利与回款.md	总经理经营分析数据驾驶舱报告		K3+K4+K5+K6	locator-only	synthesis/2026-09-12-obsidian-scan/B-management.md	
management-257d33b5aa3a	vault:processed/02_企业管理/2025年4月19日相关思维模型高清图资讯.md	2025年4月19日相关思维模型高清图资讯		K4+K8	locator-only	synthesis/2026-09-12-obsidian-scan/B-management.md	
management-25991e8839a7	vault:processed/02_企业管理/大厂中层的角色困境组织接口下的善与恶解析.md	大厂中层的角色困境组织接口下的善与恶解析			locator-only	synthesis/2026-09-12-obsidian-scan/B-management.md	
management-26146ce2ab30	vault:processed/02_企业管理/AI时代企业级系统落地范式从技术构想到业务结果的规模化交付.md	AI时代企业级系统落地范式从技术构想到业务结果的规模化交付		K5+K8	locator-only	synthesis/2026-09-12-obsidian-scan/B-management.md	
management-2623cd81719d	vault:processed/02_企业管理/资金结算提名晋升列表.md	资金结算提名晋升列表		K7	locator-only	synthesis/2026-09-12-obsidian-scan/B-management.md	
management-272eae1cc4c4	vault:processed/02_企业管理/企业AI转型的认知陷阱与破局之道从技术迷雾到价值落地.md	企业AI转型的认知陷阱与破局之道从技术迷雾到价值落地		K6+K8	locator-only	synthesis/2026-09-12-obsidian-scan/B-management.md	
management-277d857db95d	vault:processed/02_企业管理/华为战略规划方法论五看三定深度解析与实践指南.md	华为战略规划方法论五看三定深度解析与实践指南			locator-only	synthesis/2026-09-12-obsidian-scan/B-management.md	
management-279f5271e14d	vault:processed/02_企业管理/中国民企管理转型的核心路径外企人才观的五维借鉴.md	中国民企管理转型的核心路径外企人才观的五维借鉴			locator-only	synthesis/2026-09-12-obsidian-scan/B-management.md	
management-27a117fa0f74	vault:processed/02_企业管理/企业自动化的四种模式对比.md	企业自动化的四种模式对比		K8	locator-only	synthesis/2026-09-12-obsidian-scan/B-management.md	
management-27b0e54525e5	vault:processed/02_企业管理/PE On Cycle Recruiting 冷邮件 outreach 企业信息汇总表.md	PE On Cycle Recruiting 冷邮件 outreach 企业信息汇总表			locator-only	synthesis/2026-09-12-obsidian-scan/B-management.md	
management-27c426b53871	vault:processed/02_企业管理/经营分析思路与方法.md	经营分析思路与方法	波波的猫（知乎专栏）	K2+K3+K4+K6+K7	locator-only	synthesis/2026-09-12-obsidian-scan/B-management.md	
management-2823b339fce1	vault:processed/02_企业管理/人不要脸，天下无敌。他的逻辑是，只要有人接盘，印钱再多都有人捏着鼻子拿生产物资换。那我就不是流氓了.md	人不要脸，天下无敌。他的逻辑是，只要有人接盘，印钱再多都有人捏着鼻子拿生产物资换。那我就不是流氓了			locator-only	synthesis/2026-09-12-obsidian-scan/B-management.md	
management-295c4f86c20b	vault:processed/02_企业管理/中国民企管理转型的核心路径：外企人才观的五维借鉴.md	中国民企管理转型的核心路径：外企人才观的五维借鉴		K8	locator-only	synthesis/2026-09-12-obsidian-scan/B-management.md	
management-2b23a973de04	vault:processed/02_企业管理/1920014052853693912_大厂OD视角：组织文化、FDE与AI时代领导力的3个核心洞察.md	组织文化与AI领导力核心洞察		K8	locator-only	synthesis/2026-09-12-obsidian-scan/B-management.md	
management-2bebfc051df2	vault:processed/02_企业管理/经营分析的价值与正确方法.md	经营分析的价值与正确方法		K4+K8	locator-only	synthesis/2026-09-12-obsidian-scan/B-management.md	
management-2bec779945cb	vault:processed/02_企业管理/1920363236915157280_9. 徐直军：从产业想象到公司战略 _ 蔡钰·商业高手心法20讲.md	华为应对制裁的战略布局与思考			locator-only	synthesis/2026-09-12-obsidian-scan/B-management.md	
management-2d278a70ab4a	vault:processed/02_企业管理/wechat-1408240612b4.md	零售行业经营分析看板与策略指南		K2+K4+K5	locator-only	synthesis/2026-09-12-obsidian-scan/B-management.md	
management-2e6a2aff2600	vault:processed/02_企业管理/wechat-7f6cef7a8e3b.md	企业缺的不是报表，而是懂生意的财务		K1+K2+K3+K4+K6+K7	locator-only	synthesis/2026-09-12-obsidian-scan/B-management.md	
management-2ef2ccade907	vault:processed/02_企业管理/全球COE中心-人才招聘部工作环节AI化改造分析表.md	全球COE中心-人才招聘部工作环节AI化改造分析表		K8	locator-only	synthesis/2026-09-12-obsidian-scan/B-management.md	
management-2f8796711b12	vault:processed/02_企业管理/1920944507051087008_基于 Power BI 的绩效分析模型：八大模块全解析.md	Power BI绩效分析模型八大模块解析		K3+K4+K5	locator-only	synthesis/2026-09-12-obsidian-scan/B-management.md	
management-300ff492f3e3	vault:processed/02_企业管理/wechat-7a184d3e2315.md	经营分析驾驶舱构建与应用		K4+K5+K6	locator-only	synthesis/2026-09-12-obsidian-scan/B-management.md	
management-306658bfbc2b	vault:processed/02_企业管理/1913892677557194688_工业数据要素变现全景深度研报：从“设备联网”到“持续盈利”的实战路径拆解.md	工业数据变现实战路径拆解		K5+K7	locator-only	synthesis/2026-09-12-obsidian-scan/B-management.md	
management-3091088c89db	vault:processed/02_企业管理/wechat-b71cb72f85d7.md	经营分析的系统性思维与实践		K3+K4	locator-only	synthesis/2026-09-12-obsidian-scan/B-management.md	
management-30a3cc74fde5	vault:processed/02_企业管理/十四五与十五五规划对比及俄乌战争前瞻分析.md	十四五与十五五规划对比及俄乌战争前瞻分析		K8	locator-only	synthesis/2026-09-12-obsidian-scan/B-management.md	
management-31237e5b9fb6	vault:processed/02_企业管理/wechat-5ef063354b9b.md	经营分析基础：业务管理报表搭建		K4	locator-only	synthesis/2026-09-12-obsidian-scan/B-management.md	
management-31713523b250	vault:processed/02_企业管理/1915675290848869800_认领、授予和授权：怎样从“能领导”变成“是领导” _ 万维钢·现代思维⼯具100讲.md	职场领导力进阶：三步构建领导身份		K5	locator-only	synthesis/2026-09-12-obsidian-scan/B-management.md	
management-320dea91802d	vault:processed/02_企业管理/国内企业SAP ERP替换的六大核心挑战与破局路径.md	国内企业SAP ERP替换的六大核心挑战与破局路径		K7	locator-only	synthesis/2026-09-12-obsidian-scan/B-management.md	
management-3263183b62a4	vault:processed/02_企业管理/华为战略规划方法论：五看三定深度解析与实践指南.md	华为战略规划方法论：五看三定深度解析与实践指南		K8	locator-only	synthesis/2026-09-12-obsidian-scan/B-management.md	
management-330e1d4a0a0b	vault:processed/02_企业管理/“这个时代不缺钱，缺让人印象深刻特征鲜明的创业者”.md	“这个时代不缺钱，缺让人印象深刻特征鲜明的创业者”			locator-only	synthesis/2026-09-12-obsidian-scan/B-management.md	
management-333a30a5f0ac	vault:processed/02_企业管理/wechat-bc49e972cb16.md	财务BP，要多抬头看生意本身		K3+K4+K6+K7	locator-only	synthesis/2026-09-12-obsidian-scan/B-management.md	
management-33c235edc431	vault:processed/02_企业管理/1920270263758023856_8. 曹勖文：四种方式找到好的创业想法 _ 蔡钰·商业高手心法20讲.md	AI创业寻找想法的四种路径		K8	locator-only	synthesis/2026-09-12-obsidian-scan/B-management.md	
management-358f908960f3	vault:processed/02_企业管理/20220615 IT&网络汇报材料Review.md	20220615 IT&网络汇报材料Review			locator-only	synthesis/2026-09-12-obsidian-scan/B-management.md	
management-36007c8045dc	vault:processed/02_企业管理/Claude Code背后的产品思维：Anthropic高管Cat Wu揭秘AI时代PM的护城河与组织密码.md	Claude Code背后的产品思维：Anthropic高管Cat Wu揭秘AI时代PM的护城河与组织密码		K5+K8	locator-only	synthesis/2026-09-12-obsidian-scan/B-management.md	
management-37554c7acb71	vault:processed/02_企业管理/1916418105443284784_路径创造：破解路径依赖的唯一可行方法 _ 万维钢·现代思维⼯具100讲.md	路径创造：破解路径依赖的可行方法		K4+K6	locator-only	synthesis/2026-09-12-obsidian-scan/B-management.md	
management-3756160a9a06	vault:processed/02_企业管理/wechat-2e34f8a62c3b.md	经营分析基础：业务管理报表搭建		K4	locator-only	synthesis/2026-09-12-obsidian-scan/B-management.md	
management-38162400322c	vault:processed/02_企业管理/wechat-e3f8688be4ad.md	年中经营分析会七大关键问题		K3+K4+K5+K6+K7	locator-only	synthesis/2026-09-12-obsidian-scan/B-management.md	
management-3819ab2ec72f	vault:processed/02_企业管理/人才盘点—潜力.md	人才盘点—潜力			locator-only	synthesis/2026-09-12-obsidian-scan/B-management.md	
management-385f2872c63b	vault:processed/02_企业管理/20211018 菜鸟管理者大会.md	20211018 菜鸟管理者大会			locator-only	synthesis/2026-09-12-obsidian-scan/B-management.md	
management-38cdbd1ea332	vault:processed/02_企业管理/企业智能FY22 年终管理者.md	企业智能FY22 年终管理者			locator-only	synthesis/2026-09-12-obsidian-scan/B-management.md	
management-396a324962a5	vault:processed/02_企业管理/wechat-e18d891fe943.md	经营分析驾驶舱设计与应用		K4+K5+K6	locator-only	synthesis/2026-09-12-obsidian-scan/B-management.md	
management-399c76a3d678	vault:processed/02_企业管理/红杉播客·胡渊鸣深度访谈：从技术极客到AI游戏革新者的进化之路.md	红杉播客·胡渊鸣深度访谈：从技术极客到AI游戏革新者的进化之路		K8	locator-only	synthesis/2026-09-12-obsidian-scan/B-management.md	
management-39d98747f962	vault:processed/02_企业管理/销售支持助理小七的一日工作记录.md	销售支持助理小七的一日工作记录		K5	locator-only	synthesis/2026-09-12-obsidian-scan/B-management.md	
management-3a2ccfd8ff79	vault:processed/02_企业管理/公司经营架构树，是从公司经营管理需要出发对公司管理组织的分层设置，不同于人事组织，经营架构树更多的是.md	公司经营架构树，是从公司经营管理需要出发对公司管理组织的分层设置，不同于人事组织，经营架构树更多的是		K6+K7	locator-only	synthesis/2026-09-12-obsidian-scan/B-management.md	
management-3b31f72860f8	vault:processed/02_企业管理/1919643304833746272_万维钢：你躲不开政治和权力｜精英日课⁵.md	权力七规则：职场晋升与权力认知			locator-only	synthesis/2026-09-12-obsidian-scan/B-management.md	
management-3c7836287b77	vault:processed/02_企业管理/制造业数字化转型全景方案以B2建设为主线的全流程集成架构.md	制造业数字化转型全景方案以B2建设为主线的全流程集成架构		K5+K6	locator-only	synthesis/2026-09-12-obsidian-scan/B-management.md	
management-3d0909043038	vault:processed/02_企业管理/一、OKR完成情况_1.md	一、OKR完成情况		K5+K7	locator-only	synthesis/2026-09-12-obsidian-scan/B-management.md	
management-3d19604e9040	vault:processed/02_企业管理/零一万物《中国企业智能体2026六大预判》深度解析：从工具到组织的智能跃迁.md	零一万物《中国企业智能体2026六大预判》深度解析：从工具到组织的智能跃迁		K8	locator-only	synthesis/2026-09-12-obsidian-scan/B-management.md	
management-3de4d760718e	vault:processed/02_企业管理/阿里美团外卖竞争格局分析（2025年Q3财报视角）.md	阿里美团外卖竞争格局分析（2025年Q3财报视角）		K1	locator-only	synthesis/2026-09-12-obsidian-scan/B-management.md	
management-3e6aa1c38f63	vault:processed/02_企业管理/wechat-daabad7ba7b6.md	经营分析报告模板与撰写指南		K1+K2+K3+K4+K5+K6	locator-only	synthesis/2026-09-12-obsidian-scan/B-management.md	
management-3e780dc2dc73	vault:processed/02_企业管理/note_15.md	note		K4+K7	locator-only	synthesis/2026-09-12-obsidian-scan/B-management.md	
management-3e7bdd962ede	vault:processed/02_企业管理/客户退款审核处理流程图.md	客户退款审核处理流程图		K7	locator-only	synthesis/2026-09-12-obsidian-scan/B-management.md	
management-3e9beb898649	vault:processed/02_企业管理/菜小蜜AI2.0升级功能说明.md	菜小蜜AI2.0升级功能说明		K8	locator-only	synthesis/2026-09-12-obsidian-scan/B-management.md	
management-401cdac1a557	vault:processed/02_企业管理/业务线负责人应懂经营，让业务线成为经营主体.md	业务线负责人应懂经营，让业务线成为经营主体		K4+K8	locator-only	synthesis/2026-09-12-obsidian-scan/B-management.md	
management-405851a8b595	vault:processed/02_企业管理/侠客行讲师赋能.md	侠客行讲师赋能			locator-only	synthesis/2026-09-12-obsidian-scan/B-management.md	
management-40a1bc3aaf44	vault:processed/02_企业管理/note_9.md	note		K7	locator-only	synthesis/2026-09-12-obsidian-scan/B-management.md	
management-40ca6206ec9e	vault:processed/02_企业管理/经营分析会：洞察企业经营水平的窗口.md	经营分析会：洞察企业经营水平的窗口		K4+K8	locator-only	synthesis/2026-09-12-obsidian-scan/B-management.md	
management-40d10396db54	vault:processed/02_企业管理/组织效能&高效办公.md	组织效能&高效办公			locator-only	synthesis/2026-09-12-obsidian-scan/B-management.md	
management-4342ad17664c	vault:processed/02_企业管理/理想汽车_弃学华为_引发的管理反思：经营与管理的中国实践迷思.md	"理想汽车""弃学华为""引发的管理反思：经营与管理的中国实践迷思"		K8	locator-only	synthesis/2026-09-12-obsidian-scan/B-management.md	
management-437d3e5ed9ad	vault:processed/02_企业管理/wechat-19af238a60a8.md	经营分析与财务分析的核心区别		K1+K2+K3+K4+K6	locator-only	synthesis/2026-09-12-obsidian-scan/B-management.md	
management-43b5d8afe67c	vault:processed/02_企业管理/1920047596548275272_申通快递：阿里深度整合中的老牌快递企业研报分析.md	申通快递规模与盈利困局分析		K3	locator-only	synthesis/2026-09-12-obsidian-scan/B-management.md	
management-446324b2bb92	vault:processed/02_企业管理/1920573818089250688_20. 马斯克式豪赌 vs 芒格式复利：再看价值投资 _ 蔡钰·商业高手心法20讲.md	马斯克豪赌与芒格复利的投资哲学			locator-only	synthesis/2026-09-12-obsidian-scan/B-management.md	
management-48194748ccaf	vault:processed/02_企业管理/2020财年S1绩效.md	2020财年S1绩效			locator-only	synthesis/2026-09-12-obsidian-scan/B-management.md	
management-488c7ecbf02f	vault:processed/02_企业管理/AI时代中国企业出海2.0：营销范式变革与数字化竞争力重构.md	AI时代中国企业出海2.0：营销范式变革与数字化竞争力重构		K6+K8	locator-only	synthesis/2026-09-12-obsidian-scan/B-management.md	
management-48e3d482400b	vault:processed/02_企业管理/从遵义会议看领袖核心素质：方向感与决断力的决定性作用.md	从遵义会议看领袖核心素质：方向感与决断力的决定性作用		K8	locator-only	synthesis/2026-09-12-obsidian-scan/B-management.md	
management-493481ac5097	vault:processed/02_企业管理/wechat-9ea141a8262c.md	2025年度经营分析报告PPT模板		K4	locator-only	synthesis/2026-09-12-obsidian-scan/B-management.md	
management-49f3d4686a65	vault:processed/02_企业管理/新六脉案例：.md	新六脉案例：			locator-only	synthesis/2026-09-12-obsidian-scan/B-management.md	
management-4ac48a0eda70	vault:processed/02_企业管理/企业数字化核心骨架：SAP ERP组织架构设计深度解析与信创路径研究.md	企业数字化核心骨架：SAP ERP组织架构设计深度解析与信创路径研究		K1+K7+K8	locator-only	synthesis/2026-09-12-obsidian-scan/B-management.md	
management-4b547cd56eb9	vault:processed/02_企业管理/1910024093140533128_Anthropic《AI原生创业手册》深度解析：重构创业生命周期的四个阶段.md	笔记_---		K8	locator-only	synthesis/2026-09-12-obsidian-scan/B-management.md	
management-4c41413b7b92	vault:processed/02_企业管理/1916060286349116512_总理座谈会的新信号，和经济关键点的大判断 _ 马江博·政经参考（年度日更）.md	总理座谈会经济信号与政策研判		K6+K8	locator-only	synthesis/2026-09-12-obsidian-scan/B-management.md	
management-4c65bea4fbe3	vault:processed/02_企业管理/Lenny播客对谈Anthropic Cloud Code产品负责人Cat Wu：AI原生产品的PM转型、Anthropic快速增长秘诀与Cloud系列产品使用.md	Lenny播客对谈Anthropic Cloud Code产品负责人Cat Wu：AI原生产品的PM转型、Anthropic快速增长秘诀与Cloud系列产品使用指南		K3+K8	locator-only	synthesis/2026-09-12-obsidian-scan/B-management.md	
management-4cca7884a57d	vault:processed/02_企业管理/指标体系搭建方法论：从北极星到指标字典.md	指标体系搭建方法论：从北极星到指标字典的完整落地路径与模板清单	观远数据	K4+K5	locator-only	synthesis/2026-09-12-obsidian-scan/B-management.md	
management-4da2fcd22356	vault:processed/02_企业管理/1920573546431626712_18. 陈凯：识别市场操纵，远离赢不了的局 _ 蔡钰·商业高手心法20讲.md	识别庄股与市场操纵防范指南			locator-only	synthesis/2026-09-12-obsidian-scan/B-management.md	
management-4eb559edc115	vault:processed/02_企业管理/wechat-cc997c41439f.md	酒店经营分析不能只看入住率		K1+K3+K4	locator-only	synthesis/2026-09-12-obsidian-scan/B-management.md	
management-4f5586d98925	vault:processed/02_企业管理/wechat-127bfd4a77fa.md	总经理年中述职报告PPT模板		K3+K4+K6	locator-only	synthesis/2026-09-12-obsidian-scan/B-management.md	
management-4fd1efb742bb	vault:processed/02_企业管理/1912683093433842312_软预算约束：有人兜底，责任就会变形 _ 万维钢·现代思维⼯具100讲.md	软预算约束：兜底机制与责任变形		K1+K6	locator-only	synthesis/2026-09-12-obsidian-scan/B-management.md	
management-5142b8f614d4	vault:processed/02_企业管理/AI视角下信息梳理工作的矛盾性分析.md	AI视角下信息梳理工作的矛盾性分析		K8	locator-only	synthesis/2026-09-12-obsidian-scan/B-management.md	
management-516347f71a69	vault:processed/02_企业管理/wechat-066675679db2.md	驾驶舱指标体系设计方法论		K2+K3+K4+K5	locator-only	synthesis/2026-09-12-obsidian-scan/B-management.md	
management-5189c95e199e	vault:processed/02_企业管理/wechat-b4d7ce9903a7.md	2025年企业经营分析报告模板		K4	locator-only	synthesis/2026-09-12-obsidian-scan/B-management.md	
management-51a66b41328d	vault:processed/02_企业管理/菜鸟招聘数字人功能进度与介绍.md	菜鸟招聘数字人功能进度与介绍			locator-only	synthesis/2026-09-12-obsidian-scan/B-management.md	
management-51a742b73ded	vault:processed/02_企业管理/1914765045545395040_人身依附和角色责任：从前现代到现代管理 _ 万维钢·现代思维⼯具100讲.md	从人身依附到角色责任的管理演进		K4	locator-only	synthesis/2026-09-12-obsidian-scan/B-management.md	
management-527329d004c5	vault:processed/02_企业管理/1919643334897450368_《权力七规则》6：有权要赶紧用｜万维钢·精英日课⁵.md	权力使用核心策略与新官上任法则			locator-only	synthesis/2026-09-12-obsidian-scan/B-management.md	
management-531f76f7f9c8	vault:processed/02_企业管理/1910851814942356760_经营分析与财务分析的本质区别及实践指南.md	笔记_---		K3+K4+K6	locator-only	synthesis/2026-09-12-obsidian-scan/B-management.md	
management-53424acac40b	vault:processed/02_企业管理/瑞杰公司业务流程精细化管理项目深度复盘从原子化到中子级的探索.md	瑞杰公司业务流程精细化管理项目深度复盘从原子化到中子级的探索		K4+K6	locator-only	synthesis/2026-09-12-obsidian-scan/B-management.md	
management-537a56ec6f45	vault:processed/02_企业管理/一、采购业务介绍.md	一、采购业务介绍		K7	locator-only	synthesis/2026-09-12-obsidian-scan/B-management.md	
management-53f089dd6583	vault:processed/02_企业管理/菜鸟集团采购平台合规划思考与FY27产品升级规划.md	菜鸟集团采购平台合规划思考与FY27产品升级规划		K8	locator-only	synthesis/2026-09-12-obsidian-scan/B-management.md	
management-5534afe9cdcf	vault:processed/02_企业管理/OpenAI万字长谈深度解析：算力利润化与AGI战略布局.md	OpenAI万字长谈深度解析：算力利润化与AGI战略布局		K7+K8	locator-only	synthesis/2026-09-12-obsidian-scan/B-management.md	
management-55f123b853e3	vault:processed/02_企业管理/FY22企业智能人员流动数据分析.md	FY22企业智能人员流动数据分析			locator-only	synthesis/2026-09-12-obsidian-scan/B-management.md	
management-56fca7331afa	vault:processed/02_企业管理/1910668898726985552_2026《政府工作报告》：系统进入稳态 _ 蔡钰·商业参考4（年度日更）.md	笔记_---			locator-only	synthesis/2026-09-12-obsidian-scan/B-management.md	
management-57c839401a44	vault:processed/02_企业管理/2、  高P明日之星&高潜的形象素描：优秀的绩效、创新能力、聪明、持续的快速成长性是必需条件；同时，执着、格局、气场、未来成为职能….md	2、  高P明日之星&高潜的形象素描：优秀的绩效、创新能力、聪明、持续的快速成长性是必需条件；同时，执着、格局、气场、未来成为职能…			locator-only	synthesis/2026-09-12-obsidian-scan/B-management.md	
management-58b6edd8e503	vault:processed/02_企业管理/1910668401584521040_周日荐书：《做难而正确的事》，用三个故事谈谈如何找到值得创业的问题 _ 快刀广播站.md	笔记_---			locator-only	synthesis/2026-09-12-obsidian-scan/B-management.md	
management-59ba2f9c8f22	vault:processed/02_企业管理/大模型能力进化与智能体的企业落地实践.md	大模型能力进化与智能体的企业落地实践		K8	locator-only	synthesis/2026-09-12-obsidian-scan/B-management.md	
management-59e1f51da76e	vault:processed/02_企业管理/菜鸟项目列表和交付计划_1.md	菜鸟项目列表和交付计划		K6+K8	locator-only	synthesis/2026-09-12-obsidian-scan/B-management.md	
management-5a5eaaf4a997	vault:processed/02_企业管理/价值投资核心商业模式与护城河分析.md	价值投资核心商业模式与护城河分析		K3	locator-only	synthesis/2026-09-12-obsidian-scan/B-management.md	
management-5b08f0e05c52	vault:processed/02_企业管理/1919919274735025568_博世139年不上市之谜：一套三权分立的治理设计.md	博世不上市之谜：三权分立治理设计			locator-only	synthesis/2026-09-12-obsidian-scan/B-management.md	
management-5cfba88a4707	vault:processed/02_企业管理/20190820 实习生转正评审 (地网).md	20190820 实习生转正评审 (地网)			locator-only	synthesis/2026-09-12-obsidian-scan/B-management.md	
management-5d17897e01c1	vault:processed/02_企业管理/不远的个人说明书（菜鸟企业智能产品技术部）.md	不远的个人说明书（菜鸟企业智能产品技术部）		K7	locator-only	synthesis/2026-09-12-obsidian-scan/B-management.md	
management-5e13f40b29af	vault:processed/02_企业管理/1920270156383293928_7. 胡时伟：下一代企业长什么样？ _ 蔡钰·商业高手心法20讲.md	AI辅助战略决策与下一代企业构建			locator-only	synthesis/2026-09-12-obsidian-scan/B-management.md	
management-5e4b0d7e65b6	vault:processed/02_企业管理/第廿八章 高效办公影响力在菜鸟心智建设.md	第廿八章 高效办公影响力在菜鸟心智建设			locator-only	synthesis/2026-09-12-obsidian-scan/B-management.md	
management-5e9bb50104f0	vault:processed/02_企业管理/从割裂到闭环：经营分析、财务分析、数据分析的实战框架.md	从割裂到闭环：经营分析、财务分析、数据分析的实战框架	接地气的陈老师	K1+K3+K4	locator-only	synthesis/2026-09-12-obsidian-scan/B-management.md	
management-5ed34d09eed9	vault:processed/02_企业管理/中国企业管理_万能方案_迷思：从阿米巴到数字化的非理性追捧批判.md	"中国企业管理""万能方案""迷思：从阿米巴到数字化的非理性追捧批判"		K7+K8	locator-only	synthesis/2026-09-12-obsidian-scan/B-management.md	
management-5f1b29e5432b	vault:processed/02_企业管理/菜鸟CRM数字化升级方案梳理_1.md	菜鸟CRM数字化升级方案梳理		K7+K8	locator-only	synthesis/2026-09-12-obsidian-scan/B-management.md	
management-602370665fab	vault:processed/02_企业管理/ALIEDIM模型.md	ALIEDIM模型			locator-only	synthesis/2026-09-12-obsidian-scan/B-management.md	
management-602b45e0ccbe	vault:processed/02_企业管理/1、需求汇总情况.md	1、需求汇总情况		K8	locator-only	synthesis/2026-09-12-obsidian-scan/B-management.md	
management-60374946a46d	vault:processed/02_企业管理/1911120364215737968_效果推理：不知道该干什么的时候该干什么 _ 万维钢·现代思维⼯具100讲.md	笔记_---		K5	locator-only	synthesis/2026-09-12-obsidian-scan/B-management.md	
management-60600a5109a3	vault:processed/02_企业管理/FY27采资法全链路提效（含AI）规划及进展同步.md	FY27采资法全链路提效（含AI）规划及进展同步		K6+K7	locator-only	synthesis/2026-09-12-obsidian-scan/B-management.md	
management-609f53e1a0dc	vault:processed/02_企业管理/wechat-0b4b5760cf4b.md	经营分析进阶：从摆数字到促决策		K1+K3+K4+K6	locator-only	synthesis/2026-09-12-obsidian-scan/B-management.md	
management-6152f1a7e9bf	vault:processed/02_企业管理/wechat-b2f956aa7e20.md	门店经营分析的核心业务场景		K3+K4+K5	locator-only	synthesis/2026-09-12-obsidian-scan/B-management.md	
management-62a5d1a9c25c	vault:processed/02_企业管理/商业模式与投资逻辑深度解析从毛利率与净利率看企业护城河.md	商业模式与投资逻辑深度解析从毛利率与净利率看企业护城河		K3	locator-only	synthesis/2026-09-12-obsidian-scan/B-management.md	
management-62d9a08a2788	vault:processed/02_企业管理/1917313541699466512_华尔街围猎AI神童：450亿基金36小时爆仓全复盘.md	华尔街围猎AI基金爆仓始末		K4	locator-only	synthesis/2026-09-12-obsidian-scan/B-management.md	
management-62e5cdcf3c23	vault:processed/02_企业管理/1913235746203533656_非预期后果：好意图怎么会带来坏结果？ _ 万维钢·现代思维⼯具100讲.md	非预期后果：好意图为何导致坏结果			locator-only	synthesis/2026-09-12-obsidian-scan/B-management.md	
management-63405e9e86f3	vault:processed/02_企业管理/1910633159230557928_Cloudflare AI驱动裁员事件深度分析：德鲁克框架下的_度量者_替代革命.md	笔记_---		K8	locator-only	synthesis/2026-09-12-obsidian-scan/B-management.md	
management-63a10917729e	vault:processed/02_企业管理/开好经营分析会：CEO必须具备的三大核心能力.md	开好经营分析会：CEO必须具备的三大核心能力		K4+K6+K8	locator-only	synthesis/2026-09-12-obsidian-scan/B-management.md	
management-63e52bbaf18c	vault:processed/02_企业管理/1919643319865064832_《权力七规则》3：维护你的形象｜万维钢·精英日课⁵.md	权力形象维护与领导力塑造			locator-only	synthesis/2026-09-12-obsidian-scan/B-management.md	
management-647a2b4f69a0	vault:processed/02_企业管理/1912250488221991528_激励相容：好的制度不应该指望人“畏威怀德” _ 万维钢·现代思维⼯具100讲.md	激励相容：制度设计的人性智慧			locator-only	synthesis/2026-09-12-obsidian-scan/B-management.md	
management-66209a55cf60	vault:processed/02_企业管理/汇报人 佬方（姚欣媛）.md	汇报人 佬方（姚欣媛）			locator-only	synthesis/2026-09-12-obsidian-scan/B-management.md	
management-667377f47a2b	vault:processed/02_企业管理/Block公司AI驱动组织变革深度解析：从层级制到_迷你AGI_的激进转型.md	"Block公司AI驱动组织变革深度解析：从层级制到""迷你AGI""的激进转型"		K3+K8	locator-only	synthesis/2026-09-12-obsidian-scan/B-management.md	
management-672a050b4ff3	vault:processed/02_企业管理/wechat-e6369c6217a5.md	经营分析：如何获取行业标准值		K3+K4+K5+K6	locator-only	synthesis/2026-09-12-obsidian-scan/B-management.md	
management-68eea1553cb0	vault:processed/02_企业管理/wechat-b180545d01a2.md	基于价值链的经营分析实战案例		K1+K3+K4+K5	locator-only	synthesis/2026-09-12-obsidian-scan/B-management.md	
management-69affaa143f2	vault:processed/02_企业管理/[星星转动] _Part2_：菜鸟集团文档知识库管理规范 [星星转动].md	[星星转动] _Part2_：菜鸟集团文档知识库管理规范 [星星转动]			locator-only	synthesis/2026-09-12-obsidian-scan/B-management.md	
management-6a09bfdbc966	vault:processed/02_企业管理/任正非：华为不惧挑战，才能走得更远.md	任正非：华为不惧挑战，才能走得更远		K7	locator-only	synthesis/2026-09-12-obsidian-scan/B-management.md	
management-6a1cb964d7ea	vault:processed/02_企业管理/果断决策是领导“魄力”的具体体现.md	果断决策是领导“魄力”的具体体现			locator-only	synthesis/2026-09-12-obsidian-scan/B-management.md	
management-6a8a52b6431e	vault:processed/02_企业管理/1920507546742486064_11. 黄仁勋：夹缝中，如何活下去、活得好？ _ 蔡钰·商业高手心法20讲.md	黄仁勋与英伟达的AI战略及商业心法		K8	locator-only	synthesis/2026-09-12-obsidian-scan/B-management.md	
management-6afb44d89456	vault:processed/02_企业管理/全球COE中心-人才招聘部AI替代效率分析表.md	全球COE中心-人才招聘部AI替代效率分析表		K6+K7+K8	locator-only	synthesis/2026-09-12-obsidian-scan/B-management.md	
management-6b25bedc7910	vault:processed/02_企业管理/1911218867141921456_沃德利地图：独一无二的自己做，能外包的尽量外包 _ 万维钢·现代思维⼯具100讲.md	笔记_---		K5+K6+K8	locator-only	synthesis/2026-09-12-obsidian-scan/B-management.md	
management-6b6803cfbc52	vault:processed/02_企业管理/你的核心运作流程如下：_1.md	你的核心运作流程如下：		K4	locator-only	synthesis/2026-09-12-obsidian-scan/B-management.md	
management-6b963ee05da9	vault:processed/02_企业管理/1915135826850517192_委托—代理问题：不懂这一条，看组织永远像看宫斗剧 _ 万维钢·现代思维⼯具100讲.md	委托代理问题的本质与现代解法		K4+K6	locator-only	synthesis/2026-09-12-obsidian-scan/B-management.md	
management-6c2c28e48388	vault:processed/02_企业管理/FY26菜鸟流程整体分析报告.md	FY26菜鸟流程整体分析报告		K5+K6+K7+K8	locator-only	synthesis/2026-09-12-obsidian-scan/B-management.md	
management-6cd75dd320c9	vault:processed/02_企业管理/这个和收税的最高境界“拔了鹅毛.md	这个和收税的最高境界“拔了鹅毛，鹅却没感觉到疼”的内核精髓其实是一样的			locator-only	synthesis/2026-09-12-obsidian-scan/B-management.md	
management-6d3f1709e32e	vault:processed/02_企业管理/团队组织文化设计方案（V2.md	团队组织文化设计方案（V2		K4+K5	locator-only	synthesis/2026-09-12-obsidian-scan/B-management.md	
management-6d9370a30095	vault:processed/02_企业管理/One合同AI助手采购合同全流程改造项目汇总.md	One合同AI助手采购合同全流程改造项目汇总		K3+K7+K8	locator-only	synthesis/2026-09-12-obsidian-scan/B-management.md	
management-6f10a0f78896	vault:processed/02_企业管理/20200610 菜鸟组织治理升级项目进度.md	20200610 菜鸟组织治理升级项目进度		K1+K7	locator-only	synthesis/2026-09-12-obsidian-scan/B-management.md	
management-6ff5732828d0	vault:processed/02_企业管理/1918977622482760224_得到精选｜一家卖披萨的，凭什么跑赢苹果和谷歌？.md	传统企业对抗科技巨头的竞争策略		K8	locator-only	synthesis/2026-09-12-obsidian-scan/B-management.md	
management-7076c8bf5f71	vault:processed/02_企业管理/阿里巴巴旗下的菜鸟网络科技有限公司，依托阿里强大的技术和业务体系。.md	阿里巴巴旗下的菜鸟网络科技有限公司，依托阿里强大的技术和业务体系。			locator-only	synthesis/2026-09-12-obsidian-scan/B-management.md	
management-70aa10682a82	vault:processed/02_企业管理/FY19绩效沟通安排.md	FY19绩效沟通安排			locator-only	synthesis/2026-09-12-obsidian-scan/B-management.md	
management-72313b7b8fa2	vault:processed/02_企业管理/团建&团队文化.md	团建&团队文化			locator-only	synthesis/2026-09-12-obsidian-scan/B-management.md	
management-734ef543727c	vault:processed/02_企业管理/本次疫情带来的思考.md	本次疫情带来的思考			locator-only	synthesis/2026-09-12-obsidian-scan/B-management.md	
management-734f273471b1	vault:processed/02_企业管理/AI赋能SRM采购管理体系全架构记录.md	AI赋能SRM采购管理体系全架构记录			locator-only	synthesis/2026-09-12-obsidian-scan/B-management.md	
management-7512b06a5bdd	vault:processed/02_企业管理/AI战略项目复盘.md	AI战略项目复盘		K4+K8	locator-only	synthesis/2026-09-12-obsidian-scan/B-management.md	
management-75710f203b36	vault:processed/02_企业管理/1911552543151546000_蚂蚁集团三代CTO巅峰对话：AI变革下的战略传承与组织进化.md	笔记_---		K8	locator-only	synthesis/2026-09-12-obsidian-scan/B-management.md	
management-75b0e8837ec7	vault:processed/02_企业管理/管理和教育的“道”有些类似.md	管理和教育的“道”有些类似，都是“功夫在之外”			locator-only	synthesis/2026-09-12-obsidian-scan/B-management.md	
management-75fa0d467612	vault:processed/02_企业管理/1912853315873069328_企业中后台效能危机：从支撑系统到消耗系统的致命蜕变.md	企业中后台效能提升与考核优化		K4+K6	locator-only	synthesis/2026-09-12-obsidian-scan/B-management.md	
management-76515b54e5a5	vault:processed/02_企业管理/FinOps阿里云成本管理实践手册 -- 什么是FinOps.md	FinOps阿里云成本管理实践手册 -- 什么是FinOps		K6	locator-only	synthesis/2026-09-12-obsidian-scan/B-management.md	
management-768f2e2fcffb	vault:processed/02_企业管理/人力资源数据化转型系列课程.md	人力资源数据化转型系列课程			locator-only	synthesis/2026-09-12-obsidian-scan/B-management.md	
management-76a61b4deaf0	vault:processed/02_企业管理/1920138795883322816_003｜消费小趋势：抽象大赛与积木式社交 _ 蔡钰·商业参考5.md	消费小趋势：抽象大赛与积木式社交			locator-only	synthesis/2026-09-12-obsidian-scan/B-management.md	
management-76dc07191bf3	vault:processed/02_企业管理/wechat-653bef7807b5.md	经营分析：五步做好行业对标		K2+K3+K4+K5+K6+K8	locator-only	synthesis/2026-09-12-obsidian-scan/B-management.md	
management-77ec6e7bbd98	vault:processed/02_企业管理/菜鸟集团OKR完成情况一览.md	菜鸟集团OKR完成情况一览		K7+K8	locator-only	synthesis/2026-09-12-obsidian-scan/B-management.md	
management-78549021e52a	vault:processed/02_企业管理/20210425 鲁肃的绩效review.md	20210425 鲁肃的绩效review		K7	locator-only	synthesis/2026-09-12-obsidian-scan/B-management.md	
management-7870825d7fed	vault:processed/02_企业管理/蚂蚁AI驱动客户服务资源结构化升级方案.md	蚂蚁AI驱动客户服务资源结构化升级方案		K8	locator-only	synthesis/2026-09-12-obsidian-scan/B-management.md	
management-78b316233474	vault:processed/02_企业管理/1909654630388878184_Stripe年薪20万美元招“AI游走位”：用AI重写岗位工作方式 _ 快刀广播站.md	笔记_---		K8	locator-only	synthesis/2026-09-12-obsidian-scan/B-management.md	
management-7992b81d4026	vault:processed/02_企业管理/六、新的三年规划与思考.md	六、新的三年规划与思考		K8	locator-only	synthesis/2026-09-12-obsidian-scan/B-management.md	
management-7a0775414321	vault:processed/02_企业管理/三、采资法--小额采购提效、大额采购合规、合同八合一.md	三、采资法--小额采购提效、大额采购合规、合同八合一		K7	locator-only	synthesis/2026-09-12-obsidian-scan/B-management.md	
management-7a500c114edd	vault:processed/02_企业管理/1920182415570656704_人才密度深度解析：从Netflix裁员意外发现到现代企业管理实践.md	人才密度解析与团队管理实践		K4+K6+K8	locator-only	synthesis/2026-09-12-obsidian-scan/B-management.md	
management-7bd44518d4d5	vault:processed/02_企业管理/1920568454747390648_16. 梁优：把用户卷入内容与情绪共创 _ 蔡钰·商业高手心法20讲.md	跳海酒馆去中心化运营与情绪共创			locator-only	synthesis/2026-09-12-obsidian-scan/B-management.md	
management-7bdc0bf7543b	vault:processed/02_企业管理/wechat-f3d19e002849.md	如何搭建高质量的经营指标体系		K1+K2+K3+K4+K5	locator-only	synthesis/2026-09-12-obsidian-scan/B-management.md	
management-7cc5e31cc7f5	vault:processed/02_企业管理/菜鸟网络股权架构整理.md	菜鸟网络股权架构整理		K8	locator-only	synthesis/2026-09-12-obsidian-scan/B-management.md	
management-7ef2721c5f04	vault:processed/02_企业管理/1910668337160535888_关于黄仁勋访谈的八条笔记，全球最大的AI瓶颈是水管工 _ 快刀广播站.md	笔记_---		K8	locator-only	synthesis/2026-09-12-obsidian-scan/B-management.md	
management-7f99380db064	vault:processed/02_企业管理/1915675286553396520_生成：最高级的创造 _ 万维钢·现代思维⼯具100讲.md	生成思维：构建自演化系统的核心法则			locator-only	synthesis/2026-09-12-obsidian-scan/B-management.md	
management-8021a5443a4a	vault:processed/02_企业管理/note_4.md	note		K7	locator-only	synthesis/2026-09-12-obsidian-scan/B-management.md	
management-802cc2d2781c	vault:processed/02_企业管理/20190606 晋升评审 6-7(IOT技术部).md	20190606 晋升评审 6-7(IOT技术部)			locator-only	synthesis/2026-09-12-obsidian-scan/B-management.md	
management-8045124f818d	vault:processed/02_企业管理/菜鸟采购AI助手方案介绍.md	菜鸟采购AI助手方案介绍		K7+K8	locator-only	synthesis/2026-09-12-obsidian-scan/B-management.md	
management-8153aecf2eed	vault:processed/02_企业管理/1910668871883439952_得到头条｜黄仁勋一直说的“Token经济学”，到底是什么意思？.md	笔记_---		K8	locator-only	synthesis/2026-09-12-obsidian-scan/B-management.md	
management-81c46da2b648	vault:processed/02_企业管理/高P职场进阶三大顶级思维：从生态整合到造梦能力.md	高P职场进阶三大顶级思维：从生态整合到造梦能力		K8	locator-only	synthesis/2026-09-12-obsidian-scan/B-management.md	
management-81d218e02e7d	vault:processed/02_企业管理/1920855313465146136_XX集团2026年1-8月销售经营全景深度分析.md	集团销售经营全景深度分析		K3+K4	locator-only	synthesis/2026-09-12-obsidian-scan/B-management.md	
management-81f1753f0671	vault:processed/02_企业管理/商业护城河与硬折扣战略深度分析从心智渗透到零售本质.md	商业护城河与硬折扣战略深度分析从心智渗透到零售本质			locator-only	synthesis/2026-09-12-obsidian-scan/B-management.md	
management-8211bc7526f7	vault:processed/02_企业管理/1920143801667140688_2. 刘元春：怎样分析中国经济？ _ 蔡钰·商业高手心法20讲.md	刘元春中国经济分析与思考框架			locator-only	synthesis/2026-09-12-obsidian-scan/B-management.md	
management-825ce2866c0d	vault:processed/02_企业管理/结算资金域—组织架构和招聘情况一览.md	结算资金域—组织架构和招聘情况一览		K7	locator-only	synthesis/2026-09-12-obsidian-scan/B-management.md	
management-83c3e496c2bd	vault:processed/02_企业管理/组织进一步扁平化，3年后管理配比达到1.md	组织进一步扁平化，3年后管理配比达到1		K5+K7	locator-only	synthesis/2026-09-12-obsidian-scan/B-management.md	
management-861028aeefdb	vault:processed/02_企业管理/战略范式与组织进化：从美苏争霸到AT大战的底层逻辑解析.md	战略范式与组织进化：从美苏争霸到AT大战的底层逻辑解析		K8	locator-only	synthesis/2026-09-12-obsidian-scan/B-management.md	
management-87665f55a095	vault:processed/02_企业管理/中国ToB软件行业_Ontology热_深度分析：营销泡沫还是技术革新？.md	"中国ToB软件行业""Ontology热""深度分析：营销泡沫还是技术革新？"		K7+K8	locator-only	synthesis/2026-09-12-obsidian-scan/B-management.md	
management-87e2115dd7fb	vault:processed/02_企业管理/20200429 万霖组织治理升级项目沟通会.md	20200429 万霖组织治理升级项目沟通会		K7	locator-only	synthesis/2026-09-12-obsidian-scan/B-management.md	
management-87f4460a15b3	vault:processed/02_企业管理/1920143585844546408_1. 达利欧：经济机器是怎样运行的？ _ 蔡钰·商业高手心法20讲.md	达利欧信贷与经济周期模型解析		K1	locator-only	synthesis/2026-09-12-obsidian-scan/B-management.md	
management-882f5240f6d9	vault:processed/02_企业管理/1920363132761601824_007｜文旅小趋势：为“在地深度交情”买单 _ 蔡钰·商业参考5.md	文旅消费趋势：为在地深度体验买单			locator-only	synthesis/2026-09-12-obsidian-scan/B-management.md	
management-884d98c0a63a	vault:processed/02_企业管理/IBM经营困境深度解析：治理结构滞后与转型迷局.md	IBM经营困境深度解析：治理结构滞后与转型迷局		K8	locator-only	synthesis/2026-09-12-obsidian-scan/B-management.md	
management-897fa5fb2621	vault:processed/02_企业管理/资&金团队招聘情况-20171204.md	资&金团队招聘情况-20171204			locator-only	synthesis/2026-09-12-obsidian-scan/B-management.md	
management-89b12c8bd31d	vault:processed/02_企业管理/wechat-364dfaae1478.md	经营分析与财务分析的本质差异		K1+K3+K4+K5+K6	locator-only	synthesis/2026-09-12-obsidian-scan/B-management.md	
management-8b2754a10cbe	vault:processed/02_企业管理/人员精细化管理 - 众包.md	人员精细化管理 - 众包		K7	locator-only	synthesis/2026-09-12-obsidian-scan/B-management.md	
management-8be6106d082a	vault:processed/02_企业管理/阿里怎么发工资？自研薪酬管理系统首次曝光.md	阿里怎么发工资？自研薪酬管理系统首次曝光		K7	locator-only	synthesis/2026-09-12-obsidian-scan/B-management.md	
management-8c41e993b1c5	vault:processed/02_企业管理/经验=“经历”+“检验”.md	经验=“经历”+“检验”			locator-only	synthesis/2026-09-12-obsidian-scan/B-management.md	
management-8cb44557e4ab	vault:processed/02_企业管理/安全感.md	安全感		K4	locator-only	synthesis/2026-09-12-obsidian-scan/B-management.md	
management-8cbb6b2dfa5e	vault:processed/02_企业管理/郭士纳与IBM转型：整合管理的巅峰与历史局限.md	郭士纳与IBM转型：整合管理的巅峰与历史局限		K8	locator-only	synthesis/2026-09-12-obsidian-scan/B-management.md	
management-8ccb8ead72bf	vault:processed/02_企业管理/1909558043017536312_关于黄仁勋访谈的八条笔记，全球最大的AI瓶颈是水管工 _ 快刀广播站.md	笔记_---		K8	locator-only	synthesis/2026-09-12-obsidian-scan/B-management.md	
management-8cda066cc9db	vault:processed/02_企业管理/【猎鹰8号】VUCA时代的阿里架构师 杨普.md	【猎鹰8号】VUCA时代的阿里架构师 杨普			locator-only	synthesis/2026-09-12-obsidian-scan/B-management.md	
management-8d1f20ab0fdd	vault:processed/02_企业管理/wechat-a689e425256f.md	经营分析五步闭环法：从发现到解决		K1+K4+K5+K6	locator-only	synthesis/2026-09-12-obsidian-scan/B-management.md	
management-8d5411288df9	vault:processed/02_企业管理/平台技术深圳专场.md	平台技术深圳专场			locator-only	synthesis/2026-09-12-obsidian-scan/B-management.md	
management-8d678f77d9e9	vault:processed/02_企业管理/1911276819136694960_AI时代管理咨询行业的价值重构：为何咨询顾问不会被颠覆.md	笔记_---		K8	locator-only	synthesis/2026-09-12-obsidian-scan/B-management.md	
management-8e87b6154683	vault:processed/02_企业管理/价值投资的底层逻辑与未来十年行业趋势洞察.md	价值投资的底层逻辑与未来十年行业趋势洞察			locator-only	synthesis/2026-09-12-obsidian-scan/B-management.md	
management-8eb3bd83b766	vault:processed/02_企业管理/IBM经营困境深度解析治理结构滞后与转型迷局_1.md	IBM经营困境深度解析治理结构滞后与转型迷局			locator-only	synthesis/2026-09-12-obsidian-scan/B-management.md	
management-8ed14558835c	vault:processed/02_企业管理/FY22 新财年 CTO线核心战略和OKR发布！.md	FY22 新财年 CTO线核心战略和OKR发布！			locator-only	synthesis/2026-09-12-obsidian-scan/B-management.md	
management-91239117bb10	vault:processed/02_企业管理/企业运营智能化发展全景：从流程自动化到智能体式编排的演进与架构.md	企业运营智能化发展全景：从流程自动化到智能体式编排的演进与架构		K8	locator-only	synthesis/2026-09-12-obsidian-scan/B-management.md	
management-921a98f1f62c	vault:processed/02_企业管理/和今天的公司治理结构何其相似只有创始人才重视公司利益.md	和今天的公司治理结构何其相似？只有创始人才重视公司利益，各个部门一把手只在乎部门利益，而职业经理人千			locator-only	synthesis/2026-09-12-obsidian-scan/B-management.md	
management-94bf8fbb47fe	vault:processed/02_企业管理/1910119984726684592_Why senior developers fail to communicate their expertise.md	笔记_---		K5+K8	locator-only	synthesis/2026-09-12-obsidian-scan/B-management.md	
management-951f8cb312e8	vault:processed/02_企业管理/简单来说，这个事情本身很重复和琐碎，做好了又是个价值不大的.md	最近我用下来，觉得以前信息太分散，很多数据缺失和零散，所以人工梳理+沉淀个规则是个工作量很大，但是价			locator-only	synthesis/2026-09-12-obsidian-scan/B-management.md	
management-957475b5cd1c	vault:processed/02_企业管理/IT领导力模型：从技术支持到价值创造的转型框架.md	IT领导力模型：从技术支持到价值创造的转型框架		K6+K8	locator-only	synthesis/2026-09-12-obsidian-scan/B-management.md	
management-95d1fcec2abb	vault:processed/02_企业管理/客户余额调账类型及所需附件要求.md	客户余额调账类型及所需附件要求			locator-only	synthesis/2026-09-12-obsidian-scan/B-management.md	
management-96057c46097c	vault:processed/02_企业管理/一个人的长处往往也是他的短处.md	一个人的长处往往也是他的短处，所以并没有什么优点和缺点的明确定义。找到扬长避短的方法学而不是去简单的			locator-only	synthesis/2026-09-12-obsidian-scan/B-management.md	
management-966e807dae43	vault:processed/02_企业管理/国内企业SAP ERP替换的六大核心挑战与破局路径_2.md	国内企业SAP ERP替换的六大核心挑战与破局路径		K7+K8	locator-only	synthesis/2026-09-12-obsidian-scan/B-management.md	
management-96bf91476c6e	vault:processed/02_企业管理/wechat-6e78d5b7bd87.md	经营分析的关键是路径分析		K3+K4+K5+K6+K7+K8	locator-only	synthesis/2026-09-12-obsidian-scan/B-management.md	
management-97051743d8ca	vault:processed/02_企业管理/当前阶段，国家对于“互联网超级平台”的定义.md	当前阶段，国家对于“互联网超级平台”的定义			locator-only	synthesis/2026-09-12-obsidian-scan/B-management.md	
management-983a88fb0d6f	vault:processed/02_企业管理/一文搞懂经营分析：模型、策略、业财打通.md	一文搞懂“经营分析”：模型、策略、业财打通	接地气的陈老师	K3+K4+K7	locator-only	synthesis/2026-09-12-obsidian-scan/B-management.md	
management-9852df7a3648	vault:processed/02_企业管理/企业ERP组织架构设计深度剖析SAP的数字脊柱与信创替代路径.md	企业ERP组织架构设计深度剖析SAP的数字脊柱与信创替代路径		K7	locator-only	synthesis/2026-09-12-obsidian-scan/B-management.md	
management-98fbcb3af2a5	vault:processed/02_企业管理/菜鸟企业智能Agent知识库沉淀.md	菜鸟企业智能Agent知识库沉淀		K4+K5	locator-only	synthesis/2026-09-12-obsidian-scan/B-management.md	
management-99210d019979	vault:processed/02_企业管理/20200605 菜鸟生态组织治理体系.md	20200605 菜鸟生态组织治理体系		K7	locator-only	synthesis/2026-09-12-obsidian-scan/B-management.md	
management-9abf95923a22	vault:processed/02_企业管理/1910668915907536248_李丰：2026年的中国AI产业趋势（下） _ 蔡钰·商业参考4（年度日更）.md	笔记_---		K8	locator-only	synthesis/2026-09-12-obsidian-scan/B-management.md	
management-9bb1ce95b4e7	vault:processed/02_企业管理/工作目标发生了塌缩，从服务客户，变为了完成自己的任务.md	工作目标发生了塌缩，从服务客户，变为了完成自己的任务		K8	locator-only	synthesis/2026-09-12-obsidian-scan/B-management.md	
management-9c1b12b4ab81	vault:processed/02_企业管理/1916060265946973280_问答：怎样在没有正式授权的时候主动认领难题？ _ 万维钢·现代思维⼯具100讲.md	无授权主动认领难题与组织管理		K8	locator-only	synthesis/2026-09-12-obsidian-scan/B-management.md	
management-9c3d159f1c2c	vault:processed/02_企业管理/校招的攻略.md	校招的攻略		K7	locator-only	synthesis/2026-09-12-obsidian-scan/B-management.md	
management-9c70d37e6e34	vault:processed/02_企业管理/wechat-1b2b2bef6f64.md	经营分析：如何做到快准狠		K2+K3+K4+K5	locator-only	synthesis/2026-09-12-obsidian-scan/B-management.md	
management-9dab47f07708	vault:processed/02_企业管理/1910668042955276112_经济租：赚钱的秘密 _ 万维钢·现代思维⼯具100讲.md	笔记_---			locator-only	synthesis/2026-09-12-obsidian-scan/B-management.md	
management-9db77799fca1	vault:processed/02_企业管理/wechat-627a1b5f40e0.md	经营分析PPT模板与汇报指南		K3+K4+K5+K6	locator-only	synthesis/2026-09-12-obsidian-scan/B-management.md	
management-9e4b617bae3b	vault:processed/02_企业管理/wechat-589432519488.md	经营分析汇报PPT框架与实操指南		K2+K3+K4+K5+K6	locator-only	synthesis/2026-09-12-obsidian-scan/B-management.md	
management-9e54d93c13fb	vault:processed/02_企业管理/菜鸟法务合同AI助手方案说明.md	菜鸟法务合同AI助手方案说明		K7+K8	locator-only	synthesis/2026-09-12-obsidian-scan/B-management.md	
management-9f1b87ad94c5	vault:processed/02_企业管理/2021-05-13 《招聘解聘》 (讲师钟大为(不远)).md	2021-05-13 《招聘解聘》 (讲师钟大为(不远))			locator-only	synthesis/2026-09-12-obsidian-scan/B-management.md	
management-9f9eb9bf6b35	vault:processed/02_企业管理/wechat-4f7bd9de5af0.md	数据分析赋能零售业经营效率提升		K2	locator-only	synthesis/2026-09-12-obsidian-scan/B-management.md	
management-a083f0e0b073	vault:processed/02_企业管理/共享服务中心.md	共享服务中心			locator-only	synthesis/2026-09-12-obsidian-scan/B-management.md	
management-a0b4df8eab6f	vault:processed/02_企业管理/1919661165454146864_一财商学院：宠物行业野蛮生长结束，专业红利刚开始 _ 刘润·商业报告解读（年度日更）.md	宠物行业市场规模与消费趋势洞察		K6	locator-only	synthesis/2026-09-12-obsidian-scan/B-management.md	
management-a123c2307dd7	vault:processed/02_企业管理/菜鸟人力资源与行政管理体系FY22规划.md	菜鸟人力资源与行政管理体系FY22规划		K7	locator-only	synthesis/2026-09-12-obsidian-scan/B-management.md	
management-a12448a7f274	vault:processed/02_企业管理/1909941615809105744_ERP系统全景解析：从基础认知到选型实施的实战指南.md	笔记_---		K5+K7	locator-only	synthesis/2026-09-12-obsidian-scan/B-management.md	
management-a1a24acf589a	vault:processed/02_企业管理/企业ERP组织架构设计深度剖析：SAP的数字脊柱与信创替代路径.md	企业ERP组织架构设计深度剖析：SAP的数字脊柱与信创替代路径		K7+K8	locator-only	synthesis/2026-09-12-obsidian-scan/B-management.md	
management-a27886ebc5e7	vault:processed/02_企业管理/1914761337915401056_软预算约束：有人兜底，责任就会变形 _ 万维钢·现代思维⼯具100讲.md	软预算约束：兜底机制与责任变形		K6	locator-only	synthesis/2026-09-12-obsidian-scan/B-management.md	
management-a2d853c3f676	vault:processed/02_企业管理/企业AI转型的认知陷阱与破局之道：从技术迷雾到价值落地.md	企业AI转型的认知陷阱与破局之道：从技术迷雾到价值落地		K6+K8	locator-only	synthesis/2026-09-12-obsidian-scan/B-management.md	
management-a2dfe1864e38	vault:processed/02_企业管理/【年度观察】关于AI，3个被低估的真相和3个未来判断 _ 快刀广播站.md	【年度观察】关于AI，3个被低估的真相和3个未来判断 | 快刀广播站		K8	locator-only	synthesis/2026-09-12-obsidian-scan/B-management.md	
management-a34f044b2ed4	vault:processed/02_企业管理/老方菜鸟流程治理项目晋升答辩记录.md	老方菜鸟流程治理项目晋升答辩记录		K7+K8	locator-only	synthesis/2026-09-12-obsidian-scan/B-management.md	
management-a3cd0bd3fd34	vault:processed/02_企业管理/从企业投诉事件到价值投资本质基于段永平企业文化理念的深度剖析.md	从企业投诉事件到价值投资本质基于段永平企业文化理念的深度剖析			locator-only	synthesis/2026-09-12-obsidian-scan/B-management.md	
management-a5327fee4970	vault:processed/02_企业管理/组织形态与战略选择从美苏争霸到阿里腾讯的生存哲学演变.md	组织形态与战略选择从美苏争霸到阿里腾讯的生存哲学演变		K8	locator-only	synthesis/2026-09-12-obsidian-scan/B-management.md	
management-a5a7f240945b	vault:processed/02_企业管理/复杂是成熟的代价，冗余是健壮的成本.md	复杂是成熟的代价，冗余是健壮的成本。任正非说：矩阵式管理结构，是公司的唯一出路，公司所有的制度都应有		K8	locator-only	synthesis/2026-09-12-obsidian-scan/B-management.md	
management-a6a7077e022f	vault:processed/02_企业管理/1919643340266126624_《权力七规则》7：「原罪」会被原谅（完）｜万维钢·精英日课⁵.md	权力七规则：原罪为何会被原谅			locator-only	synthesis/2026-09-12-obsidian-scan/B-management.md	
management-a7a705dd83f6	vault:processed/02_企业管理/三、FY23 财务数据.md	三、FY23 财务数据		K6+K8	locator-only	synthesis/2026-09-12-obsidian-scan/B-management.md	
management-aa3ea63a063a	vault:processed/02_企业管理/1910668804237862264_258｜ “需求先于供给觉醒”，到底指什么？（上）  _ 蔡钰·商业参考4（年度日更）.md	笔记_---			locator-only	synthesis/2026-09-12-obsidian-scan/B-management.md	
management-ab52af5c480e	vault:processed/02_企业管理/高级销售代表销冠的一天工作流程梳理.md	高级销售代表销冠的一天工作流程梳理			locator-only	synthesis/2026-09-12-obsidian-scan/B-management.md	
management-ab7a267edd85	vault:processed/02_企业管理/菜小蜜AI HR智能服务体系框架.md	菜小蜜AI HR智能服务体系框架		K5+K8	locator-only	synthesis/2026-09-12-obsidian-scan/B-management.md	
management-ac63be852ba5	vault:processed/02_企业管理/业务执行范式：破解企业数字化转型中的架构错配困局.md	业务执行范式：破解企业数字化转型中的架构错配困局		K7+K8	locator-only	synthesis/2026-09-12-obsidian-scan/B-management.md	
management-ac67c76e8117	vault:processed/02_企业管理/经营分析会：业务线应成为真正的经营主体.md	经营分析会：业务线应成为真正的经营主体		K4+K8	locator-only	synthesis/2026-09-12-obsidian-scan/B-management.md	
management-ad168667dcc0	vault:processed/02_企业管理/核实一：2月5日当天刘政和安全、HR同学沟通具体信息和经过.md	核实一：2月5日当天刘政和安全、HR同学沟通具体信息和经过		K7	locator-only	synthesis/2026-09-12-obsidian-scan/B-management.md	
management-ad8320923907	vault:processed/02_企业管理/写在前面：截止0120进展同步.md	写在前面：截止0120进展同步		K7+K8	locator-only	synthesis/2026-09-12-obsidian-scan/B-management.md	
management-ae738070d668	vault:processed/02_企业管理/通用采购合同全模块字段填写要求统计.md	通用采购合同全模块字段填写要求统计		K7	locator-only	synthesis/2026-09-12-obsidian-scan/B-management.md	
management-aec405a74529	vault:processed/02_企业管理/1904740484502445592_.md	|     |     |     |     |			locator-only	synthesis/2026-09-12-obsidian-scan/B-management.md	
management-af0a4c6ee799	vault:processed/02_企业管理/wechat-777b2e76871b.md	公司衰败的开始：向财务要利润		K3+K4	locator-only	synthesis/2026-09-12-obsidian-scan/B-management.md	
management-b02e3a1a5fef	vault:processed/02_企业管理/note_5.md	note		K7	locator-only	synthesis/2026-09-12-obsidian-scan/B-management.md	
management-b0308da49c0c	vault:processed/02_企业管理/wechat-43512965a47b.md	季度经营分析报告模板指南		K1+K2+K3+K4+K8	locator-only	synthesis/2026-09-12-obsidian-scan/B-management.md	
management-b0b52d857c22	vault:processed/02_企业管理/note_10_1.md	note		K5+K7	locator-only	synthesis/2026-09-12-obsidian-scan/B-management.md	
management-b181a8716252	vault:processed/02_企业管理/wechat-180c6d8d25aa.md	基于平衡计分卡的经营分析框架		K2+K3+K4+K5	locator-only	synthesis/2026-09-12-obsidian-scan/B-management.md	
management-b1b0af29400e	vault:processed/02_企业管理/三年陈邮件.md	三年陈邮件			locator-only	synthesis/2026-09-12-obsidian-scan/B-management.md	
management-b2696b347301	vault:processed/02_企业管理/【猎鹰计划】CTO的自我修养 鲁肃.md	【猎鹰计划】CTO的自我修养 鲁肃			locator-only	synthesis/2026-09-12-obsidian-scan/B-management.md	
management-b27e51d530e6	vault:processed/02_企业管理/企业服务行业的暗战：管理咨询与软件公司的零和博弈分析.md	企业服务行业的暗战：管理咨询与软件公司的零和博弈分析		K6+K8	locator-only	synthesis/2026-09-12-obsidian-scan/B-management.md	
management-b2906a53d486	vault:processed/02_企业管理/企业管理中结构与架构的核心区别及应用解析.md	企业管理中结构与架构的核心区别及应用解析		K5+K6	locator-only	synthesis/2026-09-12-obsidian-scan/B-management.md	
management-b2ce52f560da	vault:processed/02_企业管理/各位菜鸟的管理者同学们，我们所有人，都有一个共同的身份标签“阿里人”。.md	各位菜鸟的管理者同学们，我们所有人，都有一个共同的身份标签“阿里人”。			locator-only	synthesis/2026-09-12-obsidian-scan/B-management.md	
management-b31128c84d4b	vault:processed/02_企业管理/菜小蜜智能化升级的阻碍分析.md	菜小蜜智能化升级的阻碍分析		K8	locator-only	synthesis/2026-09-12-obsidian-scan/B-management.md	
management-b359bc496f67	vault:processed/02_企业管理/1910668958856711912_看懂周期（下）：未来三个产业+政策的黄金领域 _ 马江博·政经参考（年度日更）.md	笔记_---		K3+K4+K8	locator-only	synthesis/2026-09-12-obsidian-scan/B-management.md	
management-b3c2d4b97ee3	vault:processed/02_企业管理/“学习”是华为最根本的竞争力.md	“学习”是华为最根本的竞争力，也是华为能够不断适应新形势，甚至跨越不同行业的核心秘密。			locator-only	synthesis/2026-09-12-obsidian-scan/B-management.md	
management-b474971c2613	vault:processed/02_企业管理/西方制造业能力衰退与软件行业危机：从_毒刺_导弹到AI依赖的系统性风险.md	"西方制造业能力衰退与软件行业危机：从""毒刺""导弹到AI依赖的系统性风险"		K8	locator-only	synthesis/2026-09-12-obsidian-scan/B-management.md	
management-b5730b1f3e71	vault:processed/02_企业管理/企业管理中_结构_与_架构_的核心区别及应用解析.md	"企业管理中""结构""与""架构""的核心区别及应用解析"		K5+K6+K8	locator-only	synthesis/2026-09-12-obsidian-scan/B-management.md	
management-b5993c72ca03	vault:processed/02_企业管理/1909559567730384624_从小米AI当家人罗福莉身上，我看到了AI时代的六个变化 _ 快刀广播站.md	笔记_---		K8	locator-only	synthesis/2026-09-12-obsidian-scan/B-management.md	
management-b629135f29d6	vault:processed/02_企业管理/Gartner采购到付款套件十年演进（2015-2025）：从P2P到S2P的价值重塑.md	Gartner采购到付款套件十年演进（2015-2025）：从P2P到S2P的价值重塑		K7+K8	locator-only	synthesis/2026-09-12-obsidian-scan/B-management.md	
management-b67454000a22	vault:processed/02_企业管理/合同管理系统字段分类统计与属性明细表.md	合同管理系统字段分类统计与属性明细表		K7	locator-only	synthesis/2026-09-12-obsidian-scan/B-management.md	
management-b72e7dd1bbd7	vault:processed/02_企业管理/不远的个人说明书（菜鸟企业智能产品技术部）_1.md	不远的个人说明书（菜鸟企业智能产品技术部）		K7+K8	locator-only	synthesis/2026-09-12-obsidian-scan/B-management.md	
management-b8f1044d80b5	vault:processed/02_企业管理/1914761232687206256_问答：组织“人来人走”，怎样把默契和经验留下来？ _ 万维钢·现代思维⼯具100讲.md	组织经验沉淀与多元决策指南		K6+K8	locator-only	synthesis/2026-09-12-obsidian-scan/B-management.md	
management-ba6a6b35b531	vault:processed/02_企业管理/资金结算团队离职补员列表.md	资金结算团队离职补员列表		K7	locator-only	synthesis/2026-09-12-obsidian-scan/B-management.md	
management-bac76a8751ae	vault:processed/02_企业管理/创业公司的管理陷阱：为什么_经营大于管理_是一碗迷魂汤.md	"创业公司的管理陷阱：为什么""经营大于管理""是一碗迷魂汤"		K4+K8	locator-only	synthesis/2026-09-12-obsidian-scan/B-management.md	
management-bb4db318add1	vault:processed/02_企业管理/中国2B软件行业与互联网行业商业模式深度对比分析.md	中国2B软件行业与互联网行业商业模式深度对比分析		K1+K3	locator-only	synthesis/2026-09-12-obsidian-scan/B-management.md	
management-bcad11162c97	vault:processed/02_企业管理/1918738158729228152_如何理解和看懂中国的党政会议体系（下） _ 马江博·政经参考（年度日更）.md	中国党政会议体系与政策信号解读			locator-only	synthesis/2026-09-12-obsidian-scan/B-management.md	
management-bcc4f1c2e8b5	vault:processed/02_企业管理/wechat-284822d48057.md	第一性原理在经营分析中的应用		K3+K4+K5+K7	locator-only	synthesis/2026-09-12-obsidian-scan/B-management.md	
management-bd55b1bb398a	vault:processed/02_企业管理/企业架构中的业务架构边界：澄清原子级任务设计的认知误区.md	企业架构中的业务架构边界：澄清原子级任务设计的认知误区		K8	locator-only	synthesis/2026-09-12-obsidian-scan/B-management.md	
management-bfb1d94485ba	vault:processed/02_企业管理/1910668963151626128_看懂周期（上）：找准产业和政策的共振窗口期 _ 马江博·政经参考（年度日更）.md	笔记_---		K4	locator-only	synthesis/2026-09-12-obsidian-scan/B-management.md	
management-c112a32ff1eb	vault:processed/02_企业管理/组织形态与战略选择：从美苏争霸到阿里腾讯的生存哲学演变.md	组织形态与战略选择：从美苏争霸到阿里腾讯的生存哲学演变		K8	locator-only	synthesis/2026-09-12-obsidian-scan/B-management.md	
management-c18a3b2ef244	vault:processed/02_企业管理/头部网络安全公司简介对比表.md	头部网络安全公司简介对比表		K3+K8	locator-only	synthesis/2026-09-12-obsidian-scan/B-management.md	
management-c19c6cdcbdc8	vault:processed/02_企业管理/菜鸟集团采购平台合现状及规划思考.md	菜鸟集团采购平台合现状及规划思考		K5+K7+K8	locator-only	synthesis/2026-09-12-obsidian-scan/B-management.md	
management-c32e84e4cb5a	vault:processed/02_企业管理/菜鸟人力资源与行政管理体系FY22规划_1.md	菜鸟人力资源与行政管理体系FY22规划		K7+K8	locator-only	synthesis/2026-09-12-obsidian-scan/B-management.md	
management-c4d2ab24724c	vault:processed/02_企业管理/1871069735123325192_.md	如何走出公司创新的窘境？我的答案是：提升你对未来趋势的预判能力，磨练你对创新应用的敏感能力，打造你对			locator-only	synthesis/2026-09-12-obsidian-scan/B-management.md	
management-c4f99c88a07a	vault:processed/02_企业管理/经营分析在大模型分析中怎么做：AI提升洞察深度.md	经营分析在大模型分析中怎么做？AI提升洞察深度	帆软企业数字化知识百科	K4+K5+K8	locator-only	synthesis/2026-09-12-obsidian-scan/B-management.md	
management-c50388cb8622	vault:processed/02_企业管理/边缘创新论：从历史规律到现代商业的逆向选择与文明演进.md	边缘创新论：从历史规律到现代商业的逆向选择与文明演进		K8	locator-only	synthesis/2026-09-12-obsidian-scan/B-management.md	
management-c7a39bb38109	vault:processed/02_企业管理/企业服务行业的暗战管理咨询与软件公司的零和博弈分析.md	企业服务行业的暗战管理咨询与软件公司的零和博弈分析		K6	locator-only	synthesis/2026-09-12-obsidian-scan/B-management.md	
management-c7c781aebb68	vault:processed/02_企业管理/1920146085515527304_3. 黄奇帆：从新基建看高手的问题意识 _ 蔡钰·商业高手心法20讲.md	新基建投资逻辑与政企决策思维			locator-only	synthesis/2026-09-12-obsidian-scan/B-management.md	
management-c8579c2dbc48	vault:processed/02_企业管理/wechat-a07185dda2ff.md	经营分析报告的核心是决策支持		K4	locator-only	synthesis/2026-09-12-obsidian-scan/B-management.md	
management-c8e4aab4d961	vault:processed/02_企业管理/1910668926646003064_李丰：2026年的中国AI产业趋势（上） _ 蔡钰·商业参考4（年度日更）.md	笔记_---		K1+K8	locator-only	synthesis/2026-09-12-obsidian-scan/B-management.md	
management-c9525ed4c379	vault:processed/02_企业管理/Odoo：全球第一开源ERP的魅力.md	Odoo：全球第一开源ERP的魅力		K8	locator-only	synthesis/2026-09-12-obsidian-scan/B-management.md	
management-c9a1dd0a28fa	vault:processed/02_企业管理/校招目标.md	校招目标			locator-only	synthesis/2026-09-12-obsidian-scan/B-management.md	
management-ca202f2533a2	vault:processed/02_企业管理/新技术给高效办公提供更多想象空间.md	新技术给高效办公提供更多想象空间		K8	locator-only	synthesis/2026-09-12-obsidian-scan/B-management.md	
management-ca581b9ae326	vault:processed/02_企业管理/1920569169858880344_17. 季琦：如何用最小的力气做最好的动作？ _ 蔡钰·商业高手心法20讲.md	华住集团增长曲线与精益扩张策略			locator-only	synthesis/2026-09-12-obsidian-scan/B-management.md	
management-cae83e99f80f	vault:processed/02_企业管理/任何时代的企业，一定、也只能是因效率高而生，因效率低而死，这是企业存在的根本逻辑.md	任何时代的企业，一定、也只能是因效率高而生，因效率低而死，这是企业存在的根本逻辑			locator-only	synthesis/2026-09-12-obsidian-scan/B-management.md	
management-cb1fa9025ee1	vault:processed/02_企业管理/1920138811988884560_004｜车企闯欧洲：供给端的文化次元壁 _ 蔡钰·商业参考5.md	中国车企出海欧洲的文化壁垒		K8	locator-only	synthesis/2026-09-12-obsidian-scan/B-management.md	
management-cba7ea4aae79	vault:processed/02_企业管理/合同AI助手功能介绍与流程说明.md	合同AI助手功能介绍与流程说明		K7+K8	locator-only	synthesis/2026-09-12-obsidian-scan/B-management.md	
management-cbcdc6b17ccb	vault:processed/02_企业管理/建团队-平台技术部大团队招聘工作.md	建团队-平台技术部大团队招聘工作			locator-only	synthesis/2026-09-12-obsidian-scan/B-management.md	
management-cc62cc955730	vault:processed/02_企业管理/1920853743655648024_经营分析会真正要盯住的8个指标：从数据通报走向经营决策.md	经营分析会核心指标与决策方法		K3+K4+K6+K7	locator-only	synthesis/2026-09-12-obsidian-scan/B-management.md	
management-cd0403134fa2	vault:processed/02_企业管理/wechat-84b2c54adcd1.md	经营分析驾驶舱：整合收入利润现金流看板		K4+K5+K6	locator-only	synthesis/2026-09-12-obsidian-scan/B-management.md	
management-cd326e75d67a	vault:processed/02_企业管理/2025年中央经济工作会议深度解读政策定调与未来趋势分析.md	2025年中央经济工作会议深度解读政策定调与未来趋势分析		K2+K6	locator-only	synthesis/2026-09-12-obsidian-scan/B-management.md	
management-cd3b2df0628a	vault:processed/02_企业管理/大致罗列了12个指标.md	大致罗列了12个指标		K6+K8	locator-only	synthesis/2026-09-12-obsidian-scan/B-management.md	
management-ce4f273942db	vault:processed/02_企业管理/1920001442828682264_新旧动能转换，到底进度如何？ _ 马江博·政经参考（年度日更）.md	中国各省份新旧动能转换进度分析		K1	locator-only	synthesis/2026-09-12-obsidian-scan/B-management.md	
management-ce851ead3950	vault:processed/02_企业管理/wechat-8d60d869f2ee.md	经营分析核心指标：现金流与毛利率		K3+K4+K6	locator-only	synthesis/2026-09-12-obsidian-scan/B-management.md	
management-ce9ffa6fddfc	vault:processed/02_企业管理/1920853859618611840_从数据到行动：写好经营分析报告的4个关键步骤.md	写好经营分析报告的四个关键步骤		K3+K4+K6	locator-only	synthesis/2026-09-12-obsidian-scan/B-management.md	
management-cf5ab0980694	vault:processed/02_企业管理/企业经营分析：财务与业务“鸡同鸭讲”的破局之道.md	企业经营分析：财务与业务“鸡同鸭讲”的破局之道		K3+K4+K6+K8	locator-only	synthesis/2026-09-12-obsidian-scan/B-management.md	
management-cfd320474df6	vault:processed/02_企业管理/决策范式演进从工业流程到AI时代的动态重构.md	决策范式演进从工业流程到AI时代的动态重构		K8	locator-only	synthesis/2026-09-12-obsidian-scan/B-management.md	
management-d16c234462e0	vault:processed/02_企业管理/企业全流程采购业务流程图.md	企业全流程采购业务流程图		K7	locator-only	synthesis/2026-09-12-obsidian-scan/B-management.md	
management-d17dd1a48630	vault:processed/02_企业管理/1920568112223731160_15. 洛桑：以“做目的地”的方式做酒店 _ 蔡钰·商业高手心法20讲.md	松赞酒店：以目的地思维做文旅			locator-only	synthesis/2026-09-12-obsidian-scan/B-management.md	
management-d287ae1661f6	vault:processed/02_企业管理/1919643346709659008_总结：到底什么是「权力」｜万维钢·精英日课⁵.md	掌握组织权力的七条核心法则			locator-only	synthesis/2026-09-12-obsidian-scan/B-management.md	
management-d2b6808d0aef	vault:processed/02_企业管理/Kanboard：高效开源项目管理工具.md	Kanboard：高效开源项目管理工具		K5+K8	locator-only	synthesis/2026-09-12-obsidian-scan/B-management.md	
management-d2ba1bc48ac9	vault:processed/02_企业管理/AI驱动智能采购SRM系统整体规划.md	AI驱动智能采购SRM系统整体规划		K5+K8	locator-only	synthesis/2026-09-12-obsidian-scan/B-management.md	
management-d2c0ae27b556	vault:processed/02_企业管理/2025企业智能体应用全景分析：技术突破、产业趋势与实施指南.md	2025企业智能体应用全景分析：技术突破、产业趋势与实施指南		K6+K8	locator-only	synthesis/2026-09-12-obsidian-scan/B-management.md	
management-d2ce72d9e14a	vault:processed/02_企业管理/1920569667001344856_19. 段永平、冯柳：赢在对“不犯错”的偏执 _ 蔡钰·商业高手心法20讲.md	段永平与冯柳的价值投资心法			locator-only	synthesis/2026-09-12-obsidian-scan/B-management.md	
management-d5207208c4d2	vault:processed/02_企业管理/1915280487790762584_流程、清单和经验库：把聪明外置成系统 _ 万维钢·现代思维⼯具100讲.md	组织智件体系：流程清单与经验沉淀		K4+K8	locator-only	synthesis/2026-09-12-obsidian-scan/B-management.md	
management-d63b27f5db87	vault:processed/02_企业管理/企业繁文缛节与负向管理的危害、成因及解决办法.md	企业繁文缛节与负向管理的危害、成因及解决办法		K8	locator-only	synthesis/2026-09-12-obsidian-scan/B-management.md	
management-d695a5b41e19	vault:processed/02_企业管理/Offer以及入职情况.md	Offer以及入职情况			locator-only	synthesis/2026-09-12-obsidian-scan/B-management.md	
management-d7bfb22fed6c	vault:processed/02_企业管理/1920833512211571328_经营分析体系搭建全攻略：从SOP流程到实战落地.md	经营分析体系搭建与实战落地指南		K4+K5+K7	locator-only	synthesis/2026-09-12-obsidian-scan/B-management.md	
management-d7ecbe60ecf0	vault:processed/02_企业管理/业财一体模式地铁线路图（八条地铁线模型）.md	业财一体模式地铁线路图（八条地铁线模型）		K1+K4+K7	locator-only	synthesis/2026-09-12-obsidian-scan/B-management.md	
management-d86bf389adba	vault:processed/02_企业管理/实在智能RPA @景繁.md	实在智能RPA @景繁		K6	locator-only	synthesis/2026-09-12-obsidian-scan/B-management.md	
management-dabe22297919	vault:processed/02_企业管理/如何设计驾驶舱数据指标体系.md	如何设计驾驶舱数据指标体系？	数据学堂（锦囊专家转载）	K2+K3+K5	locator-only	synthesis/2026-09-12-obsidian-scan/B-management.md	
management-db96c94399a4	vault:processed/02_企业管理/1909941422535787168_十五个必备的ERP术语深度解析.md	笔记_---		K4+K6+K7	locator-only	synthesis/2026-09-12-obsidian-scan/B-management.md	
management-dc35536606ee	vault:processed/02_企业管理/wechat-d318f9900b59.md	经营分析牵头机制与跨部门协同实践		K3+K4+K5+K7	locator-only	synthesis/2026-09-12-obsidian-scan/B-management.md	
management-dc4820313713	vault:processed/02_企业管理/中国企业管理万能方案迷思从阿米巴到数字化的非理性追捧批判.md	中国企业管理万能方案迷思从阿米巴到数字化的非理性追捧批判		K7	locator-only	synthesis/2026-09-12-obsidian-scan/B-management.md	
management-dc8afda0f826	vault:processed/02_企业管理/1918908434855101088_麦肯锡季刊：全球变局下的新生存法则 _ 刘润·商业报告解读（年度日更）.md	全球变局下的贸易重组与企业韧性			locator-only	synthesis/2026-09-12-obsidian-scan/B-management.md	
management-dcb1e20d6e05	vault:processed/02_企业管理/价值投资核心逻辑与实践从查理芒格到企业护城河的十年视角.md	价值投资核心逻辑与实践从查理芒格到企业护城河的十年视角		K4	locator-only	synthesis/2026-09-12-obsidian-scan/B-management.md	
management-dcefba8fe579	vault:processed/02_企业管理/1920362432681933024_加餐｜开学演讲：把握大趋势，过好小日子 _ 蔡钰·商业参考5.md	把握大趋势与意义经济新机遇		K8	locator-only	synthesis/2026-09-12-obsidian-scan/B-management.md	
management-dd689756122f	vault:processed/02_企业管理/1871069588022778704_.md	作为IBM的前员工，深刻的体会到书中描述的那些事情和问题，并且18摸(IBM员工对公司的昵称)内部对		K8	locator-only	synthesis/2026-09-12-obsidian-scan/B-management.md	
management-ddfce1d844e5	vault:processed/02_企业管理/任职资格体系.md	任职资格体系			locator-only	synthesis/2026-09-12-obsidian-scan/B-management.md	
management-de6b76828552	vault:processed/02_企业管理/菜鸟平台技术部集中招聘.md	菜鸟平台技术部集中招聘			locator-only	synthesis/2026-09-12-obsidian-scan/B-management.md	
management-df8d272ad267	vault:processed/02_企业管理/wechat-4f860e84f266.md	经营分析报告六步法模板		K2+K3+K4	locator-only	synthesis/2026-09-12-obsidian-scan/B-management.md	
management-e005ac48ef86	vault:processed/02_企业管理/第廿六章 如何把菜鸟打造成一个流程高效组织.md	第廿六章 如何把菜鸟打造成一个流程高效组织		K5+K7	locator-only	synthesis/2026-09-12-obsidian-scan/B-management.md	
management-e036f784f53e	vault:processed/02_企业管理/1920409118976439344_智联研究院：过去一年，职场人对工作生活满意度如何？ _ 刘润·商业报告解读（年度日更）.md	2025职场人心态与管理应对启示			locator-only	synthesis/2026-09-12-obsidian-scan/B-management.md	
management-e04a40f6d414	vault:processed/02_企业管理/⭐️ 路走对了，就不怕远.md	⭐️ 路走对了，就不怕远		K7	locator-only	synthesis/2026-09-12-obsidian-scan/B-management.md	
management-e0fbc8d163ad	vault:processed/02_企业管理/第十六章 人事场景的智能化探索.md	第十六章 人事场景的智能化探索		K8	locator-only	synthesis/2026-09-12-obsidian-scan/B-management.md	
management-e1ca57876227	vault:processed/02_企业管理/1914761260605017968_叙事权：怎样对众人施法 _ 万维钢·现代思维⼯具100讲.md	叙事权：驱动组织行动的核心心法		K8	locator-only	synthesis/2026-09-12-obsidian-scan/B-management.md	
management-e1d71074d2c4	vault:processed/02_企业管理/AI赋能SRM采购管理体系全架构记录_1.md	AI赋能SRM采购管理体系全架构记录		K8	locator-only	synthesis/2026-09-12-obsidian-scan/B-management.md	
management-e1e9feee32a4	vault:processed/02_企业管理/20190606 晋升评审 6-7(仓储技术部).md	20190606 晋升评审 6-7(仓储技术部)			locator-only	synthesis/2026-09-12-obsidian-scan/B-management.md	
management-e21cdabb9584	vault:processed/02_企业管理/SAP ERP设计精华深度解析：对国产信创替代的启示.md	SAP ERP设计精华深度解析：对国产信创替代的启示		K1+K4+K7+K8	locator-only	synthesis/2026-09-12-obsidian-scan/B-management.md	
management-e2f6ff837de3	vault:processed/02_企业管理/本次文档关键信息提炼：_1.md	本次文档关键信息提炼：		K8	locator-only	synthesis/2026-09-12-obsidian-scan/B-management.md	
management-e40c629618a3	vault:processed/02_企业管理/1914761297111638880_非预期后果：好意图怎么会带来坏结果？ _ 万维钢·现代思维⼯具100讲.md	非预期后果：好意图为何导致坏结果			locator-only	synthesis/2026-09-12-obsidian-scan/B-management.md	
management-e4163684f631	vault:processed/02_企业管理/提名词.md	提名词			locator-only	synthesis/2026-09-12-obsidian-scan/B-management.md	
management-e45757ca3ad0	vault:processed/02_企业管理/1920950566177480832_华为经营分析会体系拆解：从议题、数据到决议闭环的作战指挥所.md	华为经营分析会体系拆解与实践		K2+K3+K4+K5	locator-only	synthesis/2026-09-12-obsidian-scan/B-management.md	
management-e468cddcbbed	vault:processed/02_企业管理/业务执行范式破解企业数字化转型中的架构错配困局.md	业务执行范式破解企业数字化转型中的架构错配困局		K7+K8	locator-only	synthesis/2026-09-12-obsidian-scan/B-management.md	
management-e4b18ef5e3e7	vault:processed/02_企业管理/1909923968862793520_2026年5月AI行业报告：Anthropic企业市占率首超OpenAI，大模型竞争进入深水区.md	笔记_---		K6+K8	locator-only	synthesis/2026-09-12-obsidian-scan/B-management.md	
management-e672d2e1ed74	vault:processed/02_企业管理/转岗_李传智.md	转岗_李传智			locator-only	synthesis/2026-09-12-obsidian-scan/B-management.md	
management-e6c8c53040e0	vault:processed/02_企业管理/1920829218319170328_华为天才少年出走具身智能：造富神话与能力真相.md	华为天才少年出走具身智能创业分析			locator-only	synthesis/2026-09-12-obsidian-scan/B-management.md	
management-e82559a4eec8	vault:processed/02_企业管理/1910668543318572944_周日荐书：继续推荐《数据型思维》，从两个案例看企业如何用数据降本增效 _ 快刀广播站.md	笔记_---		K5	locator-only	synthesis/2026-09-12-obsidian-scan/B-management.md	
management-e8866b64c587	vault:processed/02_企业管理/降本增效，从开好经营分析会开始.md	降本增效，从开好“经营分析会”开始	与我有关（人人都是产品经理）	K4+K6	locator-only	synthesis/2026-09-12-obsidian-scan/B-management.md	
management-eadbcbc01113	vault:processed/02_企业管理/如果你是架构师之四，什么是数字化转型.md	如果你是架构师之四，什么是数字化转型			locator-only	synthesis/2026-09-12-obsidian-scan/B-management.md	
management-eb7870ac999a	vault:processed/02_企业管理/Gartner采购到付款套件十年演进（2015-2025）从P2P到S2P的价值重塑.md	Gartner采购到付款套件十年演进（2015-2025）从P2P到S2P的价值重塑		K7	locator-only	synthesis/2026-09-12-obsidian-scan/B-management.md	
management-ed1ea153516a	vault:processed/02_企业管理/20190820 实习生转正评审 (大快递).md	20190820 实习生转正评审 (大快递)			locator-only	synthesis/2026-09-12-obsidian-scan/B-management.md	
management-eddf0ce6ce8e	vault:processed/02_企业管理/采购全流程跨角色分工流程图.md	采购全流程跨角色分工流程图		K7	locator-only	synthesis/2026-09-12-obsidian-scan/B-management.md	
management-ee454449275e	vault:processed/02_企业管理/wechat-9b4fcd2749e0.md	经营分析会关键议题探讨		K1+K4+K6+K7	locator-only	synthesis/2026-09-12-obsidian-scan/B-management.md	
management-ee5009382219	vault:processed/02_企业管理/合同AI助手系统方案.md	合同AI助手系统方案		K8	locator-only	synthesis/2026-09-12-obsidian-scan/B-management.md	
management-ee7528e0f6a5	vault:processed/02_企业管理/第廿四章 搭建一套提升员工体验的综合服务体系@企鹅.md	第廿四章 搭建一套提升员工体验的综合服务体系@企鹅		K5	locator-only	synthesis/2026-09-12-obsidian-scan/B-management.md	
management-ee855a83ae50	vault:processed/02_企业管理/中国ToB软件行业Ontology热深度分析营销泡沫还是技术革新.md	中国ToB软件行业Ontology热深度分析营销泡沫还是技术革新		K7+K8	locator-only	synthesis/2026-09-12-obsidian-scan/B-management.md	
management-ef46c2997d26	vault:processed/02_企业管理/wechat-ac5e4603ab2f.md	零售经营分析看板与核心指标		K3+K4+K5	locator-only	synthesis/2026-09-12-obsidian-scan/B-management.md	
management-efe3754e7927	vault:processed/02_企业管理/不同周期采购核心指标数据汇总表.md	不同周期采购核心指标数据汇总表			locator-only	synthesis/2026-09-12-obsidian-scan/B-management.md	
management-f03bb81df4fa	vault:processed/02_企业管理/1910651696309407464_阿尔法：优势战略意识 _ 万维钢·现代思维⼯具100讲.md	笔记_---		K3+K8	locator-only	synthesis/2026-09-12-obsidian-scan/B-management.md	
management-f1765f50ec12	vault:processed/02_企业管理/wechat-a999808c7425.md	经营分析驾驶舱：会议数据可视化		K4+K5+K6	locator-only	synthesis/2026-09-12-obsidian-scan/B-management.md	
management-f241e3869900	vault:processed/02_企业管理/1919716882991172288_数字化人要不要_比业务更懂业务_？——重新定义IT的业务能力边界.md	重新定义数字化人员的业务边界			locator-only	synthesis/2026-09-12-obsidian-scan/B-management.md	
management-f242d0b6b438	vault:processed/02_企业管理/FY21 经营管理服务平台 招聘.md	FY21 经营管理服务平台 招聘			locator-only	synthesis/2026-09-12-obsidian-scan/B-management.md	
management-f2705a581446	vault:processed/02_企业管理/AI调用增长趋势统计.md	AI调用增长趋势统计			locator-only	synthesis/2026-09-12-obsidian-scan/B-management.md	
management-f301cd000db1	vault:processed/02_企业管理/20200402 丹鸟技术部转移.md	20200402 丹鸟技术部转移			locator-only	synthesis/2026-09-12-obsidian-scan/B-management.md	
management-f37633c2f537	vault:processed/02_企业管理/企业级智能体应用的误区与正确路径：基于BOAT技术的业务流程重构.md	企业级智能体应用的误区与正确路径：基于BOAT技术的业务流程重构		K8	locator-only	synthesis/2026-09-12-obsidian-scan/B-management.md	
management-f3dcbb0e8216	vault:processed/02_企业管理/中小企业数字化转型核心系统解析ERP与关联系统的协同关系.md	中小企业数字化转型核心系统解析ERP与关联系统的协同关系		K3+K4+K7	locator-only	synthesis/2026-09-12-obsidian-scan/B-management.md	
management-f49e2e54f138	vault:processed/02_企业管理/支付系统深度解析：从历史演进到电商实践.md	支付系统深度解析：从历史演进到电商实践		K7+K8	locator-only	synthesis/2026-09-12-obsidian-scan/B-management.md	
management-f570a1f22891	vault:processed/02_企业管理/阿里美团外卖大战深度分析护城河与战略选择.md	阿里美团外卖大战深度分析护城河与战略选择			locator-only	synthesis/2026-09-12-obsidian-scan/B-management.md	
management-f64099cc0913	vault:processed/02_企业管理/人力资源共享服务中心.md	人力资源共享服务中心			locator-only	synthesis/2026-09-12-obsidian-scan/B-management.md	
management-f65c83b09f08	vault:processed/02_企业管理/经营分析与财务分析深度对比：从概念混淆到协同应用.md	经营分析与财务分析深度对比：从概念混淆到协同应用		K3+K4+K6+K8	locator-only	synthesis/2026-09-12-obsidian-scan/B-management.md	
management-f66090b98fff	vault:processed/02_企业管理/战略最难的不是发现和制定.md	战略最难的不是发现和制定，而是坚持下去			locator-only	synthesis/2026-09-12-obsidian-scan/B-management.md	
management-f674502f9231	vault:processed/02_企业管理/1920363753384375336_10. 刘强东：未来5年，电商如何发展？ _ 蔡钰·商业高手心法20讲.md	刘强东解析京东供应链与电商战略		K3+K8	locator-only	synthesis/2026-09-12-obsidian-scan/B-management.md	
management-f7104c340a78	vault:processed/02_企业管理/20201023 菜鸟程序员节主持词.md	20201023 菜鸟程序员节主持词			locator-only	synthesis/2026-09-12-obsidian-scan/B-management.md	
management-f7223e81eda4	vault:processed/02_企业管理/价值投资视角下的企业护城河与风险抵御能力分析_1.md	价值投资视角下的企业护城河与风险抵御能力分析		K3	locator-only	synthesis/2026-09-12-obsidian-scan/B-management.md	
management-f7cf8bf21dea	vault:processed/02_企业管理/1920665635899202512_Big Ideas 2026：AI正在成为万物的发动机 _ 刘润·商业报告解读（年度日更）.md	AI驱动技术收敛与商业变革解读		K8	locator-only	synthesis/2026-09-12-obsidian-scan/B-management.md	
management-f81abdd16a0f	vault:processed/02_企业管理/BOM表管理：打破部门墙，实现协同共赢.md	BOM表管理：打破部门墙，实现协同共赢		K8	locator-only	synthesis/2026-09-12-obsidian-scan/B-management.md	
management-f8381188a399	vault:processed/02_企业管理/1911097788792310424_从物理到AI：姚顺宇的跨界观察与行业洞见.md	笔记_---		K8	locator-only	synthesis/2026-09-12-obsidian-scan/B-management.md	
management-f89266e61ac6	vault:processed/02_企业管理/1914761288522228576_第三物：合作不必先有共识 _ 万维钢·现代思维⼯具100讲.md	第三物思维：无需共识的高效协作			locator-only	synthesis/2026-09-12-obsidian-scan/B-management.md	
management-f8e332bad55f	vault:processed/02_企业管理/wechat-1b24de8be3f8.md	2025年Q3经营分析PPT框架		K3+K4+K5+K6	locator-only	synthesis/2026-09-12-obsidian-scan/B-management.md	
management-f968bc695f3c	vault:processed/02_企业管理/1910008354235007648_Anthropic《创始人手册：创建一家 AI Native 公司》深度解析：AI时代创业范式重构.md	笔记_---		K8	locator-only	synthesis/2026-09-12-obsidian-scan/B-management.md	
management-f997404b7f72	vault:processed/02_企业管理/菜鸟CRM数字化升级方案梳理.md	菜鸟CRM数字化升级方案梳理		K7+K8	locator-only	synthesis/2026-09-12-obsidian-scan/B-management.md	
management-f9a3bd990a34	vault:processed/02_企业管理/wechat-00db5a85def2.md	经营分析会核心议题解析		K1+K4+K6	locator-only	synthesis/2026-09-12-obsidian-scan/B-management.md	
management-fa25f87701ee	vault:processed/02_企业管理/wechat-2b2bff8bb525.md	管理人员应该有的财务思维		K1+K2+K3+K4+K6	locator-only	synthesis/2026-09-12-obsidian-scan/B-management.md	
management-fa838b71df14	vault:processed/02_企业管理/1910006411833442760_三层流程理解与Process AI Native核心架构体系梳理.md	笔记_---		K6+K8	locator-only	synthesis/2026-09-12-obsidian-scan/B-management.md	
management-fabc1535a904	vault:processed/02_企业管理/1914761267046944624_组织资本：怎样让 1 + 1 _ 2 _ 万维钢·现代思维⼯具100讲.md	组织资本如何实现团队协同增效		K4+K8	locator-only	synthesis/2026-09-12-obsidian-scan/B-management.md	
management-fb00860bf731	vault:processed/02_企业管理/wechat-4d38d612b7a9.md	经营分析切勿写成财务分析		K3+K4+K6	locator-only	synthesis/2026-09-12-obsidian-scan/B-management.md	
management-fca4fb80976a	vault:processed/02_企业管理/1910107622737222720_OpenAI IPO前战略重组深度解析：三大产品线合并与超级应用布局.md	笔记_---		K8	locator-only	synthesis/2026-09-12-obsidian-scan/B-management.md	
management-fd3687f71efb	vault:processed/02_企业管理/漫谈技术服务的长期主义（五）：要想抓住客户的心，那就一定得懂FinOps.md	漫谈技术服务的长期主义（五）：要想抓住客户的心，那就一定得懂FinOps			locator-only	synthesis/2026-09-12-obsidian-scan/B-management.md	
management-fd8d8cfb06d4	vault:processed/02_企业管理/note_16.md	note		K8	locator-only	synthesis/2026-09-12-obsidian-scan/B-management.md	
management-fe58fd9ea771	vault:processed/02_企业管理/1910668953489024376_AI产业将迎来历史性爆发，未来五年四大机会 _ 马江博·政经参考（年度日更）.md	笔记_---		K6	locator-only	synthesis/2026-09-12-obsidian-scan/B-management.md	
management-fe815fcb444a	vault:processed/02_企业管理/创业公司的管理陷阱为什么经营大于管理是一碗迷魂汤.md	创业公司的管理陷阱为什么经营大于管理是一碗迷魂汤		K4	locator-only	synthesis/2026-09-12-obsidian-scan/B-management.md	
management-ffeae0c645a2	vault:processed/02_企业管理/L4无人车的十年江湖：阿里无人车兴衰史（2015-2025）.md	L4无人车的十年江湖：阿里无人车兴衰史（2015-2025）		K6+K8	locator-only	synthesis/2026-09-12-obsidian-scan/B-management.md	
management-legacy-0e4534dad5e0	vault:processed/企业管理/wechat-ea8ce317c679.md	经营分析的关键在于路径分析		K2+K4	locator-only	synthesis/2026-09-12-obsidian-scan/B-management.md	
management-legacy-312df37860ea	vault:processed/企业管理/wechat-817f22422007.md	以客户为中心的3C1L经营分析框架		K1+K3+K4+K5	locator-only	synthesis/2026-09-12-obsidian-scan/B-management.md	
management-legacy-553271b2c03e	vault:processed/企业管理/1921059637945335896_012｜AI改变工作形态：低语革命和“让戈多等” _ 蔡钰·商业参考5.md	AI改变工作形态：低语革命与等待戈多		K8	locator-only	synthesis/2026-09-12-obsidian-scan/B-management.md	
management-legacy-5dfce380c87c	vault:processed/企业管理/1921059375951126656_从“FDE”的来龙去脉说起：老板不放权，FDE还能干什么？ _ 快刀广播站.md	FDE前线部署工程师与AI落地挑战			locator-only	synthesis/2026-09-12-obsidian-scan/B-management.md	
management-legacy-8f6220d5bad3	vault:processed/企业管理/wechat-87b216ac6c19.md	总经理年度工作总结与计划模板		K3+K4	locator-only	synthesis/2026-09-12-obsidian-scan/B-management.md	
management-legacy-9f0e32a9a31f	vault:processed/企业管理/1921049539402276992_从“FDE”的来龙去脉说起：老板不放权，FDE还能干什么？ _ 快刀广播站.md	FDE前线部署工程师与AI落地挑战			locator-only	synthesis/2026-09-12-obsidian-scan/B-management.md	
management-legacy-a490588a8125	vault:processed/企业管理/wechat-b7af4177a400.md	AI大模型辅助经营分析实战对比		K2+K4+K5+K8	locator-only	synthesis/2026-09-12-obsidian-scan/B-management.md	
management-legacy-b43709a94735	vault:processed/企业管理/1921119287524210304_麦肯锡「一报一会」经营作战系统：从数据汇报到结果闭环的实战方法.md	麦肯锡一报一会经营作战系统		K4+K6	locator-only	synthesis/2026-09-12-obsidian-scan/B-management.md	
management-legacy-bc23b4c16290	vault:processed/企业管理/1921095541723242624_2026年9月总经理月度经营分析报告：收入利润双增长，整体经营稳中向好.md	月度经营分析报告：收入利润双增长		K2+K3+K4+K6	locator-only	synthesis/2026-09-12-obsidian-scan/B-management.md	
management-legacy-c4421615cbcc	vault:processed/企业管理/1921049582351955584_012｜AI改变工作形态：低语革命和“让戈多等” _ 蔡钰·商业参考5.md	AI改变工作形态：低语革命与等待戈多		K8	locator-only	synthesis/2026-09-12-obsidian-scan/B-management.md	
management-legacy-c449d54ee0f4	vault:processed/企业管理/wechat-9cb26c93c718.md	企业经营指标体系搭建技巧		K4+K5	locator-only	synthesis/2026-09-12-obsidian-scan/B-management.md	
management-legacy-dcc798f42978	vault:processed/企业管理/wechat-00f7fd766cdb.md	经营分析要回答的三个根本问题		K2+K4+K6	locator-only	synthesis/2026-09-12-obsidian-scan/B-management.md	
wechat-0018d9988ded	vault:processed/微信知识库/数据熊/04_经营分析/2026-03-09 2026年2月经营分析报告.md	2026年2月经营分析报告		K4+K6	locator-only	synthesis/2026-09-12-obsidian-scan/W4-wechat-1546-snapshot.md	
wechat-008c34240b03	vault:processed/微信知识库/数据分析不是个事儿/04_数据分析师/2024-10-28 零售必学的「人-货-场」分析还不会？这份完整的分析框架请收好！.md	零售必学的「人-货-场」分析还不会？这份完整的分析框架请收好！		K4+K5	locator-only	synthesis/2026-09-12-obsidian-scan/W4-wechat-1546-snapshot.md	
wechat-00a1d3163370	vault:processed/微信知识库/数据熊/04_经营分析/2025-07-08 经营分析报告的核心价值：问题、根因与行动建议（附PPT模板）.md	经营分析报告的核心价值：问题、根因与行动建议（附PPT模板）		K4+K6+K7	locator-only	synthesis/2026-09-12-obsidian-scan/W4-wechat-1546-snapshot.md	
wechat-00a5d39957c6	vault:processed/微信知识库/木木自由/01_数据分析必备/2025-03-26 市场营销全套分析模型(62页 PPT).md	市场营销全套分析模型(62页 PPT)		K4+K8	locator-only	synthesis/2026-09-12-obsidian-scan/W4-wechat-1546-snapshot.md	
wechat-00b709e4a77b	vault:processed/微信知识库/数据分析不是个事儿/01_数据分析/2024-10-14 门店数据分析到底应该怎么做？.md	门店数据分析到底应该怎么做？		K4+K6	locator-only	synthesis/2026-09-12-obsidian-scan/W4-wechat-1546-snapshot.md	
wechat-00f1f306d5e0	vault:processed/微信知识库/数据分析不是个事儿/04_数据分析师/2025-06-25 618大促复盘指南：40个电商运营关键指标.md	618大促复盘指南：40个电商运营关键指标		K4+K6	locator-only	synthesis/2026-09-12-obsidian-scan/W4-wechat-1546-snapshot.md	
wechat-0124f3c02286	vault:processed/微信知识库/数据熊/04_经营分析/2026-07-15 2026年上半年成本分析报告.pptx.md	2026年上半年成本分析报告.pptx		K4+K6	locator-only	synthesis/2026-09-12-obsidian-scan/W4-wechat-1546-snapshot.md	
wechat-014b030e237d	vault:processed/微信知识库/数据熊/02_财务管理/2025-01-20 构建内部控制体系的几个常见误区.md	构建内部控制体系的几个常见误区		K4	locator-only	synthesis/2026-09-12-obsidian-scan/W4-wechat-1546-snapshot.md	
wechat-014f70e4d8c1	vault:processed/微信知识库/数据分析不是个事儿/01_数据分析/2025-01-23 财务分析怎么做？数分大神手把手教你做财务分析.md	财务分析怎么做？数分大神手把手教你做财务分析		K1+K2+K3+K4+K6	locator-only	synthesis/2026-09-12-obsidian-scan/W4-wechat-1546-snapshot.md	
wechat-016066b986b6	vault:processed/微信知识库/木木自由/01_数据分析必备/2024-08-23 竞品分析怎么做？竞品分析精髓：4要素+6大核心方法论（附相关材料下载）.md	竞品分析怎么做？竞品分析精髓：4要素+6大核心方法论（附相关材料下载）		K4+K6	locator-only	synthesis/2026-09-12-obsidian-scan/W4-wechat-1546-snapshot.md	
wechat-0174626372aa	vault:processed/微信知识库/奔向自由的果/03_财务职场进阶/2026-04-09 新手财务经理上任3个月踩坑实录：这5件事没做对，差点搞崩团队.md	新手财务经理上任3个月踩坑实录：这5件事没做对，差点搞崩团队		K4+K6+K7	locator-only	synthesis/2026-09-12-obsidian-scan/W4-wechat-1546-snapshot.md	
wechat-018cde4922b1	vault:processed/微信知识库/木木自由/01_数据分析必备/2020-12-10 数据分析必备——概率论基础知识.md	数据分析必备——概率论基础知识		K4+K6+K8	locator-only	synthesis/2026-09-12-obsidian-scan/W4-wechat-1546-snapshot.md	
wechat-01ab0aeb9854	vault:processed/微信知识库/数据熊/02_财务管理/2026-08-15 2026年7月库存分析报告.pptx.md	2026年7月库存分析报告.pptx			locator-only	synthesis/2026-09-12-obsidian-scan/W4-wechat-1546-snapshot.md	
wechat-01bbb12ece5a	vault:processed/微信知识库/数据熊/02_财务管理/2026-06-01 2026年5月应收账款分析报告.md	2026年5月应收账款分析报告		K4+K6	locator-only	synthesis/2026-09-12-obsidian-scan/W4-wechat-1546-snapshot.md	
wechat-01c55d0f0a94	vault:processed/微信知识库/木木自由/01_数据分析必备/2022-02-06 《数据分析思维》：分析方法与业务知识.md	《数据分析思维》：分析方法与业务知识		K4+K8	locator-only	synthesis/2026-09-12-obsidian-scan/W4-wechat-1546-snapshot.md	
wechat-01e06e7a9513	vault:processed/微信知识库/数据熊/04_经营分析/2026-05-28 2026年5月经营分析报告.md	2026年5月经营分析报告		K4	locator-only	synthesis/2026-09-12-obsidian-scan/W4-wechat-1546-snapshot.md	
wechat-0211322be059	vault:processed/微信知识库/木木自由/01_数据分析必备/2024-01-10 收藏 万能的品牌+“人货场”电商分析逻辑（附电子商务数据分析详解材料下载）.md	收藏 | 万能的品牌+“人货场”电商分析逻辑（附电子商务数据分析详解材料下载）		K4+K6+K8	locator-only	synthesis/2026-09-12-obsidian-scan/W4-wechat-1546-snapshot.md	
wechat-023f5bb1037e	vault:processed/微信知识库/数据熊/04_经营分析/2026-02-23 2026年经营计划模板.md	2026年经营计划模板		K4+K5	locator-only	synthesis/2026-09-12-obsidian-scan/W4-wechat-1546-snapshot.md	
wechat-024d4ab7000c	vault:processed/微信知识库/宸帆海财会咨询服务/01_会计/2025-02-06 外贸企业地址变更全流程解析！.md	外贸企业地址变更全流程解析！		K4	locator-only	synthesis/2026-09-12-obsidian-scan/W4-wechat-1546-snapshot.md	
wechat-0292c7f6d32e	vault:processed/微信知识库/花叔/2026-08-24 Huashu-Excel正式发布！可能、也许、大概是最好用的Excel数据处理和分析skill.md	Huashu-Excel正式发布！可能、也许、大概是最好用的Excel数据处理和分析skill		K4+K6	locator-only	synthesis/2026-09-12-obsidian-scan/W4-wechat-1546-snapshot.md	
wechat-02a2faa1d69f	vault:processed/微信知识库/数据熊/01_财务分析/2025-03-11 财务人必须掌握的7个经典财务模型：思维导图、案例.md	财务人必须掌握的7个经典财务模型：思维导图、案例		K2+K3+K4+K6+K7	locator-only	synthesis/2026-09-12-obsidian-scan/W4-wechat-1546-snapshot.md	
wechat-02a54a91fb66	vault:processed/微信知识库/木木自由/01_数据分析必备/2024-10-23 用户画像系统主数据管理项目的规划方案···（附相关材料下载）.md	用户画像系统主数据管理项目的规划方案···（附相关材料下载）		K4+K7+K8	locator-only	synthesis/2026-09-12-obsidian-scan/W4-wechat-1546-snapshot.md	
wechat-02c479c5a54c	vault:processed/微信知识库/木木自由/01_数据分析必备/2024-10-10 收藏 数据资源转变为数据资产需要哪些条件？（附相关材料下载）.md	收藏 | 数据资源转变为数据资产需要哪些条件？（附相关材料下载）		K1+K4+K6+K8	locator-only	synthesis/2026-09-12-obsidian-scan/W4-wechat-1546-snapshot.md	
wechat-02f132e733f7	vault:processed/微信知识库/宸帆海财会咨询服务/03_出口退税/2025-04-28 2025最新！出口退税15个高频答疑.md	2025最新！出口退税15个高频答疑		K6	locator-only	synthesis/2026-09-12-obsidian-scan/W4-wechat-1546-snapshot.md	
wechat-030c1f0ea029	vault:processed/微信知识库/木木自由/01_数据分析必备/2024-08-11 GROW模型、本质思维、AI大模型数据治理、财务分析 SQL 数据湖 元数据治理 数据采集 数据标注、全栈式数据应用· 本周精华.md	GROW模型、本质思维、AI大模型数据治理、财务分析/SQL/数据湖/元数据治理/数据采集/数据标注、全栈式数据应用·|本周精华		K4+K8	locator-only	synthesis/2026-09-12-obsidian-scan/W4-wechat-1546-snapshot.md	
wechat-036a6dcc7bea	vault:processed/微信知识库/木木自由/01_数据分析必备/2023-04-23 我们的新书出版了 数据分析：72个问题精解.md	我们的新书出版了 | 数据分析：72个问题精解		K4+K8	locator-only	synthesis/2026-09-12-obsidian-scan/W4-wechat-1546-snapshot.md	
wechat-0395aa092ac9	vault:processed/微信知识库/数据熊/02_财务管理/2026-03-14 财务总监2025年工作总结及2026年工作计划.md	财务总监2025年工作总结及2026年工作计划		K6	locator-only	synthesis/2026-09-12-obsidian-scan/W4-wechat-1546-snapshot.md	
wechat-03b6fe8b2b7c	vault:processed/微信知识库/木木自由/01_数据分析必备/2024-06-01 多维分析、逆向思维、经营分析 产品分析 运营分析 零售行业数据分析等指南、Python数据分析入门到实战课程··· 本周精华.md	多维分析、逆向思维、经营分析/产品分析/运营分析/零售行业数据分析等指南、Python数据分析入门到实战课程···|本周精华		K4+K6+K8	locator-only	synthesis/2026-09-12-obsidian-scan/W4-wechat-1546-snapshot.md	
wechat-03f3ced0a8d8	vault:processed/微信知识库/数据熊/01_财务分析/2025-04-02 业务人员也能看懂的财务指标体系.md	业务人员也能看懂的财务指标体系		K1+K2+K3+K4+K6	locator-only	synthesis/2026-09-12-obsidian-scan/W4-wechat-1546-snapshot.md	
wechat-03f6dd479ff9	vault:processed/微信知识库/木木自由/02_数据说/2020-12-23 B 端运营需要关注数据指标.md	B 端运营需要关注数据指标		K4+K6	locator-only	synthesis/2026-09-12-obsidian-scan/W4-wechat-1546-snapshot.md	
wechat-040cf807e2a8	vault:processed/微信知识库/木木自由/01_数据分析必备/2025-02-28 数据治理全攻略（119页 PPT）.md	数据治理全攻略（119页 PPT）		K4+K8	locator-only	synthesis/2026-09-12-obsidian-scan/W4-wechat-1546-snapshot.md	
wechat-041a4550b0ca	vault:processed/微信知识库/数据熊/02_财务管理/2025-05-30 八项规定下，财务自保五字诀.md	八项规定下，财务自保五字诀		K6	locator-only	synthesis/2026-09-12-obsidian-scan/W4-wechat-1546-snapshot.md	
wechat-042b9ee2b86b	vault:processed/微信知识库/数据熊/04_经营分析/2025-02-21 DeepSeek+Power BI：低成本打造智能经营分析平台含模板.md	DeepSeek+Power BI：低成本打造智能经营分析平台含模板		K4+K5+K6+K8	locator-only	synthesis/2026-09-12-obsidian-scan/W4-wechat-1546-snapshot.md	
wechat-0479e3841626	vault:processed/微信知识库/宸帆海财会咨询服务/09_税务/2025-06-14 干货！开票税点到底怎么加？.md	干货！开票税点到底怎么加？		K4+K6	locator-only	synthesis/2026-09-12-obsidian-scan/W4-wechat-1546-snapshot.md	
wechat-051103de4502	vault:processed/微信知识库/木木自由/01_数据分析必备/2025-03-07 199个经典逻辑思维工具框架模型（300页 PPT）.md	199个经典逻辑思维工具框架模型（300页 PPT）		K4+K8	locator-only	synthesis/2026-09-12-obsidian-scan/W4-wechat-1546-snapshot.md	
wechat-051e96c56b95	vault:processed/微信知识库/木木自由/01_数据分析必备/2023-08-21 【人物访谈·03期】关于对数据分析前辈的一次行业探讨.md	【人物访谈·03期】关于对数据分析前辈的一次行业探讨		K3+K4+K5+K8	locator-only	synthesis/2026-09-12-obsidian-scan/W4-wechat-1546-snapshot.md	
wechat-0586ed7fd9b5	vault:processed/微信知识库/奔向自由的果/02_图解经营分析/【财务经营分析干货图解】财务人必学！因素分析法三步搞定经营分析.md	【财务经营分析干货图解】财务人必学！因素分析法三步搞定经营分析		K4+K5+K6	locator-only	synthesis/2026-09-12-obsidian-scan/W4-wechat-1546-snapshot.md	
wechat-05952f12d630	vault:processed/微信知识库/数据熊/02_财务管理/2025-10-21 企业管理报表.xlsx.md	企业管理报表.xlsx		K1+K3+K4+K5+K6	locator-only	synthesis/2026-09-12-obsidian-scan/W4-wechat-1546-snapshot.md	
wechat-06086c1be689	vault:processed/微信知识库/木木自由/01_数据分析必备/2024-10-08 数据分析面试：10个高频问题解析（附数据分析业务面试100问+解析··相关材料下载）.md	数据分析面试：10个高频问题解析（附数据分析业务面试100问+解析··相关材料下载）		K4+K6+K8	locator-only	synthesis/2026-09-12-obsidian-scan/W4-wechat-1546-snapshot.md	
wechat-065de9565688	vault:processed/微信知识库/木木自由/01_数据分析必备/2025-03-25 《杜邦财务分析体系指南》：基本框架、杜邦财务分析模型、指标公式、延伸应用、财务报表分析、财务指标与经营业绩表现的关系···.md	《杜邦财务分析体系指南》：基本框架、杜邦财务分析模型、指标公式、延伸应用、财务报表分析、财务指标与经营业绩表现的关系···		K2+K3+K4+K6+K7+K8	locator-only	synthesis/2026-09-12-obsidian-scan/W4-wechat-1546-snapshot.md	
wechat-066e334ec3e4	vault:processed/微信知识库/木木自由/02_数据说/2020-04-05 【数据说第二期】数据分析与数据增长核心逻辑杂谈.md	【数据说第二期】数据分析与数据增长核心逻辑杂谈		K4+K6	locator-only	synthesis/2026-09-12-obsidian-scan/W4-wechat-1546-snapshot.md	
wechat-068568ab9c1e	vault:processed/微信知识库/奔向自由的果/03_财务职场进阶/2026-06-24 会计工作交接事项清单-把责任，交得清清楚楚.md	会计工作交接事项清单-把责任，交得清清楚楚		K4	locator-only	synthesis/2026-09-12-obsidian-scan/W4-wechat-1546-snapshot.md	
wechat-06897fd2d1ec	vault:processed/微信知识库/数据分析不是个事儿/01_数据分析/2025-03-28 这样做店铺经营分析，业绩立涨30%！.md	这样做店铺经营分析，业绩立涨30%！		K2+K3+K4+K5+K6	locator-only	synthesis/2026-09-12-obsidian-scan/W4-wechat-1546-snapshot.md	
wechat-06968e704707	vault:processed/微信知识库/数据熊/01_财务分析/2026-07-18 2026年上半年财务分析报告.pptx.md	2026年上半年财务分析报告.pptx			locator-only	synthesis/2026-09-12-obsidian-scan/W4-wechat-1546-snapshot.md	
wechat-06aea6a7f561	vault:processed/微信知识库/数据熊/04_经营分析/2024-12-02 基于平衡计分卡的经营分析框架.md	基于平衡计分卡的经营分析框架		K2+K3+K4+K5+K6	locator-only	synthesis/2026-09-12-obsidian-scan/W4-wechat-1546-snapshot.md	
wechat-06b55c953280	vault:processed/微信知识库/木木自由/01_数据分析必备/2022-02-13 【原创】数据模型分析思维的一些基本思考与见解.md	【原创】数据模型分析思维的一些基本思考与见解		K4+K6+K8	locator-only	synthesis/2026-09-12-obsidian-scan/W4-wechat-1546-snapshot.md	
wechat-06ffa26bb747	vault:processed/微信知识库/木木自由/03_小飞象交流会/2023-04-02 商业分析师必备技能之行业研究.md	商业分析师必备技能之行业研究		K4+K6+K8	locator-only	synthesis/2026-09-12-obsidian-scan/W4-wechat-1546-snapshot.md	
wechat-072bc172d079	vault:processed/微信知识库/木木自由/07_数据分析/2024-06-08 财务综合分析指南：分析方法、财务指标相关公式、财务综合比较模板、综合评价体系···【96页 附下载】.md	财务综合分析指南：分析方法、财务指标相关公式、财务综合比较模板、综合评价体系···【96页 附下载】		K2+K4+K7	locator-only	synthesis/2026-09-12-obsidian-scan/W4-wechat-1546-snapshot.md	
wechat-07312f545843	vault:processed/微信知识库/木木自由/01_数据分析必备/2024-01-03 收藏 3W1H分析法：数据分析的核心技能！（附数据分析方法论解析等材料下载）.md	收藏 | 3W1H分析法：数据分析的核心技能！（附数据分析方法论解析等材料下载）		K3+K4+K6+K8	locator-only	synthesis/2026-09-12-obsidian-scan/W4-wechat-1546-snapshot.md	
wechat-07a461b5a416	vault:processed/微信知识库/宸帆海财会咨询服务/01_会计/2024-06-26 代理记账机构财务会计管理制度.md	代理记账机构财务会计管理制度		K1+K2+K4+K6+K7	locator-only	synthesis/2026-09-12-obsidian-scan/W4-wechat-1546-snapshot.md	
wechat-07ec23fac47b	vault:processed/微信知识库/数据熊/04_经营分析/2026-03-21 从 0 到 1 搭建经营分析体系（附实操手册）.md	从 0 到 1 搭建经营分析体系（附实操手册）		K4+K5	locator-only	synthesis/2026-09-12-obsidian-scan/W4-wechat-1546-snapshot.md	
wechat-07fbbac4e125	vault:processed/微信知识库/宸帆海财会咨询服务/10_财务/2026-01-07 公司财务人员风险（6个）.md	公司财务人员风险（6个）		K4+K6	locator-only	synthesis/2026-09-12-obsidian-scan/W4-wechat-1546-snapshot.md	
wechat-080606ee52f5	vault:processed/微信知识库/木木自由/01_数据分析必备/2024-10-14 指标体系定义及建设步骤（附相关材料下载）.md	指标体系定义及建设步骤（附相关材料下载）		K4+K6+K8	locator-only	synthesis/2026-09-12-obsidian-scan/W4-wechat-1546-snapshot.md	
wechat-095cf7c2ec3a	vault:processed/微信知识库/木木自由/02_数据说/2022-10-23 【原创】关于“数据分析流程”的一些基本思考与见解.md	【原创】关于“数据分析流程”的一些基本思考与见解		K4+K5+K6+K8	locator-only	synthesis/2026-09-12-obsidian-scan/W4-wechat-1546-snapshot.md	
wechat-09649f3c1550	vault:processed/微信知识库/木木自由/01_数据分析必备/2023-07-09 ​中小企业数字化：相信IT力量，走可持续发展之路.md	​中小企业数字化：相信IT力量，走可持续发展之路		K4+K5+K6+K8	locator-only	synthesis/2026-09-12-obsidian-scan/W4-wechat-1546-snapshot.md	
wechat-097f347868ad	vault:processed/微信知识库/木木自由/01_数据分析必备/2024-12-05 深入解析「数据中台」：概念、价值、必备能力、建设方法规划、应用实践以及优质模板（附9张实战架构图）.md	深入解析「数据中台」：概念、价值、必备能力、建设方法规划、应用实践以及优质模板（附9张实战架构图）		K4+K5+K6+K8	locator-only	synthesis/2026-09-12-obsidian-scan/W4-wechat-1546-snapshot.md	
wechat-09842e2d84b4	vault:processed/微信知识库/数据熊/04_经营分析/2026-03-31 财务真正的价值，是帮老板看清经营问题.md	财务真正的价值，是帮老板看清经营问题		K4+K6	locator-only	synthesis/2026-09-12-obsidian-scan/W4-wechat-1546-snapshot.md	
wechat-09a1f794ad8d	vault:processed/微信知识库/数据熊/02_财务管理/2025-06-12 做好资金管理，先用对模型：五大经典模型对比分析.md	做好资金管理，先用对模型：五大经典模型对比分析		K1+K4+K6	locator-only	synthesis/2026-09-12-obsidian-scan/W4-wechat-1546-snapshot.md	
wechat-09b3f80213c3	vault:processed/微信知识库/宸帆海财会咨询服务/01_会计/2025-04-08 看完秒懂！成本与费用的十大本质区别.md	看完秒懂！成本与费用的十大本质区别		K1+K6	locator-only	synthesis/2026-09-12-obsidian-scan/W4-wechat-1546-snapshot.md	
wechat-09d0f7bc8bd1	vault:processed/微信知识库/木木自由/01_数据分析必备/2025-04-10 如何编制一套数据治理+中台+资产入表+平台+可视化+数字化&实践&案例文档与方案.md	如何编制一套数据治理+中台+资产入表+平台+可视化+数字化&实践&案例文档与方案		K4+K5+K7+K8	locator-only	synthesis/2026-09-12-obsidian-scan/W4-wechat-1546-snapshot.md	
wechat-0a1b972aed74	vault:processed/微信知识库/宸帆海财会咨询服务/01_会计/2025-09-17 会计科目大白话.md	会计科目大白话		K1+K4+K6	locator-only	synthesis/2026-09-12-obsidian-scan/W4-wechat-1546-snapshot.md	
wechat-0a3aa44c0916	vault:processed/微信知识库/奔向自由的果/02_图解经营分析/【财务经营分析干货图解】财务分析如何抓重点？这4步闭环逻辑让你的思考更清晰.md	【财务经营分析干货图解】财务分析如何抓重点？这4步闭环逻辑让你的思考更清晰		K4+K6	locator-only	synthesis/2026-09-12-obsidian-scan/W4-wechat-1546-snapshot.md	
wechat-0a4b28ed7eb8	vault:processed/微信知识库/数据熊/04_经营分析/2025-01-27 数据驱动的经营分析：理论与实践.md	数据驱动的经营分析：理论与实践		K4+K5	locator-only	synthesis/2026-09-12-obsidian-scan/W4-wechat-1546-snapshot.md	
wechat-0b3256297bcd	vault:processed/微信知识库/木木自由/07_数据分析/2025-11-26 【产品运营必备】数据分析实战宝典：从入门到精通，驱动业务增长（附相关材料下载）.md	【产品运营必备】数据分析实战宝典：从入门到精通，驱动业务增长（附相关材料下载）		K4+K6+K8	locator-only	synthesis/2026-09-12-obsidian-scan/W4-wechat-1546-snapshot.md	
wechat-0b638a8a1bc8	vault:processed/微信知识库/宸帆海财会咨询服务/03_出口退税/2025-01-20 外贸型企业出口退税全解析！.md	外贸型企业出口退税全解析！		K1+K4+K6+K8	locator-only	synthesis/2026-09-12-obsidian-scan/W4-wechat-1546-snapshot.md	
wechat-0b9884c50a31	vault:processed/微信知识库/奔向自由的果/01_报表模板与看板/2026-08-25 税务筹划报表——月度综合税负率监控与申报差异分析报表.md	税务筹划报表——月度综合税负率监控与申报差异分析报表		K1+K4+K5+K6	locator-only	synthesis/2026-09-12-obsidian-scan/W4-wechat-1546-snapshot.md	
wechat-0be107c88c18	vault:processed/微信知识库/数据分析不是个事儿/01_数据分析/2024-08-22 这可能是最全的零售行业经营分析看板了，内附模版下载.md	这可能是最全的零售行业经营分析看板了，内附模版下载		K2+K4+K5+K6	locator-only	synthesis/2026-09-12-obsidian-scan/W4-wechat-1546-snapshot.md	
wechat-0c399e8c45d4	vault:processed/微信知识库/奔向自由的果/01_报表模板与看板/2026-04-11 财务绩效管理与考核跟踪专属看板—年度经营绩效 KPI 达成跟踪看板.md	财务绩效管理与考核跟踪专属看板—年度经营绩效 KPI 达成跟踪看板		K3+K4+K5+K6	locator-only	synthesis/2026-09-12-obsidian-scan/W4-wechat-1546-snapshot.md	
wechat-0c5dc488cff5	vault:processed/微信知识库/数据熊/02_财务管理/2025-11-10 存货周转率：没有拆解等于没有分析.md	存货周转率：没有拆解等于没有分析		K3+K5	locator-only	synthesis/2026-09-12-obsidian-scan/W4-wechat-1546-snapshot.md	
wechat-0c74a5efaaff	vault:processed/微信知识库/数据分析不是个事儿/01_数据分析/2025-01-03 直播电商数据分析难？你需要这份可视化报告！.md	直播电商数据分析难？你需要这份可视化报告！		K4+K5	locator-only	synthesis/2026-09-12-obsidian-scan/W4-wechat-1546-snapshot.md	
wechat-0c7c6d52ccb6	vault:processed/微信知识库/宸帆海财会咨询服务/01_会计/2024-05-15 收入确认知多少？.md	收入确认知多少？		K4+K6	locator-only	synthesis/2026-09-12-obsidian-scan/W4-wechat-1546-snapshot.md	
wechat-0cc9c7fb857c	vault:processed/微信知识库/木木自由/02_数据说/2021-09-05 【原创】数据分析是行业，还是技能？（下）.md	【原创】数据分析是行业，还是技能？（下）		K2+K4+K6	locator-only	synthesis/2026-09-12-obsidian-scan/W4-wechat-1546-snapshot.md	
wechat-0cd353806859	vault:processed/微信知识库/木木自由/01_数据分析必备/2025-03-26 《经营分析之市场 产品分析指南》：经营分析的底层逻辑解码、市场管理全景、麦肯锡产品战略规划手册····.md	《经营分析之市场/产品分析指南》：经营分析的底层逻辑解码、市场管理全景、麦肯锡产品战略规划手册····		K4+K8	locator-only	synthesis/2026-09-12-obsidian-scan/W4-wechat-1546-snapshot.md	
wechat-0cd87e704c59	vault:processed/微信知识库/数据熊/01_财务分析/2025-11-04 2025年10月财务分析PPT框架.md	2025年10月财务分析PPT框架		K6	locator-only	synthesis/2026-09-12-obsidian-scan/W4-wechat-1546-snapshot.md	
wechat-0cf4f074f2e5	vault:processed/微信知识库/宸帆海财会咨询服务/01_会计/2025-04-21 收藏备用！老会计的往来款乱账清理指南.md	收藏备用！老会计的往来款乱账清理指南		K1+K3+K4+K6+K7	locator-only	synthesis/2026-09-12-obsidian-scan/W4-wechat-1546-snapshot.md	
wechat-0d0413954923	vault:processed/微信知识库/木木自由/01_数据分析必备/2024-11-12 商业分析之战略分析指南：分析目标、分析内容、分析模型工具、经典框架体系···（附相关资料下载）.md	商业分析之战略分析指南：分析目标、分析内容、分析模型工具、经典框架体系···（附相关资料下载）		K4+K6+K8	locator-only	synthesis/2026-09-12-obsidian-scan/W4-wechat-1546-snapshot.md	
wechat-0d5a286cac91	vault:processed/微信知识库/木木自由/01_数据分析必备/2025-03-04 收藏！「PowerBI 在财务分析中的应用指南」：Power BI + DeepSeek模板、动态帕累托分析、动态财务分析案例.md	收藏！「PowerBI 在财务分析中的应用指南」：Power BI + DeepSeek模板、动态帕累托分析、动态财务分析案例		K4+K5+K6+K7+K8	locator-only	synthesis/2026-09-12-obsidian-scan/W4-wechat-1546-snapshot.md	
wechat-0dd4b4f3162d	vault:processed/微信知识库/宸帆海财会咨询服务/02_企业所得税/2024-11-12 企业财务如何通过税务自查避免税务稽查？.md	企业财务如何通过税务自查避免税务稽查？		K4+K6+K7	locator-only	synthesis/2026-09-12-obsidian-scan/W4-wechat-1546-snapshot.md	
wechat-0dec3c8bda71	vault:processed/微信知识库/木木自由/01_数据分析必备/2024-01-22 收藏 掌握高效数据分析的八个关键步骤（附数据分析思维与实战讲解材料等下载）.md	收藏 | 掌握高效数据分析的八个关键步骤（附数据分析思维与实战讲解材料等下载）		K3+K4+K8	locator-only	synthesis/2026-09-12-obsidian-scan/W4-wechat-1546-snapshot.md	
wechat-0e1ce7836387	vault:processed/微信知识库/宸帆海财会咨询服务/10_财务/2026-02-02 财务人不能犯的10大忌.md	财务人不能犯的10大忌		K1+K4+K6	locator-only	synthesis/2026-09-12-obsidian-scan/W4-wechat-1546-snapshot.md	
wechat-0e2161fe271c	vault:processed/微信知识库/木木自由/01_数据分析必备/2023-03-23 数据指标与数据标签应用、浪潮行业大数据治理平台方案（116页）、麦肯锡思维分析方法大合集、营销管理143个经典模型… 本周精华.md	数据指标与数据标签应用、浪潮行业大数据治理平台方案（116页）、麦肯锡思维分析方法大合集、营销管理143个经典模型…| 本周精华		K4+K8	locator-only	synthesis/2026-09-12-obsidian-scan/W4-wechat-1546-snapshot.md	
wechat-0e2ca6731100	vault:processed/微信知识库/宸帆海财会咨询服务/01_会计/2025-07-28 新会计准则下：高新企业账务处理分录.md	新会计准则下：高新企业账务处理分录		K1+K6	locator-only	synthesis/2026-09-12-obsidian-scan/W4-wechat-1546-snapshot.md	
wechat-0e5116bf7976	vault:processed/微信知识库/木木自由/01_数据分析必备/2024-09-24 企业数据资产化之路：实施路径、应用指南、管理制度、平台设计与研发实践···（附10+多份网易数据之路相关材料下载）.md	企业数据资产化之路：实施路径、应用指南、管理制度、平台设计与研发实践···（附10+多份网易数据之路相关材料下载）		K4+K6+K8	locator-only	synthesis/2026-09-12-obsidian-scan/W4-wechat-1546-snapshot.md	
wechat-0ea2eb4fa1c1	vault:processed/微信知识库/奔向自由的果/03_财务职场进阶/2026-06-17 财务人必背的 8 句反问金句，不背锅就靠它.md	财务人必背的 8 句反问金句，不背锅就靠它		K4+K6	locator-only	synthesis/2026-09-12-obsidian-scan/W4-wechat-1546-snapshot.md	
wechat-0ebf7b5f70d0	vault:processed/微信知识库/宸帆海财会咨询服务/03_出口退税/2024-11-18 出口退税政策调整对企业的影响有哪些？.md	出口退税政策调整对企业的影响有哪些？		K4+K6	locator-only	synthesis/2026-09-12-obsidian-scan/W4-wechat-1546-snapshot.md	
wechat-0ed843a86b35	vault:processed/微信知识库/奔向自由的果/02_图解经营分析/【财务经营分析干货图解】如何经营分析，高效打通财务数据与业务经营的“因果链路”.md	【财务经营分析干货图解】如何经营分析，高效打通财务数据与业务经营的“因果链路”		K4	locator-only	synthesis/2026-09-12-obsidian-scan/W4-wechat-1546-snapshot.md	
wechat-0edcf8ac2f25	vault:processed/微信知识库/木木自由/01_数据分析必备/2025-04-02 图解数据分类分级行业要求+《数据分类分级指南》.md	图解数据分类分级行业要求+《数据分类分级指南》		K4+K8	locator-only	synthesis/2026-09-12-obsidian-scan/W4-wechat-1546-snapshot.md	
wechat-0f22f2b1456a	vault:processed/微信知识库/数据熊/02_财务管理/2026-05-20 2026年4月库存分析报告.pptx.md	2026年4月库存分析报告.pptx		K4	locator-only	synthesis/2026-09-12-obsidian-scan/W4-wechat-1546-snapshot.md	
wechat-0f31a6719ffd	vault:processed/微信知识库/数据分析不是个事儿/01_数据分析/2025-05-13 为什么要做数据分析？一文详解5大数据分析方法.md	为什么要做数据分析？一文详解5大数据分析方法		K4+K5+K6	locator-only	synthesis/2026-09-12-obsidian-scan/W4-wechat-1546-snapshot.md	
wechat-0f9123c2ef15	vault:processed/微信知识库/宸帆海财会咨询服务/09_税务/2025-02-25 必看！财务人使用DeepSeek如何严防泄密.md	必看！财务人使用DeepSeek如何严防泄密		K7+K8	locator-only	synthesis/2026-09-12-obsidian-scan/W4-wechat-1546-snapshot.md	
wechat-0fbe2f438b5b	vault:processed/微信知识库/宸帆海财会咨询服务/02_企业所得税/2024-10-14 研发费用如何有效管控？.md	研发费用如何有效管控？		K2+K6	locator-only	synthesis/2026-09-12-obsidian-scan/W4-wechat-1546-snapshot.md	
wechat-0fc8fb894292	vault:processed/微信知识库/木木自由/03_小飞象交流会/2022-12-25 产品第一性原理&提升数据转化.md	产品第一性原理&提升数据转化		K6+K8	locator-only	synthesis/2026-09-12-obsidian-scan/W4-wechat-1546-snapshot.md	
wechat-0fe79b91ca7c	vault:processed/微信知识库/宸帆海财会咨询服务/03_出口退税/2025-05-14 0110一般贸易出口退税流程（2025精简版）.md	0110一般贸易出口退税流程（2025精简版）		K4+K6+K7+K8	locator-only	synthesis/2026-09-12-obsidian-scan/W4-wechat-1546-snapshot.md	
wechat-0fe949a3f759	vault:processed/微信知识库/木木自由/01_数据分析必备/2025-04-01 《现金流量表详细分析指南》.md	《现金流量表详细分析指南》		K1+K4+K7+K8	locator-only	synthesis/2026-09-12-obsidian-scan/W4-wechat-1546-snapshot.md	
wechat-1039fc890f25	vault:processed/微信知识库/数据分析不是个事儿/01_数据分析/2024-04-26 零售选品有困难？快来看看这套数据分析方案！.md	零售选品有困难？快来看看这套数据分析方案！		K4	locator-only	synthesis/2026-09-12-obsidian-scan/W4-wechat-1546-snapshot.md	
wechat-10426a9303b8	vault:processed/微信知识库/数据熊/04_经营分析/2025-08-22 毛利率+现金流：经营分析指标的黄金组合.md	毛利率+现金流：经营分析指标的黄金组合		K1+K3+K4+K6+K7+K8	locator-only	synthesis/2026-09-12-obsidian-scan/W4-wechat-1546-snapshot.md	
wechat-104287e5ea81	vault:processed/微信知识库/木木自由/01_数据分析必备/2021-07-11 【原创】以互联网行业为背景下的数据分析通识（下）.md	【原创】以互联网行业为背景下的数据分析通识（下）		K4+K5+K6+K8	locator-only	synthesis/2026-09-12-obsidian-scan/W4-wechat-1546-snapshot.md	
wechat-10476f8fb9f3	vault:processed/微信知识库/木木自由/01_数据分析必备/2023-11-20 收藏 数据分析三大场景之运营分析（附零售业会员运营分析案例下载）.md	收藏 |数据分析三大场景之运营分析（附零售业会员运营分析案例下载）		K4+K6+K8	locator-only	synthesis/2026-09-12-obsidian-scan/W4-wechat-1546-snapshot.md	
wechat-1066de9e164b	vault:processed/微信知识库/木木自由/01_数据分析必备/2025-02-07 「电商行业数据治理指南」，建议收藏！数据治理体系、规范、案例实践（附抖音、快手、阿里···等电商行业数据治理案例）.md	「电商行业数据治理指南」，建议收藏！数据治理体系、规范、案例实践（附抖音、快手、阿里···等电商行业数据治理案例）		K4+K6+K8	locator-only	synthesis/2026-09-12-obsidian-scan/W4-wechat-1546-snapshot.md	
wechat-10e049a8ccdf	vault:processed/微信知识库/宸帆海财会咨询服务/03_出口退税/2025-04-30 出口退税全流程实操手册→外贸企业.md	出口退税全流程实操手册→外贸企业		K4+K8	locator-only	synthesis/2026-09-12-obsidian-scan/W4-wechat-1546-snapshot.md	
wechat-1104a6edf51e	vault:processed/微信知识库/数据熊/04_经营分析/2026-06-29 2026年上半年成本分析报告.md	2026年上半年成本分析报告		K4+K6	locator-only	synthesis/2026-09-12-obsidian-scan/W4-wechat-1546-snapshot.md	
wechat-110660f4a40e	vault:processed/微信知识库/数据熊/02_财务管理/2025-10-22 新产品盈亏平衡测算模型.xlsx.md	新产品盈亏平衡测算模型.xlsx		K3+K4+K6	locator-only	synthesis/2026-09-12-obsidian-scan/W4-wechat-1546-snapshot.md	
wechat-111feb3fef29	vault:processed/微信知识库/宸帆海财会咨询服务/01_会计/2025-04-25 纯干货！会计工作常用税种计算公式.md	纯干货！会计工作常用税种计算公式			locator-only	synthesis/2026-09-12-obsidian-scan/W4-wechat-1546-snapshot.md	
wechat-1130eb927765	vault:processed/微信知识库/数据熊/04_经营分析/2025-05-20 从会计视角到经营视角：财务BP应该掌握的5个思维模型.md	从会计视角到经营视角：财务BP应该掌握的5个思维模型		K1+K3+K4+K6+K7	locator-only	synthesis/2026-09-12-obsidian-scan/W4-wechat-1546-snapshot.md	
wechat-113602e8c3f0	vault:processed/微信知识库/数据熊/02_财务管理/2026-06-24 2026年财务BP上半年工作总结及下半年工作计划.md	2026年财务BP上半年工作总结及下半年工作计划			locator-only	synthesis/2026-09-12-obsidian-scan/W4-wechat-1546-snapshot.md	
wechat-113d1e790610	vault:processed/微信知识库/木木自由/02_数据说/2020-04-12 【数据说第三期】同比和环比数据分析时，有哪些需要注意的点？.md	【数据说第三期】同比和环比数据分析时，有哪些需要注意的点？		K4	locator-only	synthesis/2026-09-12-obsidian-scan/W4-wechat-1546-snapshot.md	
wechat-115ddb11619a	vault:processed/微信知识库/宸帆海财会咨询服务/10_财务/2026-02-05 财务人员职责分工.md	财务人员职责分工		K4+K6+K7	locator-only	synthesis/2026-09-12-obsidian-scan/W4-wechat-1546-snapshot.md	
wechat-117283ef6080	vault:processed/微信知识库/宸帆海财会咨询服务/06_国际贸易/2024-10-28 财会人员如何应对财务数字化转型带来的挑战？.md	财会人员如何应对财务数字化转型带来的挑战？		K4+K6+K7+K8	locator-only	synthesis/2026-09-12-obsidian-scan/W4-wechat-1546-snapshot.md	
wechat-11b81d55f7b1	vault:processed/微信知识库/数据熊/02_财务管理/2025-05-02 八项规定下，财务的7个底线思维（附自查清单）.md	八项规定下，财务的7个底线思维（附自查清单）		K1+K4+K5+K6	locator-only	synthesis/2026-09-12-obsidian-scan/W4-wechat-1546-snapshot.md	
wechat-11c04d313c54	vault:processed/微信知识库/数据熊/04_经营分析/2025-09-02 经营分析，别老是“加强、优化、推进”（附ppt模板）.md	经营分析，别老是“加强、优化、推进”（附ppt模板）		K3+K4+K5	locator-only	synthesis/2026-09-12-obsidian-scan/W4-wechat-1546-snapshot.md	
wechat-11f1c7aefe90	vault:processed/微信知识库/宸帆海财会咨询服务/01_会计/2024-10-14 财务数据分析是企业决策的关键引擎吗？.md	财务数据分析是企业决策的关键引擎吗？		K2+K4+K5+K6+K8	locator-only	synthesis/2026-09-12-obsidian-scan/W4-wechat-1546-snapshot.md	
wechat-122425a3574c	vault:processed/微信知识库/木木自由/07_数据分析/2023-03-21 实战 淘宝用户转化路径分析和用户价值分类（7000字-附电商分析资料）.md	实战 | 淘宝用户转化路径分析和用户价值分类（7000字-附电商分析资料）		K4+K5+K6	locator-only	synthesis/2026-09-12-obsidian-scan/W4-wechat-1546-snapshot.md	
wechat-124665c90f0b	vault:processed/微信知识库/木木自由/01_数据分析必备/2024-08-05 数据湖相关指南：演进之路、实施方案、项目建设方案···（附数据仓库、数据中台、数据资产···等相关材料下载）.md	数据湖相关指南：演进之路、实施方案、项目建设方案···（附数据仓库、数据中台、数据资产···等相关材料下载）		K4+K5+K8	locator-only	synthesis/2026-09-12-obsidian-scan/W4-wechat-1546-snapshot.md	
wechat-126f340b581d	vault:processed/微信知识库/宸帆海财会咨询服务/03_出口退税/2025-05-15 干货！外贸出口账务处理15大高频问答.md	干货！外贸出口账务处理15大高频问答		K1+K4+K6+K7	locator-only	synthesis/2026-09-12-obsidian-scan/W4-wechat-1546-snapshot.md	
wechat-12b3ae64a22a	vault:processed/微信知识库/宸帆海财会咨询服务/02_企业所得税/2025-03-19 必看！股权0元转让的十大核心要点.md	必看！股权0元转让的十大核心要点		K4+K6+K8	locator-only	synthesis/2026-09-12-obsidian-scan/W4-wechat-1546-snapshot.md	
wechat-12b7ca4b6305	vault:processed/微信知识库/数据熊/01_财务分析/2026-03-24 2026年2月财务分析报告.md	2026年2月财务分析报告		K4+K5	locator-only	synthesis/2026-09-12-obsidian-scan/W4-wechat-1546-snapshot.md	
wechat-12db27342283	vault:processed/微信知识库/数据分析不是个事儿/01_数据分析/2024-11-25 贷款利率又下调了？教你如何将数据运用到资产管理中.md	贷款利率又下调了？教你如何将数据运用到资产管理中		K4+K5+K6	locator-only	synthesis/2026-09-12-obsidian-scan/W4-wechat-1546-snapshot.md	
wechat-12dc77d2a18e	vault:processed/微信知识库/数据熊/02_财务管理/2025-04-10 财务共享中心：建好了是效率，建不好就是累赘（附方案及案例）.md	财务共享中心：建好了是效率，建不好就是累赘（附方案及案例）		K1+K4+K6	locator-only	synthesis/2026-09-12-obsidian-scan/W4-wechat-1546-snapshot.md	
wechat-12ddd3d71a2f	vault:processed/微信知识库/数据熊/04_经营分析/2026-01-01 「经营分析驾驶舱」终于做好了：一场会议看清收入、利润和现金流.md	「经营分析驾驶舱」终于做好了：一场会议看清收入、利润和现金流		K4+K5+K6	locator-only	synthesis/2026-09-12-obsidian-scan/W4-wechat-1546-snapshot.md	
wechat-12e855775191	vault:processed/微信知识库/木木自由/01_数据分析必备/2024-10-16 财务分析的关键点？怎么做？搞懂财务分析基本思路和方法！（附相关材料下载）.md	财务分析的关键点？怎么做？搞懂财务分析基本思路和方法！（附相关材料下载）		K2+K3+K4+K6+K8	locator-only	synthesis/2026-09-12-obsidian-scan/W4-wechat-1546-snapshot.md	
wechat-13001e536b5d	vault:processed/微信知识库/奔向自由的果/02_图解经营分析/财务总监亲授：成本控制四步法，让利润翻倍.md	财务总监亲授：成本控制四步法，让利润翻倍		K4+K6	locator-only	synthesis/2026-09-12-obsidian-scan/W4-wechat-1546-snapshot.md	
wechat-13271fb4326f	vault:processed/微信知识库/数据分析不是个事儿/01_数据分析/2024-12-24 如何让数据分析贴近实际场景，你需要这套高落地性指标.md	如何让数据分析贴近实际场景，你需要这套高落地性指标		K4+K5	locator-only	synthesis/2026-09-12-obsidian-scan/W4-wechat-1546-snapshot.md	
wechat-1348b70c93e7	vault:processed/微信知识库/木木自由/03_小飞象交流会/2022-06-27 数据人如何在诡谲莫测的办公室政治中生存下来.md	数据人如何在诡谲莫测的办公室政治中生存下来		K4+K5+K8	locator-only	synthesis/2026-09-12-obsidian-scan/W4-wechat-1546-snapshot.md	
wechat-1364fddff779	vault:processed/微信知识库/数据熊/03_财务报表/2025-03-31 如何搭建高质量的经营指标体系.md	如何搭建高质量的经营指标体系		K1+K2+K3+K4+K5+K6	locator-only	synthesis/2026-09-12-obsidian-scan/W4-wechat-1546-snapshot.md	
wechat-13b660793cf1	vault:processed/微信知识库/数据熊/04_经营分析/2026-02-08 2026年1月经营分析报告（案例）.md	2026年1月经营分析报告（案例）		K4+K6	locator-only	synthesis/2026-09-12-obsidian-scan/W4-wechat-1546-snapshot.md	
wechat-13c5915a1b56	vault:processed/微信知识库/木木自由/01_数据分析必备/2025-03-10 「经营分析之平衡记分卡指南」：平衡计分卡(BSC)应用理论与实践及四个维度指标的基本思路、平衡计分卡指标大全····.md	「经营分析之平衡记分卡指南」：平衡计分卡(BSC)应用理论与实践及四个维度指标的基本思路、平衡计分卡指标大全····		K1+K4+K6+K8	locator-only	synthesis/2026-09-12-obsidian-scan/W4-wechat-1546-snapshot.md	
wechat-13c65df5db89	vault:processed/微信知识库/木木自由/07_数据分析/2024-03-19 2024行业指标体系白皮书【90页 附下载】.md	2024行业指标体系白皮书【90页 附下载】		K4	locator-only	synthesis/2026-09-12-obsidian-scan/W4-wechat-1546-snapshot.md	
wechat-13c76d0e60f9	vault:processed/微信知识库/奔向自由的果/02_图解经营分析/【图解财务干货】财务经理必备：3层分析法让老板追着你要报告.md	【图解财务干货】财务经理必备：3层分析法让老板追着你要报告		K4+K6	locator-only	synthesis/2026-09-12-obsidian-scan/W4-wechat-1546-snapshot.md	
wechat-1452a64fac00	vault:processed/微信知识库/宸帆海财会咨询服务/02_企业所得税/2024-12-26 企业所得税申报表填写时常见的错误有哪些？.md	企业所得税申报表填写时常见的错误有哪些？		K6+K8	locator-only	synthesis/2026-09-12-obsidian-scan/W4-wechat-1546-snapshot.md	
wechat-146cccbac059	vault:processed/微信知识库/数据熊/02_财务管理/2025-01-12 财务部如何通过成本管理为企业创造价值？.md	财务部如何通过成本管理为企业创造价值？		K3+K4+K6	locator-only	synthesis/2026-09-12-obsidian-scan/W4-wechat-1546-snapshot.md	
wechat-146ecd65b3f9	vault:processed/微信知识库/数据熊/04_经营分析/2025-11-27 经营分析：要敢于给出判断和建议.md	经营分析：要敢于给出判断和建议		K4+K6	locator-only	synthesis/2026-09-12-obsidian-scan/W4-wechat-1546-snapshot.md	
wechat-147f9018024c	vault:processed/微信知识库/宸帆海财会咨询服务/09_税务/2025-03-09 DeepSeek审计人使用指南！.md	DeepSeek审计人使用指南！		K4+K5+K6+K7+K8	locator-only	synthesis/2026-09-12-obsidian-scan/W4-wechat-1546-snapshot.md	
wechat-148754d7666e	vault:processed/微信知识库/木木自由/01_数据分析必备/2022-06-12 【原创】数据分析中“如何定义问题”一些思考和见解.md	【原创】数据分析中“如何定义问题”一些思考和见解		K4+K6	locator-only	synthesis/2026-09-12-obsidian-scan/W4-wechat-1546-snapshot.md	
wechat-14d3dd9bc5e0	vault:processed/微信知识库/木木自由/01_数据分析必备/2025-02-17 Python数据分析与应用指南手册.md	Python数据分析与应用指南手册		K4+K5+K8	locator-only	synthesis/2026-09-12-obsidian-scan/W4-wechat-1546-snapshot.md	
wechat-14d5c4eedf67	vault:processed/微信知识库/数据熊/04_经营分析/2025-06-10 财务为企业创造价值的五种方式.md	财务为企业创造价值的五种方式		K4+K5+K6	locator-only	synthesis/2026-09-12-obsidian-scan/W4-wechat-1546-snapshot.md	
wechat-154783c89da4	vault:processed/微信知识库/木木自由/01_数据分析必备/2025-02-28 收藏！「企业指标体系管理指南」：一体化指标体系框架、经营管理指标库、企业指标体系搭建及管理···.md	收藏！「企业指标体系管理指南」：一体化指标体系框架、经营管理指标库、企业指标体系搭建及管理···		K4+K8	locator-only	synthesis/2026-09-12-obsidian-scan/W4-wechat-1546-snapshot.md	
wechat-1573bbffa607	vault:processed/微信知识库/木木自由/01_数据分析必备/2024-10-31 数据资产盘点及治理路径与方法（附相关资料下载）.md	数据资产盘点及治理路径与方法（附相关资料下载）		K4+K7+K8	locator-only	synthesis/2026-09-12-obsidian-scan/W4-wechat-1546-snapshot.md	
wechat-15942f63120d	vault:processed/微信知识库/奔向自由的果/01_报表模板与看板/2026-05-22 经营分析：ROE 杜邦拆解分析报表.md	经营分析：ROE 杜邦拆解分析报表		K2+K3+K4+K5	locator-only	synthesis/2026-09-12-obsidian-scan/W4-wechat-1546-snapshot.md	
wechat-15a0d533b03c	vault:processed/微信知识库/数据熊/04_经营分析/2026-06-10 2026年5月经营分析报告.pptx.md	2026年5月经营分析报告.pptx		K4	locator-only	synthesis/2026-09-12-obsidian-scan/W4-wechat-1546-snapshot.md	
wechat-15b4986cf909	vault:processed/微信知识库/数据熊/02_财务管理/2025-01-14 财务分析报告，如何做到信雅达？.md	财务分析报告，如何做到信雅达？		K3+K4+K6	locator-only	synthesis/2026-09-12-obsidian-scan/W4-wechat-1546-snapshot.md	
wechat-15b930a26eb7	vault:processed/微信知识库/木木自由/02_数据说/2021-11-14 【原创】生命周期分析思维的一些基本思考与见解.md	【原创】生命周期分析思维的一些基本思考与见解		K4+K6+K8	locator-only	synthesis/2026-09-12-obsidian-scan/W4-wechat-1546-snapshot.md	
wechat-15c89a0e5479	vault:processed/微信知识库/木木自由/01_数据分析必备/2025-01-22 数据治理与数据指标库规划指南：数据指标体系、数据治理路线、标准、方法论和案例····.md	数据治理与数据指标库规划指南：数据指标体系、数据治理路线、标准、方法论和案例····		K4+K8	locator-only	synthesis/2026-09-12-obsidian-scan/W4-wechat-1546-snapshot.md	
wechat-15e92ec3434f	vault:processed/微信知识库/木木自由/01_数据分析必备/2020-12-04 数据分析之道：抽丝剥茧，存乎一心.md	数据分析之道：抽丝剥茧，存乎一心		K4+K5+K6+K8	locator-only	synthesis/2026-09-12-obsidian-scan/W4-wechat-1546-snapshot.md	
wechat-15f82b6c53fa	vault:processed/微信知识库/奔向自由的果/02_图解经营分析/【经营分析干货图解】五力模型怎么用？手把手教你做行业分析.md	【经营分析干货图解】五力模型怎么用？手把手教你做行业分析		K4	locator-only	synthesis/2026-09-12-obsidian-scan/W4-wechat-1546-snapshot.md	
wechat-1607e2596435	vault:processed/微信知识库/宸帆海财会咨询服务/10_财务/2025-12-18 公转私的9种合法行为.md	公转私的9种合法行为		K4+K6	locator-only	synthesis/2026-09-12-obsidian-scan/W4-wechat-1546-snapshot.md	
wechat-166cc05a6ea1	vault:processed/微信知识库/数据分析不是个事儿/01_数据分析/2024-01-16 五千字详解以双十一大促为例的电商活动分析.md	五千字详解以双十一大促为例的电商活动分析		K4+K6	locator-only	synthesis/2026-09-12-obsidian-scan/W4-wechat-1546-snapshot.md	
wechat-168bd3769675	vault:processed/微信知识库/木木自由/01_数据分析必备/2023-08-20 数字化转型时代—人人必学的7项商业分析思维.md	数字化转型时代—人人必学的7项商业分析思维		K4+K6	locator-only	synthesis/2026-09-12-obsidian-scan/W4-wechat-1546-snapshot.md	
wechat-169cbe25dce6	vault:processed/微信知识库/宸帆海财会咨询服务/09_税务/2025-06-29 税务局发布！企业的16个税务风险点.md	税务局发布！企业的16个税务风险点		K4+K6	locator-only	synthesis/2026-09-12-obsidian-scan/W4-wechat-1546-snapshot.md	
wechat-16ca37934447	vault:processed/微信知识库/木木自由/01_数据分析必备/2023-03-31 5WHY分析法、用户画像解析、企业多用户商城（B2B2C）平台建设与运营解决方案、180页企业大数据治理技术方案… 本周精华.md	5WHY分析法、用户画像解析、企业多用户商城（B2B2C）平台建设与运营解决方案、180页企业大数据治理技术方案…| 本周精华		K4+K5+K6+K8	locator-only	synthesis/2026-09-12-obsidian-scan/W4-wechat-1546-snapshot.md	
wechat-16e300952be8	vault:processed/微信知识库/宸帆海财会咨询服务/09_税务/2025-08-26 增值税留抵退税新政6大变化.md	增值税留抵退税新政6大变化		K4	locator-only	synthesis/2026-09-12-obsidian-scan/W4-wechat-1546-snapshot.md	
wechat-16fa6f171c5b	vault:processed/微信知识库/宸帆海财会咨询服务/10_财务/2025-04-26 CFO力荐！30个财务核心指标与公式.md	CFO力荐！30个财务核心指标与公式		K2+K3+K4+K6	locator-only	synthesis/2026-09-12-obsidian-scan/W4-wechat-1546-snapshot.md	
wechat-1795fb508f20	vault:processed/微信知识库/数据分析不是个事儿/01_数据分析/2025-12-04 数据分析师必备的36个核心模型与方法，从战略到运营一网打尽！.md	数据分析师必备的36个核心模型与方法，从战略到运营一网打尽！		K4+K5+K6	locator-only	synthesis/2026-09-12-obsidian-scan/W4-wechat-1546-snapshot.md	
wechat-17c95f98a17a	vault:processed/微信知识库/奔向自由的果/03_财务职场进阶/2025-12-02 如何从“执行会计”到“战略财务”：如何向上破圈.md	如何从“执行会计”到“战略财务”：如何向上破圈		K4+K6	locator-only	synthesis/2026-09-12-obsidian-scan/W4-wechat-1546-snapshot.md	
wechat-183db2e9c258	vault:processed/微信知识库/数据熊/04_经营分析/2026-08-23 2026年8月经营分析报告.pptx.md	2026年8月经营分析报告.pptx		K4	locator-only	synthesis/2026-09-12-obsidian-scan/W4-wechat-1546-snapshot.md	
wechat-18630c8392a0	vault:processed/微信知识库/宸帆海财会咨询服务/01_会计/2024-09-03 庞氏骗局的常见手段有哪些？.md	庞氏骗局的常见手段有哪些？		K8	locator-only	synthesis/2026-09-12-obsidian-scan/W4-wechat-1546-snapshot.md	
wechat-18c1fc60af80	vault:processed/微信知识库/数据熊/04_经营分析/2025-11-11 2025年总经理工作总结（可下载PPT）.md	2025年总经理工作总结（可下载PPT）		K4	locator-only	synthesis/2026-09-12-obsidian-scan/W4-wechat-1546-snapshot.md	
wechat-18d07157dc01	vault:processed/微信知识库/木木自由/01_数据分析必备/2025-02-24 「消费者行为分析指南」：解读消费者行为背后的深层动机、消费者洞察、用户行为数据分析知识体系、数据标签体系···.md	「消费者行为分析指南」：解读消费者行为背后的深层动机、消费者洞察、用户行为数据分析知识体系、数据标签体系···		K4+K6+K8	locator-only	synthesis/2026-09-12-obsidian-scan/W4-wechat-1546-snapshot.md	
wechat-190337612167	vault:processed/微信知识库/木木自由/01_数据分析必备/2025-03-18 《最全面的财务分析框架-哈佛分析框架指南》：战略分析、会计分析、财务分析和前景分析···.md	《最全面的财务分析框架-哈佛分析框架指南》：战略分析、会计分析、财务分析和前景分析···		K2+K4+K6	locator-only	synthesis/2026-09-12-obsidian-scan/W4-wechat-1546-snapshot.md	
wechat-191da03cc72c	vault:processed/微信知识库/数据熊/01_财务分析/2026-02-22 2025年财务分析报告.md	2025年财务分析报告		K6	locator-only	synthesis/2026-09-12-obsidian-scan/W4-wechat-1546-snapshot.md	
wechat-193d1c1ded9e	vault:processed/微信知识库/数据熊/04_经营分析/2024-12-15 突破部门壁垒：用数据讲好财务与业务的故事（案例与方法）.md	突破部门壁垒：用数据讲好财务与业务的故事（案例与方法）		K2+K3+K4+K6	locator-only	synthesis/2026-09-12-obsidian-scan/W4-wechat-1546-snapshot.md	
wechat-194513203980	vault:processed/微信知识库/木木自由/01_数据分析必备/2023-08-13 拨云见日：企业数字化转型实践与探索.md	拨云见日：企业数字化转型实践与探索		K4+K8	locator-only	synthesis/2026-09-12-obsidian-scan/W4-wechat-1546-snapshot.md	
wechat-1965765f7341	vault:processed/微信知识库/奔向自由的果/03_财务职场进阶/2026-04-05 财务汇报老板总听不懂？一定要：结论先行、业务拆解、给出方案.md	财务汇报老板总听不懂？一定要：结论先行、业务拆解、给出方案		K2+K3+K4+K6	locator-only	synthesis/2026-09-12-obsidian-scan/W4-wechat-1546-snapshot.md	
wechat-19d0609fc8f6	vault:processed/微信知识库/木木自由/01_数据分析必备/2024-08-19 数据资产三次入表，全流程实施指南（附相关材料下载）.md	数据资产三次入表，全流程实施指南（附相关材料下载）		K4+K6+K8	locator-only	synthesis/2026-09-12-obsidian-scan/W4-wechat-1546-snapshot.md	
wechat-19f9c08c4848	vault:processed/微信知识库/奔向自由的果/02_图解经营分析/【财务风险管控干货图解】从“未知”到“可控”：企业经营风险的底层逻辑与解决方案.md	【财务风险管控干货图解】从“未知”到“可控”：企业经营风险的底层逻辑与解决方案		K4+K6	locator-only	synthesis/2026-09-12-obsidian-scan/W4-wechat-1546-snapshot.md	
wechat-1a248643a79b	vault:processed/微信知识库/数据熊/02_财务管理/2025-01-18 为什么优秀的财务总监一定是精通业务的？.md	为什么优秀的财务总监一定是精通业务的？		K4+K6	locator-only	synthesis/2026-09-12-obsidian-scan/W4-wechat-1546-snapshot.md	
wechat-1a526d4cd9c5	vault:processed/微信知识库/木木自由/02_数据说/2023-09-27 收藏 如何形成数据分析思路？（附资料下载）.md	收藏 | 如何形成数据分析思路？（附资料下载）		K2+K4+K5+K8	locator-only	synthesis/2026-09-12-obsidian-scan/W4-wechat-1546-snapshot.md	
wechat-1a7d59bd3f3b	vault:processed/微信知识库/木木自由/01_数据分析必备/2025-03-12 《市场营销分析模型指南》：市场营销和品牌创意全链路工作流梳理····.md	《市场营销分析模型指南》：市场营销和品牌创意全链路工作流梳理····		K4+K8	locator-only	synthesis/2026-09-12-obsidian-scan/W4-wechat-1546-snapshot.md	
wechat-1a8d6234fa0a	vault:processed/微信知识库/木木自由/01_数据分析必备/2025-02-24 《数据标签体系构建指南》：企业数据指标与标签体系应用架构设计方案（33页PPT）.md	《数据标签体系构建指南》：企业数据指标与标签体系应用架构设计方案（33页PPT）		K4+K8	locator-only	synthesis/2026-09-12-obsidian-scan/W4-wechat-1546-snapshot.md	
wechat-1aab3bec9463	vault:processed/微信知识库/木木自由/01_数据分析必备/2024-12-23 「经营分析之年度经营计划方案」，建议收藏！方法论、实施手册、常见工具的详细拆解···.md	「经营分析之年度经营计划方案」，建议收藏！方法论、实施手册、常见工具的详细拆解···		K4+K6	locator-only	synthesis/2026-09-12-obsidian-scan/W4-wechat-1546-snapshot.md	
wechat-1ac0ddfe532d	vault:processed/微信知识库/数据分析不是个事儿/01_数据分析/2024-09-24 一文讲清：零售行业典型场景分析怎么做？附全套模板下载！.md	一文讲清：零售行业典型场景分析怎么做？附全套模板下载！		K4+K5	locator-only	synthesis/2026-09-12-obsidian-scan/W4-wechat-1546-snapshot.md	
wechat-1b10ac2f5854	vault:processed/微信知识库/宸帆海财会咨询服务/04_汇算清缴/2025-03-13 退税了！2024年度个税汇算，年终奖计税选对多拿几千块.md	退税了！2024年度个税汇算，年终奖计税选对多拿几千块		K6	locator-only	synthesis/2026-09-12-obsidian-scan/W4-wechat-1546-snapshot.md	
wechat-1b4ea2b0c07b	vault:processed/微信知识库/数据熊/03_财务报表/2024-11-19 一文讲清净利润和现金流的逻辑关系.md	一文讲清净利润和现金流的逻辑关系		K1+K4+K6	locator-only	synthesis/2026-09-12-obsidian-scan/W4-wechat-1546-snapshot.md	
wechat-1b756f5b913c	vault:processed/微信知识库/奔向自由的果/01_报表模板与看板/2026-05-15 季度经营报表：经营指标同比环比分析报表（PPT+EXCEL）.md	季度经营报表：经营指标同比环比分析报表（PPT+EXCEL）		K3+K4+K5+K6	locator-only	synthesis/2026-09-12-obsidian-scan/W4-wechat-1546-snapshot.md	
wechat-1ba0d31ca30b	vault:processed/微信知识库/数据熊/04_经营分析/2025-11-30 2025年11月经营分析PPT框架（附PPT模板）.md	2025年11月经营分析PPT框架（附PPT模板）		K4+K6	locator-only	synthesis/2026-09-12-obsidian-scan/W4-wechat-1546-snapshot.md	
wechat-1ba3b6f838f4	vault:processed/微信知识库/木木自由/02_数据说/2020-04-18 【数据说第四期】数据监控体系重要性以及怎么搭建？.md	【数据说第四期】数据监控体系重要性以及怎么搭建？		K4+K5+K6	locator-only	synthesis/2026-09-12-obsidian-scan/W4-wechat-1546-snapshot.md	
wechat-1bb07c7ecf07	vault:processed/微信知识库/宸帆海财会咨询服务/10_财务/2025-09-30 25个财务分析常用指标（二）.md	25个财务分析常用指标（二）		K2+K3+K4+K6	locator-only	synthesis/2026-09-12-obsidian-scan/W4-wechat-1546-snapshot.md	
wechat-1bb393f3636a	vault:processed/微信知识库/数据熊/04_经营分析/2025-02-20 DeepSeek经营分析实战案例（三大模型分析能力对比）.md	DeepSeek经营分析实战案例（三大模型分析能力对比）		K2+K4+K5+K6+K8	locator-only	synthesis/2026-09-12-obsidian-scan/W4-wechat-1546-snapshot.md	
wechat-1bc141f406aa	vault:processed/微信知识库/数据熊/04_经营分析/2026-01-21 详解美的集团经营分析体系.md	详解美的集团经营分析体系		K2+K4+K6	locator-only	synthesis/2026-09-12-obsidian-scan/W4-wechat-1546-snapshot.md	
wechat-1bc1f27f5e5a	vault:processed/微信知识库/奔向自由的果/02_图解经营分析/【财务资金管理干货图解】集团资金预测模型：从合并抵消到内部调拨.md	【财务资金管理干货图解】集团资金预测模型：从合并抵消到内部调拨		K4+K6+K8	locator-only	synthesis/2026-09-12-obsidian-scan/W4-wechat-1546-snapshot.md	
wechat-1bca8049829e	vault:processed/微信知识库/数据分析不是个事儿/05_入门精选/2021-01-05 我的数据分析转行之路.md	我的数据分析转行之路			locator-only	synthesis/2026-09-12-obsidian-scan/W4-wechat-1546-snapshot.md	
wechat-1c00dd334cc3	vault:processed/微信知识库/宸帆海财会咨询服务/02_企业所得税/2024-11-13 公司注销在即，账面有800万遗留存货（实则无货），如何省税处理？.md	公司注销在即，账面有800万遗留存货（实则无货），如何省税处理？		K6	locator-only	synthesis/2026-09-12-obsidian-scan/W4-wechat-1546-snapshot.md	
wechat-1c097bae1019	vault:processed/微信知识库/木木自由/01_数据分析必备/2020-12-31 从0-1构建用户画像数据分析流程 (2).md	从0-1构建用户画像数据分析流程		K4+K5+K8	locator-only	synthesis/2026-09-12-obsidian-scan/W4-wechat-1546-snapshot.md	
wechat-1c1da4a0c33d	vault:processed/微信知识库/数据熊/02_财务管理/2025-06-29 新会计法下，财务人员一定要坚守底线.md	新会计法下，财务人员一定要坚守底线		K3+K4+K6+K7	locator-only	synthesis/2026-09-12-obsidian-scan/W4-wechat-1546-snapshot.md	
wechat-1c35bdef54ac	vault:processed/微信知识库/木木自由/01_数据分析必备/2021-08-15 【原创】浅谈在探索数分之路上“数据思维”培养.md	【原创】浅谈在探索数分之路上“数据思维”培养		K4+K6	locator-only	synthesis/2026-09-12-obsidian-scan/W4-wechat-1546-snapshot.md	
wechat-1c770f4fcf6b	vault:processed/微信知识库/奔向自由的果/01_报表模板与看板/2026-04-30 财务经理 2026 年 4 月月度汇报 PPT，EXCEL看板：费用管控、预算执行、降本增效全链路.md	财务经理 2026 年 4 月月度汇报 PPT，EXCEL看板：费用管控、预算执行、降本增效全链路		K4+K5+K6	locator-only	synthesis/2026-09-12-obsidian-scan/W4-wechat-1546-snapshot.md	
wechat-1cbfeefc302e	vault:processed/微信知识库/数据熊/04_经营分析/2025-10-14 经营分析的关键是做好“路径分析”，而不是“数据分析”.md	经营分析的关键是做好“路径分析”，而不是“数据分析”		K3+K4+K5+K6+K7+K8	locator-only	synthesis/2026-09-12-obsidian-scan/W4-wechat-1546-snapshot.md	
wechat-1cdb0313f97b	vault:processed/微信知识库/木木自由/01_数据分析必备/2024-11-04 顶级商业分析模型工具：框架、案例、应用···（附相关资料下载）.md	顶级商业分析模型工具：框架、案例、应用···（附相关资料下载）		K4+K6+K8	locator-only	synthesis/2026-09-12-obsidian-scan/W4-wechat-1546-snapshot.md	
wechat-1ce0457c3b26	vault:processed/微信知识库/奔向自由的果/03_财务职场进阶/2026-04-26 财务人升不上去怎么办？三步破局：懂业务、提观点、建思维.md	财务人升不上去怎么办？三步破局：懂业务、提观点、建思维		K4+K6+K8	locator-only	synthesis/2026-09-12-obsidian-scan/W4-wechat-1546-snapshot.md	
wechat-1cf092df8b84	vault:processed/微信知识库/奔向自由的果/03_财务职场进阶/2026-06-29 从流水账到价值证明：财务税务岗年中总结的正确打开方式.md	从流水账到价值证明：财务税务岗年中总结的正确打开方式		K4+K6	locator-only	synthesis/2026-09-12-obsidian-scan/W4-wechat-1546-snapshot.md	
wechat-1d310a64b36c	vault:processed/微信知识库/宸帆海财会咨询服务/04_汇算清缴/2025-02-17 别错过！3月底前个人所得税经营所得汇算清缴，这些要点必知.md	别错过！3月底前个人所得税经营所得汇算清缴，这些要点必知		K4+K6	locator-only	synthesis/2026-09-12-obsidian-scan/W4-wechat-1546-snapshot.md	
wechat-1d44fde054c6	vault:processed/微信知识库/木木自由/07_数据分析/2026-02-11 《数据分析方法手册》：定义、价值、思路、全流程实操指南、数据分析方法常用总结及案例···（附相关材料下载）.md	《数据分析方法手册》：定义、价值、思路、全流程实操指南、数据分析方法常用总结及案例···（附相关材料下载）		K4+K5+K8	locator-only	synthesis/2026-09-12-obsidian-scan/W4-wechat-1546-snapshot.md	
wechat-1d85664fba76	vault:processed/微信知识库/数据分析不是个事儿/01_数据分析/2025-01-09 这是我见过最好的「电商精细化运营方案」，建议收藏！.md	这是我见过最好的「电商精细化运营方案」，建议收藏！		K4+K5	locator-only	synthesis/2026-09-12-obsidian-scan/W4-wechat-1546-snapshot.md	
wechat-1d8f5dcf84dd	vault:processed/微信知识库/宸帆海财会咨询服务/09_税务/2025-08-03 2025电商税收新政策.md	2025电商税收新政策		K4+K8	locator-only	synthesis/2026-09-12-obsidian-scan/W4-wechat-1546-snapshot.md	
wechat-1dabef3b6a0a	vault:processed/微信知识库/木木自由/02_数据说/2022-11-27 《SQL必知必会》：SQL学习路径总结梳理.md	《SQL必知必会》：SQL学习路径总结梳理		K4+K8	locator-only	synthesis/2026-09-12-obsidian-scan/W4-wechat-1546-snapshot.md	
wechat-1de1baf89f23	vault:processed/微信知识库/木木自由/01_数据分析必备/2021-01-07 转型到数据分析师（我的一些心得体会）.md	转型到数据分析师（我的一些心得体会）		K4+K8	locator-only	synthesis/2026-09-12-obsidian-scan/W4-wechat-1546-snapshot.md	
wechat-1e1cfafd6347	vault:processed/微信知识库/宸帆海财会咨询服务/07_财务报表/2025-03-26 干货！财务、会计、税务常用公式汇总.md	干货！财务、会计、税务常用公式汇总		K3+K6+K8	locator-only	synthesis/2026-09-12-obsidian-scan/W4-wechat-1546-snapshot.md	
wechat-1e718773f79e	vault:processed/微信知识库/数据熊/04_经营分析/2026-03-10 详解美的集团经营分析体系.md	详解美的集团经营分析体系		K2+K4+K6	locator-only	synthesis/2026-09-12-obsidian-scan/W4-wechat-1546-snapshot.md	
wechat-1e897be43130	vault:processed/微信知识库/木木自由/02_数据说/2020-06-07 【数据说第十一期】如何分析“活跃数据”，优化业务增长策略？.md	【数据说第十一期】如何分析“活跃数据”，优化业务增长策略？		K2+K4+K6+K8	locator-only	synthesis/2026-09-12-obsidian-scan/W4-wechat-1546-snapshot.md	
wechat-1eba376c4082	vault:processed/微信知识库/木木自由/01_数据分析必备/2025-03-05 零售行业数据分析指南：思路、方法与应用（196页 PPT）.md	零售行业数据分析指南：思路、方法与应用（196页 PPT）		K4+K8	locator-only	synthesis/2026-09-12-obsidian-scan/W4-wechat-1546-snapshot.md	
wechat-1eba9d4cbb67	vault:processed/微信知识库/数据熊/04_经营分析/2026-07-09 2026年上半年运营分析报告.pptx.md	2026年上半年运营分析报告.pptx		K4	locator-only	synthesis/2026-09-12-obsidian-scan/W4-wechat-1546-snapshot.md	
wechat-1ed98b5220d6	vault:processed/微信知识库/数据分析不是个事儿/01_数据分析/2024-10-19 这是我见过最实用的用户流失分析，内含模板，直接套用！.md	这是我见过最实用的用户流失分析，内含模板，直接套用！		K4+K6	locator-only	synthesis/2026-09-12-obsidian-scan/W4-wechat-1546-snapshot.md	
wechat-1ee07d0fa219	vault:processed/微信知识库/数据熊/04_经营分析/2026-05-12 2026年4月销售分析报告.md	2026年4月销售分析报告		K4+K6	locator-only	synthesis/2026-09-12-obsidian-scan/W4-wechat-1546-snapshot.md	
wechat-1f4c188ef976	vault:processed/微信知识库/宸帆海财会咨询服务/10_财务/2025-09-30 25个财务分析常用指标（一）.md	25个财务分析常用指标（一）		K3+K4+K6	locator-only	synthesis/2026-09-12-obsidian-scan/W4-wechat-1546-snapshot.md	
wechat-1f564fd73646	vault:processed/微信知识库/数据熊/04_经营分析/2026-01-02 从0到1搭建经营分析体系.md	从0到1搭建经营分析体系		K4+K6	locator-only	synthesis/2026-09-12-obsidian-scan/W4-wechat-1546-snapshot.md	
wechat-1f60a771cb63	vault:processed/微信知识库/木木自由/01_数据分析必备/2025-04-17 数据流动治理整体解决方案（45页PPT）.md	数据流动治理整体解决方案（45页PPT）		K4+K7+K8	locator-only	synthesis/2026-09-12-obsidian-scan/W4-wechat-1546-snapshot.md	
wechat-1f6f328cc297	vault:processed/微信知识库/宸帆海财会咨询服务/03_出口退税/2025-03-30 必藏！2025 外贸出口退税全方位指南.md	必藏！2025 外贸出口退税全方位指南		K4+K6+K7+K8	locator-only	synthesis/2026-09-12-obsidian-scan/W4-wechat-1546-snapshot.md	
wechat-1fbeab1e99e5	vault:processed/微信知识库/数据熊/01_财务分析/2025-09-04 真正有效的财务分析，必须穿透到业务（附PPT模板）.md	真正有效的财务分析，必须穿透到业务（附PPT模板）		K3+K4+K6	locator-only	synthesis/2026-09-12-obsidian-scan/W4-wechat-1546-snapshot.md	
wechat-200c447b532c	vault:processed/微信知识库/木木自由/01_数据分析必备/2025-01-15 商家运营之经营分析需要哪些指标？客流增长率、盈亏平衡点、客流增长率、销售增长率···.md	商家运营之经营分析需要哪些指标？客流增长率、盈亏平衡点、客流增长率、销售增长率···		K2+K4+K6	locator-only	synthesis/2026-09-12-obsidian-scan/W4-wechat-1546-snapshot.md	
wechat-20479ced268a	vault:processed/微信知识库/数据熊/02_财务管理/2026-07-29 2026年7月库存分析报告.pptx.md	2026年7月库存分析报告.pptx			locator-only	synthesis/2026-09-12-obsidian-scan/W4-wechat-1546-snapshot.md	
wechat-205af8448398	vault:processed/微信知识库/数据熊/04_经营分析/2026-02-13 经营分析，不能只堆数据，不提动作.md	经营分析，不能只堆数据，不提动作		K4+K6	locator-only	synthesis/2026-09-12-obsidian-scan/W4-wechat-1546-snapshot.md	
wechat-2064d8414a1b	vault:processed/微信知识库/奔向自由的果/01_报表模板与看板/2026-06-20 财务预算制度手册——财务预算编制与执行标准化手册.md	财务预算制度手册——财务预算编制与执行标准化手册		K5+K6	locator-only	synthesis/2026-09-12-obsidian-scan/W4-wechat-1546-snapshot.md	
wechat-20fab1e6da72	vault:processed/微信知识库/数据熊/04_经营分析/2026-02-09 从数据到动作：详解经营分析全流程.md	从数据到动作：详解经营分析全流程		K4	locator-only	synthesis/2026-09-12-obsidian-scan/W4-wechat-1546-snapshot.md	
wechat-20fc2b62ada9	vault:processed/微信知识库/木木自由/01_数据分析必备/2025-02-21 「日、周、月数据分析体系搭建指南」：企业运营的 “透视镜” 与 “指南针”、编写“有用”的数据分析报告···.md	「日、周、月数据分析体系搭建指南」：企业运营的 “透视镜” 与 “指南针”、编写“有用”的数据分析报告···		K2+K4+K6+K8	locator-only	synthesis/2026-09-12-obsidian-scan/W4-wechat-1546-snapshot.md	
wechat-2113aa142841	vault:processed/微信知识库/木木自由/07_数据分析/2024-07-31 业务战略相关指南，掌握业务全貌：战略规划方法论、基于BLM的企业业务战略设计方法、业务战略架构图··（附案例+PPT+资料下载）.md	业务战略相关指南，掌握业务全貌：战略规划方法论、基于BLM的企业业务战略设计方法、业务战略架构图··（附案例+PPT+资料下载）		K4	locator-only	synthesis/2026-09-12-obsidian-scan/W4-wechat-1546-snapshot.md	
wechat-21a1373132b6	vault:processed/微信知识库/木木自由/01_数据分析必备/2024-11-26 商业分析之全面市场洞察与战略规划指南：市场调研工具和方法、分析模型···（附市场洞察五看方法论、市场研究相关资料下载）.md	商业分析之全面市场洞察与战略规划指南：市场调研工具和方法、分析模型···（附市场洞察五看方法论、市场研究相关资料下载）		K4+K6+K8	locator-only	synthesis/2026-09-12-obsidian-scan/W4-wechat-1546-snapshot.md	
wechat-220237a89049	vault:processed/微信知识库/数据熊/02_财务管理/2026-03-29 2026年1季度财务工作总结.md	2026年1季度财务工作总结		K4+K6	locator-only	synthesis/2026-09-12-obsidian-scan/W4-wechat-1546-snapshot.md	
wechat-2218606e7e55	vault:processed/微信知识库/木木自由/01_数据分析必备/2022-01-02 《精益数据分析》：通过数据分析驱动用户增长.md	《精益数据分析》：通过数据分析驱动用户增长		K4+K6+K8	locator-only	synthesis/2026-09-12-obsidian-scan/W4-wechat-1546-snapshot.md	
wechat-2226a0387006	vault:processed/微信知识库/奔向自由的果/02_图解经营分析/财务分析的杜邦分析法+UE模型.md	财务分析的杜邦分析法+UE模型		K2+K4	locator-only	synthesis/2026-09-12-obsidian-scan/W4-wechat-1546-snapshot.md	
wechat-2228cac706c6	vault:processed/微信知识库/数据分析不是个事儿/01_数据分析/2024-12-20 年底复盘必看：电商经营分析怎么做.md	年底复盘必看：电商经营分析怎么做		K4+K5	locator-only	synthesis/2026-09-12-obsidian-scan/W4-wechat-1546-snapshot.md	
wechat-226442328890	vault:processed/微信知识库/数据熊/04_经营分析/2025-05-13 经营分析案例：以价值链为基础.md	经营分析案例：以价值链为基础		K1+K3+K4+K5+K6	locator-only	synthesis/2026-09-12-obsidian-scan/W4-wechat-1546-snapshot.md	
wechat-226cbf9f91b3	vault:processed/微信知识库/木木自由/01_数据分析必备/2025-03-10 30个营销思维模型.md	30个营销思维模型		K4+K8	locator-only	synthesis/2026-09-12-obsidian-scan/W4-wechat-1546-snapshot.md	
wechat-22ad8ca2bc13	vault:processed/微信知识库/木木自由/01_数据分析必备/2023-12-11 收藏 全面认识数据指标体系（附数据指标搭建资料下载）.md	收藏 | 全面认识数据指标体系（附数据指标搭建资料下载）		K3+K4+K6	locator-only	synthesis/2026-09-12-obsidian-scan/W4-wechat-1546-snapshot.md	
wechat-22b178addcbf	vault:processed/微信知识库/数据分析不是个事儿/01_数据分析/2024-01-23 仪表板怎么做都不好看？看完这篇「仪表板美化指南」你就能领悟！.md	仪表板怎么做都不好看？看完这篇「仪表板美化指南」你就能领悟！		K4+K5	locator-only	synthesis/2026-09-12-obsidian-scan/W4-wechat-1546-snapshot.md	
wechat-235d3bc5b54a	vault:processed/微信知识库/数据熊/02_财务管理/2026-01-30 财务总监2025年工作总结及2026年工作计划（第二版）.md	财务总监2025年工作总结及2026年工作计划（第二版）		K6	locator-only	synthesis/2026-09-12-obsidian-scan/W4-wechat-1546-snapshot.md	
wechat-238feacfbcde	vault:processed/微信知识库/数据分析不是个事儿/01_数据分析/2024-12-27 对账工具 Excel 和 BI 该选哪个？如何实现智能化对账？.md	对账工具 Excel 和 BI 该选哪个？如何实现智能化对账？		K4+K5+K6	locator-only	synthesis/2026-09-12-obsidian-scan/W4-wechat-1546-snapshot.md	
wechat-23b9c38aab6a	vault:processed/微信知识库/数据熊/04_经营分析/2025-12-04 经营分析黄金指标组合：现金流+毛利率（附PPT模板）.md	经营分析黄金指标组合：现金流+毛利率（附PPT模板）		K3+K4+K6	locator-only	synthesis/2026-09-12-obsidian-scan/W4-wechat-1546-snapshot.md	
wechat-23c79bd39cd2	vault:processed/微信知识库/数据分析不是个事儿/05_入门精选/2020-11-25 纯干货讲解！数据分析最经典的实用模型！.md	纯干货讲解！数据分析最经典的实用模型！		K4+K6	locator-only	synthesis/2026-09-12-obsidian-scan/W4-wechat-1546-snapshot.md	
wechat-23f141ebd9b4	vault:processed/微信知识库/宸帆海财会咨询服务/05_进出口/2025-06-08 线上办理电子口岸Key全流程操作指南（2025年最新版）.md	线上办理电子口岸Key全流程操作指南（2025年最新版）		K4+K6+K8	locator-only	synthesis/2026-09-12-obsidian-scan/W4-wechat-1546-snapshot.md	
wechat-23f7782485e5	vault:processed/微信知识库/宸帆海财会咨询服务/09_税务/2025-03-23 必知！金税四期下的十大税务风险.md	必知！金税四期下的十大税务风险		K4+K6+K8	locator-only	synthesis/2026-09-12-obsidian-scan/W4-wechat-1546-snapshot.md	
wechat-24404528d216	vault:processed/微信知识库/奔向自由的果/01_报表模板与看板/2026-04-25 资产管理与营运效率分析—资产管理与营运效率全景驾驶舱看板.md	资产管理与营运效率分析—资产管理与营运效率全景驾驶舱看板		K4+K5	locator-only	synthesis/2026-09-12-obsidian-scan/W4-wechat-1546-snapshot.md	
wechat-24a5990442fd	vault:processed/微信知识库/数据分析不是个事儿/01_数据分析/2025-01-13 10个精选数据分析实战项目，解救没有数据分析经历的你.md	10个精选数据分析实战项目，解救没有数据分析经历的你		K4+K5+K6	locator-only	synthesis/2026-09-12-obsidian-scan/W4-wechat-1546-snapshot.md	
wechat-24d3f56529df	vault:processed/微信知识库/木木自由/01_数据分析必备/2025-04-09 《财务分析之盈利能力分析指南》：盈利能力分析概论、盈利能力管理、上市公司盈利能力分析···.md	《财务分析之盈利能力分析指南》：盈利能力分析概论、盈利能力管理、上市公司盈利能力分析···		K2+K3+K4+K6+K8	locator-only	synthesis/2026-09-12-obsidian-scan/W4-wechat-1546-snapshot.md	
wechat-24e30f849432	vault:processed/微信知识库/木木自由/07_数据分析/2025-11-03 《经营分析方法论》：企业经营分析理论与实践的实用手册.md	《经营分析方法论》：企业经营分析理论与实践的实用手册		K2+K3+K4+K6+K7+K8	locator-only	synthesis/2026-09-12-obsidian-scan/W4-wechat-1546-snapshot.md	
wechat-24ec8105fe0f	vault:processed/微信知识库/木木自由/01_数据分析必备/2024-12-25 精品「数据指标体系建设方案」，建议收藏！.md	精品「数据指标体系建设方案」，建议收藏！		K4+K6+K8	locator-only	synthesis/2026-09-12-obsidian-scan/W4-wechat-1546-snapshot.md	
wechat-24f84aca80b0	vault:processed/微信知识库/数据熊/02_财务管理/2026-01-06 2025年应收账款分析报告.pptx.md	2025年应收账款分析报告.pptx		K5+K6	locator-only	synthesis/2026-09-12-obsidian-scan/W4-wechat-1546-snapshot.md	
wechat-24fe03fafcfe	vault:processed/微信知识库/奔向自由的果/03_财务职场进阶/2025-11-27 财务第一次分析，你要和老板说清楚这些内容.md	财务第一次分析，你要和老板说清楚这些内容		K1+K6	locator-only	synthesis/2026-09-12-obsidian-scan/W4-wechat-1546-snapshot.md	
wechat-252a500eac10	vault:processed/微信知识库/宸帆海财会咨询服务/01_会计/2025-02-18 企业所得税汇算清缴：12项税会差异报表填报核心要点.md	企业所得税汇算清缴：12项税会差异报表填报核心要点		K6	locator-only	synthesis/2026-09-12-obsidian-scan/W4-wechat-1546-snapshot.md	
wechat-253ac25b4e83	vault:processed/微信知识库/奔向自由的果/03_财务职场进阶/2026-05-14 优秀财务都有这4个习惯，普通财务还在原地打转.md	优秀财务都有这4个习惯，普通财务还在原地打转		K3+K4+K6+K8	locator-only	synthesis/2026-09-12-obsidian-scan/W4-wechat-1546-snapshot.md	
wechat-2552dee910f6	vault:processed/微信知识库/木木自由/07_数据分析/2024-03-14 数据中台实践指南（1.0版）：实现数据智能应用【44页 附下载】.md	数据中台实践指南（1.0版）：实现数据智能应用【44页 附下载】		K4+K5+K6+K8	locator-only	synthesis/2026-09-12-obsidian-scan/W4-wechat-1546-snapshot.md	
wechat-25549a655995	vault:processed/微信知识库/数据熊/02_财务管理/2026-03-08 财务部各岗位工作流程详解.md	财务部各岗位工作流程详解		K2+K4+K6	locator-only	synthesis/2026-09-12-obsidian-scan/W4-wechat-1546-snapshot.md	
wechat-255dcbce4cb5	vault:processed/微信知识库/宸帆海财会咨询服务/03_出口退税/2025-03-05 干货！30条出口退税风险要点，财务人务必看.md	干货！30条出口退税风险要点，财务人务必看		K4+K6+K7	locator-only	synthesis/2026-09-12-obsidian-scan/W4-wechat-1546-snapshot.md	
wechat-256382c14de3	vault:processed/微信知识库/数据熊/04_经营分析/2025-07-29 经营分析，三个核心维度及关键指标.md	经营分析，三个核心维度及关键指标		K1+K2+K3+K4+K5+K6	locator-only	synthesis/2026-09-12-obsidian-scan/W4-wechat-1546-snapshot.md	
wechat-25fc4f3a8704	vault:processed/微信知识库/奔向自由的果/01_报表模板与看板/2026-09-12 财务部门职责与岗位分工制度.md	财务部门职责与岗位分工制度		K5	locator-only	synthesis/2026-09-12-obsidian-scan/W4-wechat-1546-snapshot.md	
wechat-2621a2fe0390	vault:processed/微信知识库/数据熊/04_经营分析/2025-12-13 经营分析，必须聚焦于这三个问题.md	经营分析，必须聚焦于这三个问题		K4+K5+K6	locator-only	synthesis/2026-09-12-obsidian-scan/W4-wechat-1546-snapshot.md	
wechat-2629ef16ba07	vault:processed/微信知识库/奔向自由的果/02_图解经营分析/【财务干货图解】如何打造全面预算管理框架体系.md	【财务干货图解】如何打造全面预算管理框架体系		K4+K6	locator-only	synthesis/2026-09-12-obsidian-scan/W4-wechat-1546-snapshot.md	
wechat-2645f39e91ff	vault:processed/微信知识库/数据熊/05_货币资金/2025-07-31 资金缺口测算：五大模型及案例（附excel模板）.md	资金缺口测算：五大模型及案例（附excel模板）		K3+K4+K6+K7+K8	locator-only	synthesis/2026-09-12-obsidian-scan/W4-wechat-1546-snapshot.md	
wechat-2651ea54414c	vault:processed/微信知识库/木木自由/07_数据分析/2024-08-07 财务分析的基本原理与方法指南：基本内涵、业财融合方案、财务报表的数据分析模板···【附相关材料下载】.md	财务分析的基本原理与方法指南：基本内涵、业财融合方案、财务报表的数据分析模板···【附相关材料下载】		K2+K4+K6+K7+K8	locator-only	synthesis/2026-09-12-obsidian-scan/W4-wechat-1546-snapshot.md	
wechat-266139dd1b83	vault:processed/微信知识库/宸帆海财会咨询服务/04_汇算清缴/2025-03-14 必看！2024年度个税经营所得扣除全解析.md	必看！2024年度个税经营所得扣除全解析		K4+K6+K7	locator-only	synthesis/2026-09-12-obsidian-scan/W4-wechat-1546-snapshot.md	
wechat-266d4b718f2c	vault:processed/微信知识库/宸帆海财会咨询服务/02_企业所得税/2025-02-28 特别关注！上午申报无误，下午异常提示不断，问题究竟出在哪？.md	特别关注！上午申报无误，下午异常提示不断，问题究竟出在哪？		K4+K6+K7	locator-only	synthesis/2026-09-12-obsidian-scan/W4-wechat-1546-snapshot.md	
wechat-26791c286ca3	vault:processed/微信知识库/木木自由/01_数据分析必备/2024-06-05 数据治理体系指南：能力域管理知识、数据中台建设方法论、实施案例···【56页 附下载】.md	数据治理体系指南：能力域管理知识、数据中台建设方法论、实施案例···【56页 附下载】		K4+K8	locator-only	synthesis/2026-09-12-obsidian-scan/W4-wechat-1546-snapshot.md	
wechat-269aaa6e639c	vault:processed/微信知识库/数据熊/03_财务报表/2024-12-20 合并报表的真相：核心原理与关键点，一文看懂！.md	合并报表的真相：核心原理与关键点，一文看懂！		K4+K6	locator-only	synthesis/2026-09-12-obsidian-scan/W4-wechat-1546-snapshot.md	
wechat-26ace5849527	vault:processed/微信知识库/奔向自由的果/01_报表模板与看板/2026-03-26 财务预算全流程分析报告PPT模板.md	财务预算全流程分析报告PPT模板		K4+K5+K6	locator-only	synthesis/2026-09-12-obsidian-scan/W4-wechat-1546-snapshot.md	
wechat-26bb088e841c	vault:processed/微信知识库/数据分析不是个事儿/01_数据分析/2026-01-14 别让差旅费白花，这才是差旅分析的正确打开方式.md	别让差旅费白花，这才是差旅分析的正确打开方式		K5	locator-only	synthesis/2026-09-12-obsidian-scan/W4-wechat-1546-snapshot.md	
wechat-26da07b9b6be	vault:processed/微信知识库/数据分析不是个事儿/03_模型/2022-01-11 5mins看懂数据分析师必备的「波士顿模型」.md	5mins看懂数据分析师必备的「波士顿模型」		K4	locator-only	synthesis/2026-09-12-obsidian-scan/W4-wechat-1546-snapshot.md	
wechat-2746523a68bd	vault:processed/微信知识库/数据分析不是个事儿/01_数据分析/2025-03-17 财务能力分析不会做？四大步骤教你迅速上手直接套用！.md	财务能力分析不会做？四大步骤教你迅速上手直接套用！		K2+K3+K4+K5+K6+K7	locator-only	synthesis/2026-09-12-obsidian-scan/W4-wechat-1546-snapshot.md	
wechat-275a8b8f7e29	vault:processed/微信知识库/木木自由/01_数据分析必备/2024-05-07 埃森哲业务流程BPM能力框架体系【83页 附下载】.md	埃森哲业务流程BPM能力框架体系【83页 附下载】		K4+K8	locator-only	synthesis/2026-09-12-obsidian-scan/W4-wechat-1546-snapshot.md	
wechat-276d30d471e5	vault:processed/微信知识库/木木自由/07_数据分析/2024-03-21 理想汽车商业分析深度研究报告（含产品、战略、营销、用户、财务分析···等）【34页 附下载】.md	理想汽车商业分析深度研究报告（含产品、战略、营销、用户、财务分析···等）【34页 附下载】		K4+K6	locator-only	synthesis/2026-09-12-obsidian-scan/W4-wechat-1546-snapshot.md	
wechat-2777ca84a2d8	vault:processed/微信知识库/数据分析不是个事儿/01_数据分析/2022-01-24 最该收藏的8款可视化工具，人人都有选择！.md	最该收藏的8款可视化工具，人人都有选择！		K5	locator-only	synthesis/2026-09-12-obsidian-scan/W4-wechat-1546-snapshot.md	
wechat-27a8a949ddc6	vault:processed/微信知识库/数据熊/02_财务管理/2025-07-09 资金预测：核心流程与常见方法（附Excel模型）.md	资金预测：核心流程与常见方法（附Excel模型）		K4+K5+K6+K8	locator-only	synthesis/2026-09-12-obsidian-scan/W4-wechat-1546-snapshot.md	
wechat-27c636ac5917	vault:processed/微信知识库/木木自由/01_数据分析必备/2025-03-06 「AI大环境下的企业级数据治理指南」：数据治理设计思路、数据治理建设实施方案、数据治理体系建设指南···.md	「AI大环境下的企业级数据治理指南」：数据治理设计思路、数据治理建设实施方案、数据治理体系建设指南···		K4+K6+K8	locator-only	synthesis/2026-09-12-obsidian-scan/W4-wechat-1546-snapshot.md	
wechat-27ed20c0d3c3	vault:processed/微信知识库/木木自由/07_数据分析/2024-07-02 数据中台应用场景指南：物联网敏捷开发中台、智慧大应急中台、医疗数据中台、企业知识中台、搜索中台···【16个应用场景 附下载】.md	数据中台应用场景指南：物联网敏捷开发中台、智慧大应急中台、医疗数据中台、企业知识中台、搜索中台···【16个应用场景 附下载】		K4+K5+K6+K8	locator-only	synthesis/2026-09-12-obsidian-scan/W4-wechat-1546-snapshot.md	
wechat-2829d8dc1312	vault:processed/微信知识库/奔向自由的果/03_财务职场进阶/2026-05-19 一位老财务关于工作习惯的深度思考，太精辟了！.md	一位老财务关于工作习惯的深度思考，太精辟了！		K4+K6	locator-only	synthesis/2026-09-12-obsidian-scan/W4-wechat-1546-snapshot.md	
wechat-288c054a66d0	vault:processed/微信知识库/木木自由/01_数据分析必备/2024-11-27 案例实操 某指标下降了，应该如何分析？···（附数据指标搭建、应用、案例相关资料下载）.md	案例实操 | 某指标下降了，应该如何分析？···（附数据指标搭建、应用、案例相关资料下载）		K4+K8	locator-only	synthesis/2026-09-12-obsidian-scan/W4-wechat-1546-snapshot.md	
wechat-289be7c7deca	vault:processed/微信知识库/木木自由/01_数据分析必备/2020-11-18 数据分析必备——SQL基础知识进阶版1.0.md	数据分析必备——SQL基础知识进阶版1.0		K4+K8	locator-only	synthesis/2026-09-12-obsidian-scan/W4-wechat-1546-snapshot.md	
wechat-28b75b01f07e	vault:processed/微信知识库/数据分析不是个事儿/01_数据分析/2025-01-15 年底复盘必看！不同维度下的销售分析该怎么做？.md	年底复盘必看！不同维度下的销售分析该怎么做？		K2+K4+K5+K6	locator-only	synthesis/2026-09-12-obsidian-scan/W4-wechat-1546-snapshot.md	
wechat-28edbd30e74c	vault:processed/微信知识库/奔向自由的果/03_财务职场进阶/2026-09-01 财务越专业，越要会把事说清楚.md	财务越专业，越要会把事说清楚		K4+K6+K7	locator-only	synthesis/2026-09-12-obsidian-scan/W4-wechat-1546-snapshot.md	
wechat-293d05bf3507	vault:processed/微信知识库/木木自由/01_数据分析必备/2023-12-21 价值流VSM分析、直播数据分析、用户增长框架、资产负债表 现金流量表 利润表分析、MECE 细分 溯源···等思维 本周精华.md	价值流VSM分析、直播数据分析、用户增长框架、资产负债表/现金流量表/利润表分析、MECE/细分/溯源···等思维| 本周精华		K1+K4+K6+K7+K8	locator-only	synthesis/2026-09-12-obsidian-scan/W4-wechat-1546-snapshot.md	
wechat-296dce21418f	vault:processed/微信知识库/宸帆海财会咨询服务/03_出口退税/2025-03-20 干货！企业出口退税申报全流程.md	干货！企业出口退税申报全流程		K4+K6+K8	locator-only	synthesis/2026-09-12-obsidian-scan/W4-wechat-1546-snapshot.md	
wechat-29fdf4681c8c	vault:processed/微信知识库/宸帆海财会咨询服务/01_会计/2025-09-01 企业“预收账款”6大平账方法.md	企业“预收账款”6大平账方法		K1+K6+K7	locator-only	synthesis/2026-09-12-obsidian-scan/W4-wechat-1546-snapshot.md	
wechat-2a1baa7fa894	vault:processed/微信知识库/木木自由/01_数据分析必备/2024-10-09 收藏 国家数据标准体系建设思路、结构图、框架图及建设内容（附相关材料下载）.md	收藏 | 国家数据标准体系建设思路、结构图、框架图及建设内容（附相关材料下载）		K4+K8	locator-only	synthesis/2026-09-12-obsidian-scan/W4-wechat-1546-snapshot.md	
wechat-2a274c6d1012	vault:processed/微信知识库/数据分析不是个事儿/01_数据分析/2024-01-30 游戏数据分析怎么做？以SLG手游上新转化情况分析为例.md	游戏数据分析怎么做？以SLG手游上新转化情况分析为例		K4	locator-only	synthesis/2026-09-12-obsidian-scan/W4-wechat-1546-snapshot.md	
wechat-2a50c9deae58	vault:processed/微信知识库/数据熊/04_经营分析/2025-05-12 财务高手都是懂经营分析的.md	财务高手都是懂经营分析的		K1+K2+K3+K4+K6	locator-only	synthesis/2026-09-12-obsidian-scan/W4-wechat-1546-snapshot.md	
wechat-2a693e83aa22	vault:processed/微信知识库/数据熊/04_经营分析/2026-08-02 2026年7月销售分析报告.pptx.md	2026年7月销售分析报告.pptx		K4	locator-only	synthesis/2026-09-12-obsidian-scan/W4-wechat-1546-snapshot.md	
wechat-2aa911bfb054	vault:processed/微信知识库/数据熊/04_经营分析/2025-08-29 经营分析，不要做成了财务分析！（附PPT模板）.md	经营分析，不要做成了财务分析！（附PPT模板）		K1+K3+K4+K5+K6	locator-only	synthesis/2026-09-12-obsidian-scan/W4-wechat-1546-snapshot.md	
wechat-2ac3b0e6c1ac	vault:processed/微信知识库/数据熊/02_财务管理/2025-03-22 全面成本控制的核心方法和环节.md	全面成本控制的核心方法和环节		K2+K4+K5+K6	locator-only	synthesis/2026-09-12-obsidian-scan/W4-wechat-1546-snapshot.md	
wechat-2b3863d7b91e	vault:processed/微信知识库/木木自由/01_数据分析必备/2021-09-25 【原创】关于“数据分析”如何快速入门一些基本思路.md	【原创】关于“数据分析”如何快速入门一些基本思路		K4+K6+K8	locator-only	synthesis/2026-09-12-obsidian-scan/W4-wechat-1546-snapshot.md	
wechat-2b3f03854174	vault:processed/微信知识库/数据熊/02_财务管理/2026-06-04 2026年5月库存分析报告.md	2026年5月库存分析报告			locator-only	synthesis/2026-09-12-obsidian-scan/W4-wechat-1546-snapshot.md	
wechat-2b465a02b6f1	vault:processed/微信知识库/宸帆海财会咨询服务/01_会计/2025-02-08 速看！2025企业所得税申报表关键调整与实操要点.md	速看！2025企业所得税申报表关键调整与实操要点		K1+K4+K6+K7+K8	locator-only	synthesis/2026-09-12-obsidian-scan/W4-wechat-1546-snapshot.md	
wechat-2b4d7b6f180e	vault:processed/微信知识库/宸帆海财会咨询服务/02_企业所得税/2024-10-31 金税四期的“389”具体指什么？.md	金税四期的“389”具体指什么？		K4+K6	locator-only	synthesis/2026-09-12-obsidian-scan/W4-wechat-1546-snapshot.md	
wechat-2ba28d7f550d	vault:processed/微信知识库/奔向自由的果/03_财务职场进阶/2026-01-06 企业开展全面预算一定需要具备的条件.md	企业开展全面预算一定需要具备的条件		K1+K4+K6+K7	locator-only	synthesis/2026-09-12-obsidian-scan/W4-wechat-1546-snapshot.md	
wechat-2bbac334a455	vault:processed/微信知识库/数据熊/02_财务管理/2025-04-23 八项规定下，财务审核费用报销的“八步法”.md	八项规定下，财务审核费用报销的“八步法”		K1+K4+K6+K8	locator-only	synthesis/2026-09-12-obsidian-scan/W4-wechat-1546-snapshot.md	
wechat-2bc891a2a009	vault:processed/微信知识库/木木自由/01_数据分析必备/2025-03-19 《数据中台应用场景指南》.md	《数据中台应用场景指南》		K4+K8	locator-only	synthesis/2026-09-12-obsidian-scan/W4-wechat-1546-snapshot.md	
wechat-2be4b9736f7b	vault:processed/微信知识库/数据熊/01_财务分析/2025-06-13 普通人应该掌握的10个会计常识.md	普通人应该掌握的10个会计常识		K1+K2+K3+K4+K6+K7	locator-only	synthesis/2026-09-12-obsidian-scan/W4-wechat-1546-snapshot.md	
wechat-2c0ed283b5f7	vault:processed/微信知识库/数据熊/03_财务报表/2025-05-22 非财务人员看三大报表：必须掌握的三个核心问题.md	非财务人员看三大报表：必须掌握的三个核心问题		K1+K4+K6	locator-only	synthesis/2026-09-12-obsidian-scan/W4-wechat-1546-snapshot.md	
wechat-2c18b8d044e9	vault:processed/微信知识库/数据熊/01_财务分析/2025-05-28 毛利率深度拆解：从采购到销售.md	毛利率深度拆解：从采购到销售		K2+K3+K4+K6	locator-only	synthesis/2026-09-12-obsidian-scan/W4-wechat-1546-snapshot.md	
wechat-2c4c402e9bfe	vault:processed/微信知识库/木木自由/01_数据分析必备/2021-04-15 浅谈在探索数分之路上的“数据思维”论述.md	浅谈在探索数分之路上的“数据思维”论述		K4+K6+K8	locator-only	synthesis/2026-09-12-obsidian-scan/W4-wechat-1546-snapshot.md	
wechat-2c74972857fb	vault:processed/微信知识库/宸帆海财会咨询服务/02_企业所得税/2024-11-04 跨境无货源电商该怎么做？.md	跨境无货源电商该怎么做？		K4+K6	locator-only	synthesis/2026-09-12-obsidian-scan/W4-wechat-1546-snapshot.md	
wechat-2c975b753c8d	vault:processed/微信知识库/木木自由/01_数据分析必备/2023-04-16 ChatGPT前传--数字掘金：数据中台前沿实践.md	ChatGPT前传--数字掘金：数据中台前沿实践		K4+K6+K8	locator-only	synthesis/2026-09-12-obsidian-scan/W4-wechat-1546-snapshot.md	
wechat-2c9e0aa79d9a	vault:processed/微信知识库/木木自由/01_数据分析必备/2024-02-25 周期性分析、象限法、商业数据分析56讲、商业框架图鉴、数据分析思维与实战23讲、 财务分析、python爬虫实战·· 本周精华.md	周期性分析、象限法、商业数据分析56讲、商业框架图鉴、数据分析思维与实战23讲、 财务分析、python爬虫实战··| 本周精华		K4+K8	locator-only	synthesis/2026-09-12-obsidian-scan/W4-wechat-1546-snapshot.md	
wechat-2cc146110f93	vault:processed/微信知识库/木木自由/01_数据分析必备/2021-12-12 数字化企业中“数据”生态位的全景解析（下篇）.md	数字化企业中“数据”生态位的全景解析（下篇）		K4+K5+K8	locator-only	synthesis/2026-09-12-obsidian-scan/W4-wechat-1546-snapshot.md	
wechat-2d0c84756708	vault:processed/微信知识库/数据熊/02_财务管理/2026-07-14 2026年上半年库存分析报告.pptx.md	2026年上半年库存分析报告.pptx			locator-only	synthesis/2026-09-12-obsidian-scan/W4-wechat-1546-snapshot.md	
wechat-2d4710475ece	vault:processed/微信知识库/木木自由/01_数据分析必备/2021-07-04 【原创】数据分析利器之Excel函数篇.md	【原创】数据分析利器之Excel函数篇		K4	locator-only	synthesis/2026-09-12-obsidian-scan/W4-wechat-1546-snapshot.md	
wechat-2d4865d616cd	vault:processed/微信知识库/木木自由/01_数据分析必备/2025-04-03 《金融行业数据分析指南》：金融行业指标体系参考、极值事件、分位数回归与金融风险、GARCH模型、机器学习、数字应用场景手册···.md	《金融行业数据分析指南》：金融行业指标体系参考、极值事件、分位数回归与金融风险、GARCH模型、机器学习、数字应用场景手册···		K2+K4+K6+K8	locator-only	synthesis/2026-09-12-obsidian-scan/W4-wechat-1546-snapshot.md	
wechat-2d6b0dd5e14b	vault:processed/微信知识库/木木自由/01_数据分析必备/2021-12-05 数字化企业中“数据”生态位的全景解析（上篇）.md	数字化企业中“数据”生态位的全景解析（上篇）		K4+K5+K8	locator-only	synthesis/2026-09-12-obsidian-scan/W4-wechat-1546-snapshot.md	
wechat-2e176b0643da	vault:processed/微信知识库/宸帆海财会咨询服务/05_进出口/2025-06-23 一文读懂！出口货物转内销操作流程.md	一文读懂！出口货物转内销操作流程		K8	locator-only	synthesis/2026-09-12-obsidian-scan/W4-wechat-1546-snapshot.md	
wechat-2e254f8a0eaf	vault:processed/微信知识库/木木自由/01_数据分析必备/2020-11-30 从0到1建立数据分析指标体系底层逻辑.md	从0到1建立数据分析指标体系底层逻辑		K4+K6+K8	locator-only	synthesis/2026-09-12-obsidian-scan/W4-wechat-1546-snapshot.md	
wechat-2e54b5ac07a1	vault:processed/微信知识库/木木自由/01_数据分析必备/2024-05-26 数据分析师的设计学习.md	数据分析师的设计学习		K4+K5+K8	locator-only	synthesis/2026-09-12-obsidian-scan/W4-wechat-1546-snapshot.md	
wechat-2e634613cff9	vault:processed/微信知识库/木木自由/07_数据分析/2024-07-29 如何构建数据战略相关指南：数据资产、数据治理、标签体系、指标体系、数据体系以及用户画像等领域··（附案例+PPT文档+资料下载）.md	如何构建数据战略相关指南：数据资产、数据治理、标签体系、指标体系、数据体系以及用户画像等领域··（附案例+PPT文档+资料下载）		K4+K8	locator-only	synthesis/2026-09-12-obsidian-scan/W4-wechat-1546-snapshot.md	
wechat-2e678a0f82c5	vault:processed/微信知识库/数据分析不是个事儿/01_数据分析/2025-03-18 财务能力分析不会做？四大看板直接套用！附模板.md	财务能力分析不会做？四大看板直接套用！附模板		K2+K3+K4+K5+K6	locator-only	synthesis/2026-09-12-obsidian-scan/W4-wechat-1546-snapshot.md	
wechat-2e93fa83db58	vault:processed/微信知识库/奔向自由的果/01_报表模板与看板/2026-08-08 财务制度文件—财务 BP 与业务部门协同对接机制.md	财务制度文件—财务 BP 与业务部门协同对接机制		K5	locator-only	synthesis/2026-09-12-obsidian-scan/W4-wechat-1546-snapshot.md	
wechat-2e9b9c482c2a	vault:processed/微信知识库/宸帆海财会咨询服务/02_企业所得税/2024-08-11 企业常见的税务风险有哪些？.md	企业常见的税务风险有哪些？		K1+K4+K6	locator-only	synthesis/2026-09-12-obsidian-scan/W4-wechat-1546-snapshot.md	
wechat-2eae5bd21a0e	vault:processed/微信知识库/木木自由/01_数据分析必备/2025-02-06 DeepSeek：驱动企业经营分析智能化变革（附DeepSeek从入门到精通103页 PPT 指南）.md	DeepSeek：驱动企业经营分析智能化变革（附DeepSeek从入门到精通103页 PPT 指南）		K4+K6+K8	locator-only	synthesis/2026-09-12-obsidian-scan/W4-wechat-1546-snapshot.md	
wechat-2eaf634465c4	vault:processed/微信知识库/宸帆海财会咨询服务/01_会计/2024-08-31 用人单位常见的违法发工资行为有哪些？.md	用人单位常见的违法发工资行为有哪些？		K6	locator-only	synthesis/2026-09-12-obsidian-scan/W4-wechat-1546-snapshot.md	
wechat-2ed0eb1981ee	vault:processed/微信知识库/宸帆海财会咨询服务/02_企业所得税/2025-03-16 财务人必看！2025年最新税收优惠政策全解析.md	财务人必看！2025年最新税收优惠政策全解析		K4+K6	locator-only	synthesis/2026-09-12-obsidian-scan/W4-wechat-1546-snapshot.md	
wechat-2ee16ed61d15	vault:processed/微信知识库/宸帆海财会咨询服务/02_企业所得税/2025-03-10 收藏！企业所得税汇算清缴15个热点问答.md	收藏！企业所得税汇算清缴15个热点问答		K4+K6	locator-only	synthesis/2026-09-12-obsidian-scan/W4-wechat-1546-snapshot.md	
wechat-2f2a42de94b7	vault:processed/微信知识库/宸帆海财会咨询服务/01_会计/2025-02-17 别再错缴社保！企业必知的十类无需参保人群.md	别再错缴社保！企业必知的十类无需参保人群		K4+K6+K7	locator-only	synthesis/2026-09-12-obsidian-scan/W4-wechat-1546-snapshot.md	
wechat-2f8a07da49ee	vault:processed/微信知识库/宸帆海财会咨询服务/05_进出口/2025-06-03 必看！外贸FOB价的运费构成与计算全解析.md	必看！外贸FOB价的运费构成与计算全解析		K4+K6	locator-only	synthesis/2026-09-12-obsidian-scan/W4-wechat-1546-snapshot.md	
wechat-2f9d5f7a4347	vault:processed/微信知识库/数据熊/04_经营分析/2025-02-25 10张经营分析思维导图.md	10张经营分析思维导图		K4	locator-only	synthesis/2026-09-12-obsidian-scan/W4-wechat-1546-snapshot.md	
wechat-2fedc0148eaf	vault:processed/微信知识库/数据熊/02_财务管理/2026-02-19 财务部各岗位工作流程详解.md	财务部各岗位工作流程详解		K2+K4+K6	locator-only	synthesis/2026-09-12-obsidian-scan/W4-wechat-1546-snapshot.md	
wechat-2fee4238b6ce	vault:processed/微信知识库/宸帆海财会咨询服务/01_会计/2025-02-18 别等被罚才后悔！“四流合一”助企业避雷.md	别等被罚才后悔！“四流合一”助企业避雷		K3+K4+K6+K7+K8	locator-only	synthesis/2026-09-12-obsidian-scan/W4-wechat-1546-snapshot.md	
wechat-3002885924f3	vault:processed/微信知识库/奔向自由的果/03_财务职场进阶/2026-01-05 财务部门并非单纯的成本中心.md	财务部门并非单纯的成本中心		K4+K6+K7+K8	locator-only	synthesis/2026-09-12-obsidian-scan/W4-wechat-1546-snapshot.md	
wechat-30520e1093b9	vault:processed/微信知识库/数据分析不是个事儿/01_数据分析/2025-03-19 商品销售的3个关键！一文带你拆解精细化销售方案！.md	商品销售的3个关键！一文带你拆解精细化销售方案！		K2+K4+K5+K6	locator-only	synthesis/2026-09-12-obsidian-scan/W4-wechat-1546-snapshot.md	
wechat-306c310d76fa	vault:processed/微信知识库/宸帆海财会咨询服务/01_会计/2025-03-18 老板和财务速看！直接影响企业收益的20个增值税法变化.md	老板和财务速看！直接影响企业收益的20个增值税法变化		K4+K6+K7	locator-only	synthesis/2026-09-12-obsidian-scan/W4-wechat-1546-snapshot.md	
wechat-308ea97d5ea9	vault:processed/微信知识库/木木自由/01_数据分析必备/2024-05-29 收藏 数据分析如何赋能数据资产的价值变现（附相关资料下载）.md	收藏 | 数据分析如何赋能数据资产的价值变现（附相关资料下载）		K4+K5+K6+K8	locator-only	synthesis/2026-09-12-obsidian-scan/W4-wechat-1546-snapshot.md	
wechat-30a1800d0f2c	vault:processed/微信知识库/宸帆海财会咨询服务/10_财务/2025-09-29 财务人现状.md	财务人现状		K6+K8	locator-only	synthesis/2026-09-12-obsidian-scan/W4-wechat-1546-snapshot.md	
wechat-311d08ac04c8	vault:processed/微信知识库/宸帆海财会咨询服务/02_企业所得税/2025-02-26 必看！一文秒懂企业所得税常见易错点.md	必看！一文秒懂企业所得税常见易错点		K1+K3+K6+K7	locator-only	synthesis/2026-09-12-obsidian-scan/W4-wechat-1546-snapshot.md	
wechat-31403a01809c	vault:processed/微信知识库/木木自由/05_小飞象读书会/2023-04-24 《用数据讲故事》：用故事驱动决策.md	《用数据讲故事》：用故事驱动决策		K5+K6	locator-only	synthesis/2026-09-12-obsidian-scan/W4-wechat-1546-snapshot.md	
wechat-3169f6c747b9	vault:processed/微信知识库/奔向自由的果/01_报表模板与看板/2026-05-01 上市公司 2026Q1 汇报 PPT及EXCEL看板：投融资全景驾驶舱、资本运作全链路.md	上市公司 2026Q1 汇报 PPT及EXCEL看板：投融资全景驾驶舱、资本运作全链路		K4+K5	locator-only	synthesis/2026-09-12-obsidian-scan/W4-wechat-1546-snapshot.md	
wechat-316c3f63f58c	vault:processed/微信知识库/宸帆海财会咨询服务/01_会计/2024-04-12 其他应收款长期挂账怎么处理.md	其他应收款长期挂账怎么处理?		K1+K4+K6	locator-only	synthesis/2026-09-12-obsidian-scan/W4-wechat-1546-snapshot.md	
wechat-3172b48da785	vault:processed/微信知识库/木木自由/01_数据分析必备/2024-05-15 干货 Power BI 数据分析流程及相关知识总结（附相关材料下载）.md	干货 | Power BI 数据分析流程及相关知识总结（附相关材料下载）		K4+K5+K6+K8	locator-only	synthesis/2026-09-12-obsidian-scan/W4-wechat-1546-snapshot.md	
wechat-317b42c9feaf	vault:processed/微信知识库/数据熊/04_经营分析/2025-12-08 「经营分析驾驶舱」终于做好了：一场会议看清收入、利润和现金流.md	「经营分析驾驶舱」终于做好了：一场会议看清收入、利润和现金流		K4+K5+K6	locator-only	synthesis/2026-09-12-obsidian-scan/W4-wechat-1546-snapshot.md	
wechat-31b9ea94dc50	vault:processed/微信知识库/数据分析不是个事儿/01_数据分析/2024-12-26 看了这篇文章发现，超市经营数据分析原来这么简单！.md	看了这篇文章发现，超市经营数据分析原来这么简单！		K4+K5+K6	locator-only	synthesis/2026-09-12-obsidian-scan/W4-wechat-1546-snapshot.md	
wechat-31c3c0c4d61c	vault:processed/微信知识库/木木自由/01_数据分析必备/2021-12-19 【人物访谈·01期】关于对数据分析前辈的一次行业探讨.md	【人物访谈·01期】关于对数据分析前辈的一次行业探讨		K4+K8	locator-only	synthesis/2026-09-12-obsidian-scan/W4-wechat-1546-snapshot.md	
wechat-31ca5b10cf33	vault:processed/微信知识库/奔向自由的果/02_图解经营分析/【财务干货图解】财务人必藏：10个模型搞定90%分析，老板再也不说“听不懂”（内含EXCEL模板）.md	【财务干货图解】财务人必藏：10个模型搞定90%分析，老板再也不说“听不懂”（内含EXCEL模板）		K1+K4	locator-only	synthesis/2026-09-12-obsidian-scan/W4-wechat-1546-snapshot.md	
wechat-31f3f95d7207	vault:processed/微信知识库/奔向自由的果/01_报表模板与看板/2026-05-09 经营数据时间趋势跟踪报表 看板.excel.md	经营数据时间趋势跟踪报表/看板.excel		K4+K5	locator-only	synthesis/2026-09-12-obsidian-scan/W4-wechat-1546-snapshot.md	
wechat-31f424dec006	vault:processed/微信知识库/数据熊/04_经营分析/2025-01-26 从运营到财务：业务活动如何影响财务指标？.md	从运营到财务：业务活动如何影响财务指标？		K4+K6	locator-only	synthesis/2026-09-12-obsidian-scan/W4-wechat-1546-snapshot.md	
wechat-32481ee19fac	vault:processed/微信知识库/宸帆海财会咨询服务/10_财务/2025-04-13 干货！财务分析必备的25个关键公式.md	干货！财务分析必备的25个关键公式		K2+K3+K4+K6+K7	locator-only	synthesis/2026-09-12-obsidian-scan/W4-wechat-1546-snapshot.md	
wechat-3261c81aaded	vault:processed/微信知识库/木木自由/01_数据分析必备/2025-04-02 《数据安全相关指南》打造安全数字生态：105个数据安全必备词汇定义解读、AI时代的数据安全之道、数据安全评估方案···.md	《数据安全相关指南》打造安全数字生态：105个数据安全必备词汇定义解读、AI时代的数据安全之道、数据安全评估方案···		K4+K8	locator-only	synthesis/2026-09-12-obsidian-scan/W4-wechat-1546-snapshot.md	
wechat-328aacff67b9	vault:processed/微信知识库/奔向自由的果/03_财务职场进阶/2026-03-24 为什么 90% 的财务经理，突破不了财务总监？.md	为什么 90% 的财务经理，突破不了财务总监？		K4+K6	locator-only	synthesis/2026-09-12-obsidian-scan/W4-wechat-1546-snapshot.md	
wechat-32b30fd941a1	vault:processed/微信知识库/数据分析不是个事儿/03_模型/2022-01-19 2022年最该收藏的8个数据分析模型.md	2022年最该收藏的8个数据分析模型		K4+K6	locator-only	synthesis/2026-09-12-obsidian-scan/W4-wechat-1546-snapshot.md	
wechat-32c89842c07f	vault:processed/微信知识库/木木自由/01_数据分析必备/2025-04-07 《数据指标建设方案指南》.md	《数据指标建设方案指南》		K4+K8	locator-only	synthesis/2026-09-12-obsidian-scan/W4-wechat-1546-snapshot.md	
wechat-32f2a965b6d6	vault:processed/微信知识库/宸帆海财会咨询服务/01_会计/2025-04-24 财务人未来十年的“黄金赛道”——财务数据分析师.md	财务人未来十年的“黄金赛道”——财务数据分析师		K3+K5+K6+K7+K8	locator-only	synthesis/2026-09-12-obsidian-scan/W4-wechat-1546-snapshot.md	
wechat-3300c0efe13a	vault:processed/微信知识库/木木自由/01_数据分析必备/2024-05-21 用户画像指南：构建方法、应用场景、标签体系···等【46页 附各大汽车厂商用户画像报告下载】.md	用户画像指南：构建方法、应用场景、标签体系···等【46页 附各大汽车厂商用户画像报告下载】		K4+K5+K8	locator-only	synthesis/2026-09-12-obsidian-scan/W4-wechat-1546-snapshot.md	
wechat-332c879b1f2d	vault:processed/微信知识库/数据熊/01_财务分析/2026-04-09 2026年1季度财务分析报告.pptx.md	2026年1季度财务分析报告.pptx		K4+K6	locator-only	synthesis/2026-09-12-obsidian-scan/W4-wechat-1546-snapshot.md	
wechat-33396f42f4d2	vault:processed/微信知识库/奔向自由的果/02_图解经营分析/财务预算制度拆解.md	财务预算制度拆解		K4+K6+K8	locator-only	synthesis/2026-09-12-obsidian-scan/W4-wechat-1546-snapshot.md	
wechat-333d731a1c90	vault:processed/微信知识库/木木自由/07_数据分析/2024-03-06 如何搭建数据监控体系及实践.md	如何搭建数据监控体系及实践		K4+K5+K6+K8	locator-only	synthesis/2026-09-12-obsidian-scan/W4-wechat-1546-snapshot.md	
wechat-3349d3cff572	vault:processed/微信知识库/木木自由/01_数据分析必备/2025-03-31 电商网店运营数据分析教程（50页 PPT）.md	电商网店运营数据分析教程（50页 PPT）		K4+K8	locator-only	synthesis/2026-09-12-obsidian-scan/W4-wechat-1546-snapshot.md	
wechat-338351e6cc05	vault:processed/微信知识库/奔向自由的果/01_报表模板与看板/2026-04-07 财务经营分析-营运资金周转效率看板（PPT,EXCEL）.md	财务经营分析-营运资金周转效率看板（PPT,EXCEL）		K4+K5+K6	locator-only	synthesis/2026-09-12-obsidian-scan/W4-wechat-1546-snapshot.md	
wechat-339e3e902cba	vault:processed/微信知识库/宸帆海财会咨询服务/09_税务/2025-02-14 普通人搞钱不迷茫！20 条财务知识来帮忙，速看！.md	普通人搞钱不迷茫！20 条财务知识来帮忙，速看！		K1+K6	locator-only	synthesis/2026-09-12-obsidian-scan/W4-wechat-1546-snapshot.md	
wechat-33cc227d5450	vault:processed/微信知识库/数据熊/04_经营分析/2026-08-26 总经理经营决策驾驶舱.md	总经理经营决策驾驶舱		K4+K5	locator-only	synthesis/2026-09-12-obsidian-scan/W4-wechat-1546-snapshot.md	
wechat-3451935e3c1f	vault:processed/微信知识库/数据熊/02_财务管理/2026-04-14 财务部各岗位工作流程详解.md	财务部各岗位工作流程详解		K4+K6	locator-only	synthesis/2026-09-12-obsidian-scan/W4-wechat-1546-snapshot.md	
wechat-3472f12ee25e	vault:processed/微信知识库/数据分析不是个事儿/01_数据分析/2025-02-19 用户分析，掌握这6个核心要点就够了！.md	用户分析，掌握这6个核心要点就够了！		K4	locator-only	synthesis/2026-09-12-obsidian-scan/W4-wechat-1546-snapshot.md	
wechat-34748aa32f93	vault:processed/微信知识库/数据熊/04_经营分析/2026-05-05 数据熊 经营分析驾驶舱.md	数据熊 | 经营分析驾驶舱		K4+K5	locator-only	synthesis/2026-09-12-obsidian-scan/W4-wechat-1546-snapshot.md	
wechat-34890d0fa89f	vault:processed/微信知识库/奔向自由的果/02_图解经营分析/【财务预算管理干货图解】预算管理的核心思维及费用控制管理思路.md	【财务预算管理干货图解】预算管理的核心思维及费用控制管理思路		K4+K6	locator-only	synthesis/2026-09-12-obsidian-scan/W4-wechat-1546-snapshot.md	
wechat-34b982c2814a	vault:processed/微信知识库/木木自由/01_数据分析必备/2024-08-02 AI大模型需要什么样的数据？（附数据采集、数据清洗、数据标注···等相关材料下载）.md	AI大模型需要什么样的数据？（附数据采集、数据清洗、数据标注···等相关材料下载）		K4+K6+K8	locator-only	synthesis/2026-09-12-obsidian-scan/W4-wechat-1546-snapshot.md	
wechat-34bed56f6d89	vault:processed/微信知识库/数据分析不是个事儿/01_数据分析/2024-09-20 这才是人力资源数据分析，你那只是做报表！.md	这才是人力资源数据分析，你那只是做报表！		K2+K4+K5+K6	locator-only	synthesis/2026-09-12-obsidian-scan/W4-wechat-1546-snapshot.md	
wechat-34cd50daebdb	vault:processed/微信知识库/木木自由/01_数据分析必备/2024-11-08 快手数据相关建设指南：数据中台、数据治理评估体系、数据指标、指标体系、应⽤场景···（附相关资料下载）.md	快手数据相关建设指南：数据中台、数据治理评估体系、数据指标、指标体系、应⽤场景···（附相关资料下载）		K4+K8	locator-only	synthesis/2026-09-12-obsidian-scan/W4-wechat-1546-snapshot.md	
wechat-34d7830eb63d	vault:processed/微信知识库/宸帆海财会咨询服务/01_会计/2026-01-12 干货！财务每月做账流程.md	干货！财务每月做账流程		K1+K4+K6	locator-only	synthesis/2026-09-12-obsidian-scan/W4-wechat-1546-snapshot.md	
wechat-34fd1739a9a1	vault:processed/微信知识库/数据熊/03_财务报表/2025-01-30 净利润，不能只有数量，没有质量.md	净利润，不能只有数量，没有质量		K1+K2+K4+K6	locator-only	synthesis/2026-09-12-obsidian-scan/W4-wechat-1546-snapshot.md	
wechat-35bed967f0a9	vault:processed/微信知识库/木木自由/01_数据分析必备/2023-08-04 回归分析、 数据仓库、埃森哲如何利用大数据进行数据挖掘与分析、用户行为数据分析知识体系、麦肯锡结构化战略思维··· 本周精华.md	回归分析、 数据仓库、埃森哲如何利用大数据进行数据挖掘与分析、用户行为数据分析知识体系、麦肯锡结构化战略思维··· | 本周精华		K4+K6+K8	locator-only	synthesis/2026-09-12-obsidian-scan/W4-wechat-1546-snapshot.md	
wechat-35c85fb05f7a	vault:processed/微信知识库/宸帆海财会咨询服务/09_税务/2025-06-24 我国18个税种（2025精简版）.md	我国18个税种（2025精简版）		K4	locator-only	synthesis/2026-09-12-obsidian-scan/W4-wechat-1546-snapshot.md	
wechat-360fc484bf9f	vault:processed/微信知识库/木木自由/01_数据分析必备/2023-12-06 收藏 数据分析常见的思维框架（附相关思维资料下载）.md	收藏 | 数据分析常见的思维框架（附相关思维资料下载）		K4+K6	locator-only	synthesis/2026-09-12-obsidian-scan/W4-wechat-1546-snapshot.md	
wechat-3610fb489b9e	vault:processed/微信知识库/宸帆海财会咨询服务/01_会计/2024-08-27 私车公用的税务风险有哪些？.md	私车公用的税务风险有哪些？		K4+K6	locator-only	synthesis/2026-09-12-obsidian-scan/W4-wechat-1546-snapshot.md	
wechat-362856038cfb	vault:processed/微信知识库/奔向自由的果/03_财务职场进阶/2025-12-21 我们做财务的，到底是考证重要工作能力重要.md	我们做财务的，到底是考证重要工作能力重要		K1+K6	locator-only	synthesis/2026-09-12-obsidian-scan/W4-wechat-1546-snapshot.md	
wechat-364c9e9161b6	vault:processed/微信知识库/奔向自由的果/03_财务职场进阶/2026-05-17 【深度长文】财务总监复盘：我用这“三张表”逻辑，让老板5分钟听懂全年预算执行情况.md	【深度长文】财务总监复盘：我用这“三张表”逻辑，让老板5分钟听懂全年预算执行情况		K1+K3+K4+K6	locator-only	synthesis/2026-09-12-obsidian-scan/W4-wechat-1546-snapshot.md	
wechat-3661f5c0e462	vault:processed/微信知识库/数据分析不是个事儿/03_模型/2024-01-11 理论篇：基于RFM模型的用户价值分析.md	理论篇：基于RFM模型的用户价值分析		K4+K6	locator-only	synthesis/2026-09-12-obsidian-scan/W4-wechat-1546-snapshot.md	
wechat-36bddda87ef6	vault:processed/微信知识库/宸帆海财会咨询服务/09_税务/2025-02-22 2025开年福利！打工人薪资计算与权益保障指南.md	2025开年福利！打工人薪资计算与权益保障指南			locator-only	synthesis/2026-09-12-obsidian-scan/W4-wechat-1546-snapshot.md	
wechat-373b9ab22152	vault:processed/微信知识库/数据熊/04_经营分析/2024-12-21 财务年度工作报告经典模板.md	财务年度工作报告经典模板		K2+K3+K4+K5+K6	locator-only	synthesis/2026-09-12-obsidian-scan/W4-wechat-1546-snapshot.md	
wechat-3756e9a61303	vault:processed/微信知识库/宸帆海财会咨询服务/10_财务/2025-12-25 公户提现合法途径（10个）.md	公户提现合法途径（10个）		K4+K6	locator-only	synthesis/2026-09-12-obsidian-scan/W4-wechat-1546-snapshot.md	
wechat-375b28ebd27a	vault:processed/微信知识库/奔向自由的果/03_财务职场进阶/2025-12-09 普通会计和财务总监的差距在哪里_财务管理的硬核能力.md	普通会计和财务总监的差距在哪里_财务管理的硬核能力		K1+K4+K5+K6	locator-only	synthesis/2026-09-12-obsidian-scan/W4-wechat-1546-snapshot.md	
wechat-3781e8c308c9	vault:processed/微信知识库/数据熊/01_财务分析/2025-03-08 财务分析报告，这样写，更专业（思维导图、案例、模板）.md	财务分析报告，这样写，更专业（思维导图、案例、模板）		K2+K3+K4+K5+K6	locator-only	synthesis/2026-09-12-obsidian-scan/W4-wechat-1546-snapshot.md	
wechat-37939d878c37	vault:processed/微信知识库/宸帆海财会咨询服务/01_会计/2025-02-05 代理记账委托合同（参考模板）.md	代理记账委托合同（参考模板）		K6	locator-only	synthesis/2026-09-12-obsidian-scan/W4-wechat-1546-snapshot.md	
wechat-379b7f8d9221	vault:processed/微信知识库/木木自由/01_数据分析必备/2024-04-07 商业模式画布、数据资产入表 数据资产管理体系 数据合规指南、如何做市场洞察分析、业务流程梳理指南、数据治理方案··· 本周精华.md	商业模式画布、数据资产入表/数据资产管理体系/数据合规指南、如何做市场洞察分析、业务流程梳理指南、数据治理方案···| 本周精华		K4+K5+K6+K8	locator-only	synthesis/2026-09-12-obsidian-scan/W4-wechat-1546-snapshot.md	
wechat-37ba4d73a04f	vault:processed/微信知识库/数据熊/04_经营分析/2026-03-05 2025年经营分析报告（简约版）.md	2025年经营分析报告（简约版）		K4+K6	locator-only	synthesis/2026-09-12-obsidian-scan/W4-wechat-1546-snapshot.md	
wechat-37ba978e8118	vault:processed/微信知识库/奔向自由的果/02_图解经营分析/【财务成本管控干货图解】财务成本管控中，倒挤法实操指南，案例+步骤全解析.md	【财务成本管控干货图解】财务成本管控中，倒挤法实操指南，案例+步骤全解析		K4+K6+K8	locator-only	synthesis/2026-09-12-obsidian-scan/W4-wechat-1546-snapshot.md	
wechat-37c3df3f5332	vault:processed/微信知识库/数据熊/01_财务分析/2025-06-29 半年度财务分析报告模板（附PPT模板）.md	半年度财务分析报告模板（附PPT模板）		K2+K3+K4+K5+K6+K7	locator-only	synthesis/2026-09-12-obsidian-scan/W4-wechat-1546-snapshot.md	
wechat-37efda4ba34b	vault:processed/微信知识库/奔向自由的果/01_报表模板与看板/2026-08-16 资金日报及收支合规性实时监控报表.md	资金日报及收支合规性实时监控报表		K5+K6	locator-only	synthesis/2026-09-12-obsidian-scan/W4-wechat-1546-snapshot.md	
wechat-386dfe133358	vault:processed/微信知识库/数据分析不是个事儿/01_数据分析/2024-08-07 商品分析怎么做？一文搞懂8个常用的商品分析模型！.md	商品分析怎么做？一文搞懂8个常用的商品分析模型！		K4+K5+K6	locator-only	synthesis/2026-09-12-obsidian-scan/W4-wechat-1546-snapshot.md	
wechat-3881d77fc63b	vault:processed/微信知识库/宸帆海财会咨询服务/01_会计/2025-04-06 税局严查！这14项数据异常，企业将被重点盯防！.md	税局严查！这14项数据异常，企业将被重点盯防！		K4+K6	locator-only	synthesis/2026-09-12-obsidian-scan/W4-wechat-1546-snapshot.md	
wechat-3898c2479a49	vault:processed/微信知识库/数据熊/2026-08-21 2026年8月财务总监工作总结.pptx.md	2026年8月财务总监工作总结.pptx			locator-only	synthesis/2026-09-12-obsidian-scan/W4-wechat-1546-snapshot.md	
wechat-38c356548862	vault:processed/微信知识库/数据分析不是个事儿/05_入门精选/2020-12-25 想转行数据分析，看完这篇再做决定！.md	想转行数据分析，看完这篇再做决定！			locator-only	synthesis/2026-09-12-obsidian-scan/W4-wechat-1546-snapshot.md	
wechat-38c8cf749061	vault:processed/微信知识库/数据熊/02_财务管理/2026-02-24 财务总监2025年工作总结及2026年工作计划.md	财务总监2025年工作总结及2026年工作计划		K6	locator-only	synthesis/2026-09-12-obsidian-scan/W4-wechat-1546-snapshot.md	
wechat-38ed4514b441	vault:processed/微信知识库/宸帆海财会咨询服务/09_税务/2025-03-21 别再乱花冤枉钱！2025年医保新规全解析.md	别再乱花冤枉钱！2025年医保新规全解析		K6+K7	locator-only	synthesis/2026-09-12-obsidian-scan/W4-wechat-1546-snapshot.md	
wechat-38f6b0a7fe2e	vault:processed/微信知识库/宸帆海财会咨询服务/01_会计/2024-10-10 财务报表分析可洞察企业核心、指引决策吗？.md	财务报表分析可洞察企业核心、指引决策吗？		K1+K2+K3+K4+K6+K7	locator-only	synthesis/2026-09-12-obsidian-scan/W4-wechat-1546-snapshot.md	
wechat-392db9e8d254	vault:processed/微信知识库/宸帆海财会咨询服务/02_企业所得税/2025-04-17 干货！2024企业所得税汇算清缴13大关键问题答疑.md	干货！2024企业所得税汇算清缴13大关键问题答疑		K4+K6	locator-only	synthesis/2026-09-12-obsidian-scan/W4-wechat-1546-snapshot.md	
wechat-39300afafb6c	vault:processed/微信知识库/木木自由/02_数据说/2020-05-03 【数据说第六期】数据指标出现异常波动时，你该如何着手数据的异常分析呢？.md	【数据说第六期】数据指标出现异常波动时，你该如何着手数据的异常分析呢？		K4+K5	locator-only	synthesis/2026-09-12-obsidian-scan/W4-wechat-1546-snapshot.md	
wechat-39437d0a6065	vault:processed/微信知识库/数据分析不是个事儿/05_入门精选/2020-11-10 如何设计驾驶舱指标体系？五大行业通用方法论.md	如何设计驾驶舱指标体系？五大行业通用方法论		K2+K3+K4+K5+K6	locator-only	synthesis/2026-09-12-obsidian-scan/W4-wechat-1546-snapshot.md	
wechat-399fdf588445	vault:processed/微信知识库/数据熊/05_货币资金/2025-09-05 财务高手是如何分析现金流量表的（附动态资金看板）.md	财务高手是如何分析现金流量表的（附动态资金看板）		K1+K3+K4+K5+K6	locator-only	synthesis/2026-09-12-obsidian-scan/W4-wechat-1546-snapshot.md	
wechat-39a28d857c2a	vault:processed/微信知识库/数据熊/01_财务分析/2025-04-13 做好成本核算，一定要从BOM开始（附案例）.md	做好成本核算，一定要从BOM开始（附案例）		K6	locator-only	synthesis/2026-09-12-obsidian-scan/W4-wechat-1546-snapshot.md	
wechat-39d5c3627571	vault:processed/微信知识库/数据熊/03_财务报表/2025-06-08 资产负债表和利润表之间的关系，一文看懂！.md	资产负债表和利润表之间的关系，一文看懂！		K1+K2+K3+K4+K6	locator-only	synthesis/2026-09-12-obsidian-scan/W4-wechat-1546-snapshot.md	
wechat-39ff738a98fe	vault:processed/微信知识库/木木自由/01_数据分析必备/2023-05-12 数据分析利器之python、IT应用架构规划详解（195页）、600多个人工智能AI工具汇总、营销革命5.0… 本周精华.md	数据分析利器之python、IT应用架构规划详解（195页）、600多个人工智能AI工具汇总、营销革命5.0…| 本周精华		K4+K8	locator-only	synthesis/2026-09-12-obsidian-scan/W4-wechat-1546-snapshot.md	
wechat-3a0e9e5e4b9c	vault:processed/微信知识库/数据熊/02_财务管理/2025-01-22 财务年终总结及工作计划（含可编辑PPT）.md	财务年终总结及工作计划（含可编辑PPT）		K2+K3+K4+K5+K6	locator-only	synthesis/2026-09-12-obsidian-scan/W4-wechat-1546-snapshot.md	
wechat-3a2aea74a157	vault:processed/微信知识库/木木自由/01_数据分析必备/2024-08-14 经营分析之财务预算管理指南：预算体系搭建、预算编制 预算控制 预算调整 预算分析···方案（附相关材料下载）.md	经营分析之财务预算管理指南：预算体系搭建、预算编制/预算控制/预算调整/预算分析···方案（附相关材料下载）		K4+K6+K7	locator-only	synthesis/2026-09-12-obsidian-scan/W4-wechat-1546-snapshot.md	
wechat-3a2cbca1073e	vault:processed/微信知识库/数据熊/04_经营分析/2026-01-11 详解美的集团经营分析体系.md	详解美的集团经营分析体系		K2+K4+K6	locator-only	synthesis/2026-09-12-obsidian-scan/W4-wechat-1546-snapshot.md	
wechat-3a9c8e7af291	vault:processed/微信知识库/数据分析不是个事儿/01_数据分析/2024-10-22 数据分析实操篇：零售行业销售分析怎么做？（附指标维度矩阵）.md	数据分析实操篇：零售行业销售分析怎么做？（附指标维度矩阵）		K3+K4+K5+K6	locator-only	synthesis/2026-09-12-obsidian-scan/W4-wechat-1546-snapshot.md	
wechat-3aa9b4d07af4	vault:processed/微信知识库/数据熊/02_财务管理/2025-01-25 从财务分析到经营分析：财务人员应该实现的七项能力跃迁.md	从财务分析到经营分析：财务人员应该实现的七项能力跃迁		K3+K4+K6	locator-only	synthesis/2026-09-12-obsidian-scan/W4-wechat-1546-snapshot.md	
wechat-3ab74ec866c1	vault:processed/微信知识库/数据熊/01_财务分析/2025-06-04 2025年5月财务分析PPT模板.md	2025年5月财务分析PPT模板		K3+K4+K5+K6	locator-only	synthesis/2026-09-12-obsidian-scan/W4-wechat-1546-snapshot.md	
wechat-3ac765068dfa	vault:processed/微信知识库/数据分析不是个事儿/01_数据分析/2025-03-13 电商运营如何规避风险？这篇风险预警分析指南直接套用！.md	电商运营如何规避风险？这篇风险预警分析指南直接套用！		K3+K4+K6	locator-only	synthesis/2026-09-12-obsidian-scan/W4-wechat-1546-snapshot.md	
wechat-3adf93b48f17	vault:processed/微信知识库/木木自由/01_数据分析必备/2025-04-16 《搭建财务分析框架指南》：财务分析报告框架、常见财务分析模型、财务分析指标体系经典完整图解、财务分析报告模板、案例···.md	《搭建财务分析框架指南》：财务分析报告框架、常见财务分析模型、财务分析指标体系经典完整图解、财务分析报告模板、案例···		K1+K2+K3+K4+K6+K7+K8	locator-only	synthesis/2026-09-12-obsidian-scan/W4-wechat-1546-snapshot.md	
wechat-3b1e6518b256	vault:processed/微信知识库/数据熊/04_经营分析/2025-06-28 年中经营分析报告模板（含PPT模板）.md	年中经营分析报告模板（含PPT模板）		K2+K3+K4+K6	locator-only	synthesis/2026-09-12-obsidian-scan/W4-wechat-1546-snapshot.md	
wechat-3b318e80017d	vault:processed/微信知识库/宸帆海财会咨询服务/01_会计/2024-08-29 医药行业在财税方面的常见违规行为有哪些？.md	医药行业在财税方面的常见违规行为有哪些？		K2+K4+K6+K7	locator-only	synthesis/2026-09-12-obsidian-scan/W4-wechat-1546-snapshot.md	
wechat-3b951e8be1d8	vault:processed/微信知识库/数据分析不是个事儿/01_数据分析/2025-02-18 会员分析怎么做？一文讲清会员全生命周期分析流程！.md	会员分析怎么做？一文讲清会员全生命周期分析流程！		K2+K4+K5	locator-only	synthesis/2026-09-12-obsidian-scan/W4-wechat-1546-snapshot.md	
wechat-3bc2b9b0e015	vault:processed/微信知识库/宸帆海财会咨询服务/01_会计/2025-02-16 财务干货！出口退税关键会计分录详解（外贸企业）.md	财务干货！出口退税关键会计分录详解（外贸企业）		K1+K4+K6	locator-only	synthesis/2026-09-12-obsidian-scan/W4-wechat-1546-snapshot.md	
wechat-3bf1efdbe77f	vault:processed/微信知识库/奔向自由的果/01_报表模板与看板/2026-09-04 大额资金联签审批制度（最高风险管控）.md	大额资金联签审批制度（最高风险管控）		K5	locator-only	synthesis/2026-09-12-obsidian-scan/W4-wechat-1546-snapshot.md	
wechat-3c02b06afcf6	vault:processed/微信知识库/数据分析不是个事儿/01_数据分析/2025-01-20 成本利润分析原来这么简单？手把手教你做好老板想要的成本利润分析！.md	成本利润分析原来这么简单？手把手教你做好老板想要的成本利润分析！		K2+K4+K6	locator-only	synthesis/2026-09-12-obsidian-scan/W4-wechat-1546-snapshot.md	
wechat-3c28430142c1	vault:processed/微信知识库/数据熊/04_经营分析/2026-05-24 经营分析，别做成了财务分析.md	经营分析，别做成了财务分析		K4	locator-only	synthesis/2026-09-12-obsidian-scan/W4-wechat-1546-snapshot.md	
wechat-3c7329768859	vault:processed/微信知识库/数据分析不是个事儿/01_数据分析/2025-01-14 外卖营业额起不来？这套现成的分析看板，可直接套用！.md	外卖营业额起不来？这套现成的分析看板，可直接套用！		K2+K4+K5+K6	locator-only	synthesis/2026-09-12-obsidian-scan/W4-wechat-1546-snapshot.md	
wechat-3c8a80d5e9a8	vault:processed/微信知识库/奔向自由的果/01_报表模板与看板/2026-04-21 财务报表分析—财务报表与总账核算全景驾驶舱看板（PPT+EXCEL）.md	财务报表分析—财务报表与总账核算全景驾驶舱看板（PPT+EXCEL）		K4+K5	locator-only	synthesis/2026-09-12-obsidian-scan/W4-wechat-1546-snapshot.md	
wechat-3cd94ec73397	vault:processed/微信知识库/木木自由/01_数据分析必备/2025-01-07 「价格分析模型」，建议收藏！一些方法和模型及案例、定价策略··.md	「价格分析模型」，建议收藏！一些方法和模型及案例、定价策略··		K4+K6	locator-only	synthesis/2026-09-12-obsidian-scan/W4-wechat-1546-snapshot.md	
wechat-3d0e21323e21	vault:processed/微信知识库/数据熊/04_经营分析/2026-04-25 经营分析，如何看各指标的联动.md	经营分析，如何看各指标的联动		K4+K6	locator-only	synthesis/2026-09-12-obsidian-scan/W4-wechat-1546-snapshot.md	
wechat-3d31c57c46f9	vault:processed/微信知识库/木木自由/01_数据分析必备/2023-07-07 定义问题、 行业分析、留存分析、数据产品经理修炼手册、ChatGPT与数字化、商业智能tableau··· 本周精华.md	定义问题、 行业分析、留存分析、数据产品经理修炼手册、ChatGPT与数字化、商业智能tableau··· | 本周精华		K4+K7+K8	locator-only	synthesis/2026-09-12-obsidian-scan/W4-wechat-1546-snapshot.md	
wechat-3d38df99f64a	vault:processed/微信知识库/木木自由/02_数据说/2021-11-21 精选“数据分析”好问题汇总·第四期.md	精选“数据分析”好问题汇总·第四期		K4+K5+K6+K8	locator-only	synthesis/2026-09-12-obsidian-scan/W4-wechat-1546-snapshot.md	
wechat-3d3dbff2d95b	vault:processed/微信知识库/奔向自由的果/03_财务职场进阶/2026-08-06 财务成本管控必备的18个核心指标，照着做就能落地（附Excel看板）.md	财务成本管控必备的18个核心指标，照着做就能落地（附Excel看板）		K3+K4+K5+K6+K8	locator-only	synthesis/2026-09-12-obsidian-scan/W4-wechat-1546-snapshot.md	
wechat-3d78bb83849c	vault:processed/微信知识库/木木自由/01_数据分析必备/2025-01-09 数据管理的四大支柱：揭秘数据中台、数据仓库、数据治理和主数据（附相关材料学习）.md	数据管理的四大支柱：揭秘数据中台、数据仓库、数据治理和主数据（附相关材料学习）		K4+K7+K8	locator-only	synthesis/2026-09-12-obsidian-scan/W4-wechat-1546-snapshot.md	
wechat-3d7c75f0fdea	vault:processed/微信知识库/宸帆海财会咨询服务/09_税务/2025-11-21 2025 年税务重点稽查的10个问题.md	2025 年税务重点稽查的10个问题		K4+K6	locator-only	synthesis/2026-09-12-obsidian-scan/W4-wechat-1546-snapshot.md	
wechat-3db15a1931cc	vault:processed/微信知识库/木木自由/07_数据分析/2024-04-22 收藏 数据资产入表现状分析+要点分析（附相关资料下载）.md	收藏 | 数据资产入表现状分析+要点分析（附相关资料下载）		K4+K5+K6+K8	locator-only	synthesis/2026-09-12-obsidian-scan/W4-wechat-1546-snapshot.md	
wechat-3de4f17cbb90	vault:processed/微信知识库/木木自由/01_数据分析必备/2020-10-19 数据分析必备——Excel基础知识.md	数据分析必备——Excel基础知识		K4+K6+K8	locator-only	synthesis/2026-09-12-obsidian-scan/W4-wechat-1546-snapshot.md	
wechat-3e046f2e1b55	vault:processed/微信知识库/木木自由/01_数据分析必备/2024-05-06 从战略层次全局看待业务—构建数据分析的“框架”（附埃森哲、麦肯锡、GE、华为···等大厂战略规划材料下载）.md	从战略层次全局看待业务—构建数据分析的“框架”（附埃森哲、麦肯锡、GE、华为···等大厂战略规划材料下载）		K4+K6	locator-only	synthesis/2026-09-12-obsidian-scan/W4-wechat-1546-snapshot.md	
wechat-3e2a72b54c43	vault:processed/微信知识库/数据熊/04_经营分析/2025-08-28 经营分析，不能只提问题不配动作.md	经营分析，不能只提问题不配动作		K4+K5	locator-only	synthesis/2026-09-12-obsidian-scan/W4-wechat-1546-snapshot.md	
wechat-3e3dc440d29f	vault:processed/微信知识库/数据分析不是个事儿/01_数据分析/2025-02-25 广告分析怎么做？警惕这3个思维盲区！.md	广告分析怎么做？警惕这3个思维盲区！		K4+K5+K6	locator-only	synthesis/2026-09-12-obsidian-scan/W4-wechat-1546-snapshot.md	
wechat-3e54ae20563e	vault:processed/微信知识库/木木自由/01_数据分析必备/2024-11-22 编写财务分析报告指南：步骤、内容、结构、分析要点···（附相关资料下载）.md	编写财务分析报告指南：步骤、内容、结构、分析要点···（附相关资料下载）		K1+K2+K4+K6+K7+K8	locator-only	synthesis/2026-09-12-obsidian-scan/W4-wechat-1546-snapshot.md	
wechat-3e5ec223045e	vault:processed/微信知识库/宸帆海财会咨询服务/02_企业所得税/2024-11-07 研发费用如何归集？.md	研发费用如何归集？		K4+K6+K7	locator-only	synthesis/2026-09-12-obsidian-scan/W4-wechat-1546-snapshot.md	
wechat-3e7eb9781319	vault:processed/微信知识库/数据熊/02_财务管理/2026-04-17 2026年1季度应收账款分析报告.pptx.md	2026年1季度应收账款分析报告.pptx		K4+K6	locator-only	synthesis/2026-09-12-obsidian-scan/W4-wechat-1546-snapshot.md	
wechat-3e8ffb6694d0	vault:processed/微信知识库/木木自由/01_数据分析必备/2024-04-29 数据要素研究框架【88页 附下载】.md	数据要素研究框架【88页 附下载】		K4+K8	locator-only	synthesis/2026-09-12-obsidian-scan/W4-wechat-1546-snapshot.md	
wechat-3ebe45c1a3c6	vault:processed/微信知识库/解决方案研究所/2026-09-05 德勤企业AI知识库建设指南：治理、架构、安全与运营.md	德勤企业AI知识库建设指南：治理、架构、安全与运营		K4+K8	locator-only	synthesis/2026-09-12-obsidian-scan/W4-wechat-1546-snapshot.md	
wechat-3f1b09d63306	vault:processed/微信知识库/奔向自由的果/02_图解经营分析/【财务干货图解】从“堆数据”到“会决策”：3步搭出老板“秒懂”的经营分析体系.md	【财务干货图解】从“堆数据”到“会决策”：3步搭出老板“秒懂”的经营分析体系		K4	locator-only	synthesis/2026-09-12-obsidian-scan/W4-wechat-1546-snapshot.md	
wechat-3f27ea2d69b5	vault:processed/微信知识库/数据熊/01_财务分析/2025-06-25 财务 BP 必须要掌握的5大业务逻辑.md	财务 BP 必须要掌握的5大业务逻辑		K3+K4+K5+K6+K7	locator-only	synthesis/2026-09-12-obsidian-scan/W4-wechat-1546-snapshot.md	
wechat-3f52c4a81043	vault:processed/微信知识库/奔向自由的果/01_报表模板与看板/2026-04-24 应收应付往来款管理—月度往来款管理分析总报告（PPT+EXCEL）.md	应收应付往来款管理—月度往来款管理分析总报告（PPT+EXCEL）		K2+K4+K5+K6	locator-only	synthesis/2026-09-12-obsidian-scan/W4-wechat-1546-snapshot.md	
wechat-3f75324e34c0	vault:processed/微信知识库/数据熊/02_财务管理/2025-11-22 从0到1搭建公司财务体系（附思维导图、实操手册）.md	从0到1搭建公司财务体系（附思维导图、实操手册）		K5	locator-only	synthesis/2026-09-12-obsidian-scan/W4-wechat-1546-snapshot.md	
wechat-3f79536d26e1	vault:processed/微信知识库/数据熊/01_财务分析/2025-04-12 财务三大报表的勾稽关系，看这篇就够了！.md	财务三大报表的勾稽关系，看这篇就够了！		K1+K4+K6	locator-only	synthesis/2026-09-12-obsidian-scan/W4-wechat-1546-snapshot.md	
wechat-3fab2ebcf477	vault:processed/微信知识库/木木自由/01_数据分析必备/2025-03-07 「如何构建数据指标体系？」：指标体系搭建思路、指标分解的方法、指标管理职责分工、零售 保险 电商等数据指标体系案例···.md	「如何构建数据指标体系？」：指标体系搭建思路、指标分解的方法、指标管理职责分工、零售/保险/电商等数据指标体系案例···		K4+K6+K8	locator-only	synthesis/2026-09-12-obsidian-scan/W4-wechat-1546-snapshot.md	
wechat-3fec114c3852	vault:processed/微信知识库/数据分析不是个事儿/01_数据分析/2024-10-08 销售数据分析怎么做？需要分析那些核心指标和数据？.md	销售数据分析怎么做？需要分析那些核心指标和数据？		K4+K5	locator-only	synthesis/2026-09-12-obsidian-scan/W4-wechat-1546-snapshot.md	
wechat-40023842b87b	vault:processed/微信知识库/数据熊/04_经营分析/2025-11-02 杜邦分析法：深度拆解公司盈利能力.md	杜邦分析法：深度拆解公司盈利能力		K2+K3+K4	locator-only	synthesis/2026-09-12-obsidian-scan/W4-wechat-1546-snapshot.md	
wechat-4022fbfd34a1	vault:processed/微信知识库/奔向自由的果/01_报表模板与看板/2026-04-27 经营财务与业财融合分析——产销协同与库存健康度看板.md	经营财务与业财融合分析——产销协同与库存健康度看板		K3+K4+K5+K7	locator-only	synthesis/2026-09-12-obsidian-scan/W4-wechat-1546-snapshot.md	
wechat-402b8b155617	vault:processed/微信知识库/木木自由/07_数据分析/2024-07-18 数据资产管理实践指南：解决方案、通用步骤、专家解析···【附相关材料下载】.md	数据资产管理实践指南：解决方案、通用步骤、专家解析···【附相关材料下载】		K4+K5+K6+K8	locator-only	synthesis/2026-09-12-obsidian-scan/W4-wechat-1546-snapshot.md	
wechat-4062ab57c72f	vault:processed/微信知识库/宸帆海财会咨询服务/09_税务/2025-01-18 2025年税收优惠政策！.md	2025年税收优惠政策！		K4+K6	locator-only	synthesis/2026-09-12-obsidian-scan/W4-wechat-1546-snapshot.md	
wechat-4099aa8d9b7f	vault:processed/微信知识库/宸帆海财会咨询服务/02_企业所得税/2025-04-12 一文精通！股权转让涉税要点全解析.md	一文精通！股权转让涉税要点全解析		K4+K6	locator-only	synthesis/2026-09-12-obsidian-scan/W4-wechat-1546-snapshot.md	
wechat-40f37bf68000	vault:processed/微信知识库/数据熊/02_财务管理/2026-01-27 财务总监2025年工作总结及2026年工作计划.md	财务总监2025年工作总结及2026年工作计划		K6	locator-only	synthesis/2026-09-12-obsidian-scan/W4-wechat-1546-snapshot.md	
wechat-411cd2993c6d	vault:processed/微信知识库/奔向自由的果/02_图解经营分析/【财务经营分析干货图解】老板 经理 员工分别要看什么？一套懂所有人的经营分析框架.md	【财务经营分析干货图解】老板/经理/员工分别要看什么？一套懂所有人的经营分析框架		K3+K4+K6+K7	locator-only	synthesis/2026-09-12-obsidian-scan/W4-wechat-1546-snapshot.md	
wechat-4145b74f5f0d	vault:processed/微信知识库/木木自由/07_数据分析/2024-07-01 经营分析入门指南：步骤和方法、作用、案例···【55页 附下载】.md	经营分析入门指南：步骤和方法、作用、案例···【55页 附下载】		K4+K6+K7+K8	locator-only	synthesis/2026-09-12-obsidian-scan/W4-wechat-1546-snapshot.md	
wechat-419ddf8011a1	vault:processed/微信知识库/数据熊/01_财务分析/2025-04-03 2025年一季度财务分析报告模板（附PPT模板）.md	2025年一季度财务分析报告模板（附PPT模板）		K3+K4+K6	locator-only	synthesis/2026-09-12-obsidian-scan/W4-wechat-1546-snapshot.md	
wechat-41c27e192b4b	vault:processed/微信知识库/数据分析不是个事儿/01_数据分析/2024-11-26 信息流广告投放如何做数据分析？一文彻底讲清（附案例）.md	信息流广告投放如何做数据分析？一文彻底讲清（附案例）		K4+K6	locator-only	synthesis/2026-09-12-obsidian-scan/W4-wechat-1546-snapshot.md	
wechat-4206229ce58e	vault:processed/微信知识库/数据熊/02_财务管理/2025-10-24 资金预测：核心流程与方法（附Excel模型）.md	资金预测：核心流程与方法（附Excel模型）		K4+K6	locator-only	synthesis/2026-09-12-obsidian-scan/W4-wechat-1546-snapshot.md	
wechat-4286724660f0	vault:processed/微信知识库/数据熊/01_财务分析/2025-05-24 为什么现金流比净利润更重要？.md	为什么现金流比净利润更重要？		K1+K2+K4+K6	locator-only	synthesis/2026-09-12-obsidian-scan/W4-wechat-1546-snapshot.md	
wechat-4313c3974535	vault:processed/微信知识库/数据分析不是个事儿/01_数据分析/2024-06-21 怎么做新零售，新零售解决方案是什么？.md	怎么做新零售，新零售解决方案是什么？		K4+K6	locator-only	synthesis/2026-09-12-obsidian-scan/W4-wechat-1546-snapshot.md	
wechat-4364b7c0ac3b	vault:processed/微信知识库/宸帆海财会咨询服务/02_企业所得税/2025-02-03 纯干货！新手搞懂企业税负率就看这篇.md	纯干货！新手搞懂企业税负率就看这篇		K3+K4+K6+K7	locator-only	synthesis/2026-09-12-obsidian-scan/W4-wechat-1546-snapshot.md	
wechat-438a1c9cdfda	vault:processed/微信知识库/数据分析不是个事儿/01_数据分析/2024-11-21 上海Fine Workshop 第八期“财务应用最佳实践”专场——走进高校！！！.md	上海Fine Workshop 第八期“财务应用最佳实践”专场——走进高校！！！			locator-only	synthesis/2026-09-12-obsidian-scan/W4-wechat-1546-snapshot.md	
wechat-43ac5fef7dd5	vault:processed/微信知识库/宸帆海财会咨询服务/10_财务/2025-02-06 一文读懂过桥贷款！！！.md	一文读懂过桥贷款！！！		K4+K6+K7	locator-only	synthesis/2026-09-12-obsidian-scan/W4-wechat-1546-snapshot.md	
wechat-43f51cada0f8	vault:processed/微信知识库/木木自由/01_数据分析必备/2024-08-29 120个数据分析指标与术语（附相关材料下载）.md	120个数据分析指标与术语（附相关材料下载）		K4+K6+K8	locator-only	synthesis/2026-09-12-obsidian-scan/W4-wechat-1546-snapshot.md	
wechat-441680672e81	vault:processed/微信知识库/数据熊/02_财务管理/2024-12-22 财务总监2024年度工作总结及2025年工作计划（经典模板）.md	财务总监2024年度工作总结及2025年工作计划（经典模板）		K4+K5+K6+K7	locator-only	synthesis/2026-09-12-obsidian-scan/W4-wechat-1546-snapshot.md	
wechat-448f1741e866	vault:processed/微信知识库/数据分析不是个事儿/01_数据分析/2024-12-13 快2025年，这7种数据分析模型，够你应用明年一年的分析场景了！.md	快2025年，这7种数据分析模型，够你应用明年一年的分析场景了！		K4+K6	locator-only	synthesis/2026-09-12-obsidian-scan/W4-wechat-1546-snapshot.md	
wechat-44dd1c6bb519	vault:processed/微信知识库/奔向自由的果/01_报表模板与看板/2026-07-02 2026年 财务经理岗 年中总结及可视化看板.md	2026年 财务经理岗 年中总结及可视化看板		K4+K5+K6+K7	locator-only	synthesis/2026-09-12-obsidian-scan/W4-wechat-1546-snapshot.md	
wechat-44e2e90ae4b0	vault:processed/微信知识库/奔向自由的果/02_图解经营分析/【财务资金管理干货图解】资金预测模型：中小企业管好“钱袋子”的实用指南.md	【财务资金管理干货图解】资金预测模型：中小企业管好“钱袋子”的实用指南		K4+K6+K8	locator-only	synthesis/2026-09-12-obsidian-scan/W4-wechat-1546-snapshot.md	
wechat-44e9cf8c008e	vault:processed/微信知识库/木木自由/01_数据分析必备/2022-05-08 【原创】用户行为分析如何落地的一些基本思考与见解.md	【原创】用户行为分析如何落地的一些基本思考与见解		K4+K6+K8	locator-only	synthesis/2026-09-12-obsidian-scan/W4-wechat-1546-snapshot.md	
wechat-45190b305933	vault:processed/微信知识库/木木自由/07_数据分析/2024-03-25 数据分析基石之业务流程梳理.md	数据分析基石之业务流程梳理		K4+K8	locator-only	synthesis/2026-09-12-obsidian-scan/W4-wechat-1546-snapshot.md	
wechat-451f1f96ed3d	vault:processed/微信知识库/数据熊/02_财务管理/2026-01-25 2025年应收账款分析模型.pptx（附Excel模板）.md	2025年应收账款分析模型.pptx（附Excel模板）		K2+K4+K6	locator-only	synthesis/2026-09-12-obsidian-scan/W4-wechat-1546-snapshot.md	
wechat-45315a807ffd	vault:processed/微信知识库/宸帆海财会咨询服务/02_企业所得税/2024-08-16 高新技术企业在享受企业所得税15%优惠税率时，需注意的事项有哪些？.md	高新技术企业在享受企业所得税15%优惠税率时，需注意的事项有哪些？		K4+K6	locator-only	synthesis/2026-09-12-obsidian-scan/W4-wechat-1546-snapshot.md	
wechat-453d0e5f48d4	vault:processed/微信知识库/奔向自由的果/03_财务职场进阶/2025-12-04 盘点企业财税的十大痛点.md	盘点企业财税的十大痛点		K3+K4+K6+K7	locator-only	synthesis/2026-09-12-obsidian-scan/W4-wechat-1546-snapshot.md	
wechat-45499e9e7f36	vault:processed/微信知识库/数据熊/04_经营分析/2026-01-13 经营分析的关键，是做好“路径分析”，而不是“数据分析”.md	经营分析的关键，是做好“路径分析”，而不是“数据分析”		K2+K4+K6	locator-only	synthesis/2026-09-12-obsidian-scan/W4-wechat-1546-snapshot.md	
wechat-4599d100b1e7	vault:processed/微信知识库/奔向自由的果/01_报表模板与看板/2026-05-26 财务分析：月度经营分析报表.md	财务分析：月度经营分析报表		K1+K2+K4+K5+K6+K8	locator-only	synthesis/2026-09-12-obsidian-scan/W4-wechat-1546-snapshot.md	
wechat-45e1fe97f437	vault:processed/微信知识库/奔向自由的果/01_报表模板与看板/2026-05-12 财务经营分析：本量利盈亏平衡测算报表（PPT+EXCEL看板）.md	财务经营分析：本量利盈亏平衡测算报表（PPT+EXCEL看板）		K4+K5	locator-only	synthesis/2026-09-12-obsidian-scan/W4-wechat-1546-snapshot.md	
wechat-45eb51b398fd	vault:processed/微信知识库/奔向自由的果/01_报表模板与看板/2026-04-12 财务成本与盈利性管控分析—研发成本与产品全生命周期成本管控看板（EXCEL,PPT）.md	财务成本与盈利性管控分析—研发成本与产品全生命周期成本管控看板（EXCEL,PPT）		K4+K5+K6	locator-only	synthesis/2026-09-12-obsidian-scan/W4-wechat-1546-snapshot.md	
wechat-45fd23f2ee11	vault:processed/微信知识库/奔向自由的果/01_报表模板与看板/2026-07-14 财务预算管理—预算流程优化与持续改进制度.md	财务预算管理—预算流程优化与持续改进制度		K5+K6	locator-only	synthesis/2026-09-12-obsidian-scan/W4-wechat-1546-snapshot.md	
wechat-460c281a6fd5	vault:processed/微信知识库/木木自由/01_数据分析必备/2025-02-20 经营分析：战略落地预算与经营管理（108页 PPT）.md	经营分析：战略落地预算与经营管理（108页 PPT）		K1+K2+K4+K5+K6+K8	locator-only	synthesis/2026-09-12-obsidian-scan/W4-wechat-1546-snapshot.md	
wechat-460d19875b86	vault:processed/微信知识库/数据熊/01_财务分析/2025-03-16 应收账款分析模型：关键指标、思维导图.md	应收账款分析模型：关键指标、思维导图		K1+K3+K4+K6+K7	locator-only	synthesis/2026-09-12-obsidian-scan/W4-wechat-1546-snapshot.md	
wechat-4646328d0e55	vault:processed/微信知识库/木木自由/01_数据分析必备/2024-03-04 收藏 数据指标体系搭建与行业实践（附资相关材料下载）.md	收藏 | 数据指标体系搭建与行业实践（附资相关材料下载）		K4+K5+K6+K8	locator-only	synthesis/2026-09-12-obsidian-scan/W4-wechat-1546-snapshot.md	
wechat-465290fd3d9e	vault:processed/微信知识库/木木自由/01_数据分析必备/2024-08-13 数据资产管理：管、存、算、规、治（附数据资产管理专家解析指南···等相关材料下载）.md	数据资产管理：管、存、算、规、治（附数据资产管理专家解析指南···等相关材料下载）		K4+K5+K7+K8	locator-only	synthesis/2026-09-12-obsidian-scan/W4-wechat-1546-snapshot.md	
wechat-46599cc02d0c	vault:processed/微信知识库/宸帆海财会咨询服务/02_企业所得税/2025-02-25 别再搞错！CIF和FOB方式下外贸企业的收入确认差异案例分析.md	别再搞错！CIF和FOB方式下外贸企业的收入确认差异案例分析		K1+K6	locator-only	synthesis/2026-09-12-obsidian-scan/W4-wechat-1546-snapshot.md	
wechat-46675c27401f	vault:processed/微信知识库/木木自由/07_数据分析/2024-06-19 营销活动数据分析指南：分析方法、销售分析、实例、分析表格模版···【90页 附下载】.md	营销活动数据分析指南：分析方法、销售分析、实例、分析表格模版···【90页 附下载】		K4+K6	locator-only	synthesis/2026-09-12-obsidian-scan/W4-wechat-1546-snapshot.md	
wechat-469749a8eb34	vault:processed/微信知识库/数据熊/01_财务分析/2026-03-07 数据熊 财务分析模型：一键导入、自动计算、自动画图.md	数据熊 | 财务分析模型：一键导入、自动计算、自动画图		K1+K3+K4+K5+K6	locator-only	synthesis/2026-09-12-obsidian-scan/W4-wechat-1546-snapshot.md	
wechat-46c2cfb5bbb0	vault:processed/微信知识库/数据熊/02_财务管理/2025-08-11 存量思维VS增量思维：财务高手是如何为企业创造价值的.md	存量思维VS增量思维：财务高手是如何为企业创造价值的		K1+K2+K3+K4+K5+K6	locator-only	synthesis/2026-09-12-obsidian-scan/W4-wechat-1546-snapshot.md	
wechat-46df8600aa70	vault:processed/微信知识库/数据熊/04_经营分析/2026-05-22 数据熊 经营分析驾驶舱.md	数据熊 | 经营分析驾驶舱		K4+K5	locator-only	synthesis/2026-09-12-obsidian-scan/W4-wechat-1546-snapshot.md	
wechat-46ea7b71327d	vault:processed/微信知识库/木木自由/01_数据分析必备/2023-09-28 直播数据分析、交叉分析法、企业数字化人才战略、数据挖掘入门（194页 PPT）、数据分析六步法··· 本周精华.md	直播数据分析、交叉分析法、企业数字化人才战略、数据挖掘入门（194页 PPT）、数据分析六步法··· | 本周精华		K4+K7+K8	locator-only	synthesis/2026-09-12-obsidian-scan/W4-wechat-1546-snapshot.md	
wechat-47255df4ed3d	vault:processed/微信知识库/数据熊/04_经营分析/2026-01-26 2025年经营分析报告（第三版）.md	2025年经营分析报告（第三版）		K4+K6	locator-only	synthesis/2026-09-12-obsidian-scan/W4-wechat-1546-snapshot.md	
wechat-4759948a58e9	vault:processed/微信知识库/奔向自由的果/03_财务职场进阶/2026-03-16 财务年度规划三件事：复盘、目标、路径，一文讲透.md	财务年度规划三件事：复盘、目标、路径，一文讲透		K4+K6	locator-only	synthesis/2026-09-12-obsidian-scan/W4-wechat-1546-snapshot.md	
wechat-480f47dc5820	vault:processed/微信知识库/木木自由/01_数据分析必备/2025-03-03 《数据资源目录建设指南》：数据资产目录建设方案(46页 PPT).md	《数据资源目录建设指南》：数据资产目录建设方案(46页 PPT)		K4+K6+K8	locator-only	synthesis/2026-09-12-obsidian-scan/W4-wechat-1546-snapshot.md	
wechat-48560b41be6e	vault:processed/微信知识库/宸帆海财会咨询服务/03_出口退税/2025-12-23 2026年出口退税新规.md	2026年出口退税新规		K8	locator-only	synthesis/2026-09-12-obsidian-scan/W4-wechat-1546-snapshot.md	
wechat-489013e850a8	vault:processed/微信知识库/宸帆海财会咨询服务/01_会计/2024-09-27 降准对各行业有何影响？.md	降准对各行业有何影响？		K2+K6	locator-only	synthesis/2026-09-12-obsidian-scan/W4-wechat-1546-snapshot.md	
wechat-48bdce15cacd	vault:processed/微信知识库/宸帆海财会咨询服务/09_税务/2025-02-21 2025年真的开始涨工资了！.md	2025年真的开始涨工资了！		K2+K4+K6	locator-only	synthesis/2026-09-12-obsidian-scan/W4-wechat-1546-snapshot.md	
wechat-48c4bc554355	vault:processed/微信知识库/木木自由/01_数据分析必备/2022-08-15 【原创】数据分析中“如何给落地建议”一些思考和见解.md	【原创】数据分析中“如何给落地建议”一些思考和见解		K4+K6+K8	locator-only	synthesis/2026-09-12-obsidian-scan/W4-wechat-1546-snapshot.md	
wechat-48e8225969a8	vault:processed/微信知识库/宸帆海财会咨询服务/04_汇算清缴/2025-03-24 收藏！2024年企业所得税汇算清缴超全攻略.md	收藏！2024年企业所得税汇算清缴超全攻略		K4+K6	locator-only	synthesis/2026-09-12-obsidian-scan/W4-wechat-1546-snapshot.md	
wechat-48f9e3f2125c	vault:processed/微信知识库/木木自由/01_数据分析必备/2024-11-15 某车企数据化经营：经营管理数字化、数据治理、数据运营、数字化顶层设计···（附相关资料下载）.md	某车企数据化经营：经营管理数字化、数据治理、数据运营、数字化顶层设计···（附相关资料下载）		K4+K8	locator-only	synthesis/2026-09-12-obsidian-scan/W4-wechat-1546-snapshot.md	
wechat-4918b3b91a6e	vault:processed/微信知识库/奔向自由的果/01_报表模板与看板/2026-07-18 财务成本管控制度文件—成本管控组织与职责分工制度.md	财务成本管控制度文件—成本管控组织与职责分工制度		K5+K6	locator-only	synthesis/2026-09-12-obsidian-scan/W4-wechat-1546-snapshot.md	
wechat-49470fd45bb3	vault:processed/微信知识库/数据熊/04_经营分析/2026-03-03 「经营分析驾驶舱」终于做好了：一场会议看清收入、利润和现金流.md	「经营分析驾驶舱」终于做好了：一场会议看清收入、利润和现金流		K4+K5+K6	locator-only	synthesis/2026-09-12-obsidian-scan/W4-wechat-1546-snapshot.md	
wechat-495153cee8ce	vault:processed/微信知识库/数据熊/02_财务管理/2026-02-16 2026年1月财务分析报告.md	2026年1月财务分析报告		K6	locator-only	synthesis/2026-09-12-obsidian-scan/W4-wechat-1546-snapshot.md	
wechat-499d325b4d39	vault:processed/微信知识库/宸帆海财会咨询服务/09_税务/2025-11-24 这些发票不能入账！.md	这些发票不能入账！		K4	locator-only	synthesis/2026-09-12-obsidian-scan/W4-wechat-1546-snapshot.md	
wechat-4a05f92228ab	vault:processed/微信知识库/数据熊/04_经营分析/2025-09-12 经营分析，要先把业务路线捋顺.md	经营分析，要先把业务路线捋顺		K4+K5	locator-only	synthesis/2026-09-12-obsidian-scan/W4-wechat-1546-snapshot.md	
wechat-4a0bab161a87	vault:processed/微信知识库/数据熊/01_财务分析/2025-06-09 产品定价模型，财务BP的必修课.md	产品定价模型，财务BP的必修课		K3+K4+K5+K6	locator-only	synthesis/2026-09-12-obsidian-scan/W4-wechat-1546-snapshot.md	
wechat-4a2c781cf0b5	vault:processed/微信知识库/数研复盘狮/2026-09-11 2026年9月总经理数据分析驾驶舱-含底稿.md	2026年9月总经理数据分析驾驶舱-含底稿		K4+K5	locator-only	synthesis/2026-09-12-obsidian-scan/W4-wechat-1546-snapshot.md	
wechat-4a48195994d3	vault:processed/微信知识库/木木自由/01_数据分析必备/2025-04-27 销量预测总踩坑？4招让准确率提升 20%—基于跨境电商百万级数据的预测方法论.md	销量预测总踩坑？4招让准确率提升 20%—基于跨境电商百万级数据的预测方法论		K4+K6+K8	locator-only	synthesis/2026-09-12-obsidian-scan/W4-wechat-1546-snapshot.md	
wechat-4a8f0bfa1ca5	vault:processed/微信知识库/数据熊/01_财务分析/2025-08-19 市盈率，你真的会用吗？.md	市盈率，你真的会用吗？		K1+K4	locator-only	synthesis/2026-09-12-obsidian-scan/W4-wechat-1546-snapshot.md	
wechat-4abe8fa74e5c	vault:processed/微信知识库/木木自由/01_数据分析必备/2025-02-19 商业分析相关学习指南完整版（400+页 PPT）.md	商业分析相关学习指南完整版（400+页 PPT）		K4+K8	locator-only	synthesis/2026-09-12-obsidian-scan/W4-wechat-1546-snapshot.md	
wechat-4aefd81850af	vault:processed/微信知识库/数据熊/04_经营分析/2026-05-04 2026年4月经营分析报告.pptx.md	2026年4月经营分析报告.pptx		K4+K6	locator-only	synthesis/2026-09-12-obsidian-scan/W4-wechat-1546-snapshot.md	
wechat-4af5c5e7a2be	vault:processed/微信知识库/奔向自由的果/02_图解经营分析/【财务绩效管理干货图解】财务经理必看！青岛啤酒用BSC做绩效管理的3个关键动作.md	【财务绩效管理干货图解】财务经理必看！青岛啤酒用BSC做绩效管理的3个关键动作		K4+K6	locator-only	synthesis/2026-09-12-obsidian-scan/W4-wechat-1546-snapshot.md	
wechat-4b5cdf7dbc17	vault:processed/微信知识库/数据熊/04_经营分析/2025-06-03 经营分析：如何获得行业标准值.md	经营分析：如何获得行业标准值		K3+K4+K5+K6	locator-only	synthesis/2026-09-12-obsidian-scan/W4-wechat-1546-snapshot.md	
wechat-4b9a63aa8fb4	vault:processed/微信知识库/宸帆海财会咨询服务/03_出口退税/2025-06-06 收藏！外贸企业在线办理出口退税全流程.md	收藏！外贸企业在线办理出口退税全流程		K8	locator-only	synthesis/2026-09-12-obsidian-scan/W4-wechat-1546-snapshot.md	
wechat-4baa155cb793	vault:processed/微信知识库/奔向自由的果/02_图解经营分析/【财务预算管理干货图解】全面预算流程闭环：上市公司是怎么从编到考的？.md	【财务预算管理干货图解】全面预算流程闭环：上市公司是怎么从编到考的？		K4+K6+K8	locator-only	synthesis/2026-09-12-obsidian-scan/W4-wechat-1546-snapshot.md	
wechat-4bc9b2c400a7	vault:processed/微信知识库/数据熊/04_经营分析/2026-06-03 2026年5月经营分析报告.md	2026年5月经营分析报告		K4	locator-only	synthesis/2026-09-12-obsidian-scan/W4-wechat-1546-snapshot.md	
wechat-4c11a113b943	vault:processed/微信知识库/数据熊/02_财务管理/2025-03-28 财务BP如何三段式讲透“降本增效” 结构化汇报的秘诀.md	财务BP如何三段式讲透“降本增效”?结构化汇报的秘诀		K2+K3+K4+K6	locator-only	synthesis/2026-09-12-obsidian-scan/W4-wechat-1546-snapshot.md	
wechat-4c59fb4d69da	vault:processed/微信知识库/数据熊/04_经营分析/2025-07-20 经营分析，一定要以问题为导向.md	经营分析，一定要以问题为导向		K4+K6	locator-only	synthesis/2026-09-12-obsidian-scan/W4-wechat-1546-snapshot.md	
wechat-4c6fe9369e27	vault:processed/微信知识库/数据熊/04_经营分析/2026-02-17 2025年经营分析报告（简约版）.md	2025年经营分析报告（简约版）		K4+K6	locator-only	synthesis/2026-09-12-obsidian-scan/W4-wechat-1546-snapshot.md	
wechat-4cd49f18f6f0	vault:processed/微信知识库/宸帆海财会咨询服务/01_会计/2025-03-01 利润表分析频频出错？9个要点让你豁然开朗.md	利润表分析频频出错？9个要点让你豁然开朗		K1+K2+K3+K4+K6	locator-only	synthesis/2026-09-12-obsidian-scan/W4-wechat-1546-snapshot.md	
wechat-4d3843653ea4	vault:processed/微信知识库/数据熊/05_货币资金/2026-08-09 2026年7月资金及现金流分析报告.pptx.md	2026年7月资金及现金流分析报告.pptx		K2	locator-only	synthesis/2026-09-12-obsidian-scan/W4-wechat-1546-snapshot.md	
wechat-4d8daf624ba9	vault:processed/微信知识库/数据熊/03_财务报表/2025-03-20 从车间到报表：成本核算全流程.md	从车间到报表：成本核算全流程		K1+K3+K4+K6	locator-only	synthesis/2026-09-12-obsidian-scan/W4-wechat-1546-snapshot.md	
wechat-4da14c1cd930	vault:processed/微信知识库/宸帆海财会咨询服务/09_税务/2025-02-25 划重点！2025个人银行卡收款监管升级，这些红线必须牢记！.md	划重点！2025个人银行卡收款监管升级，这些红线必须牢记！		K4	locator-only	synthesis/2026-09-12-obsidian-scan/W4-wechat-1546-snapshot.md	
wechat-4db61dfc499c	vault:processed/微信知识库/宸帆海财会咨询服务/01_会计/2025-07-22 警惕！会计新人做账10大易错点.md	警惕！会计新人做账10大易错点		K1+K4+K6	locator-only	synthesis/2026-09-12-obsidian-scan/W4-wechat-1546-snapshot.md	
wechat-4dd2acd27134	vault:processed/微信知识库/数据熊/02_财务管理/2024-11-04 制度和流程的区别：理清人和事，让管理更高效.md	制度和流程的区别：理清人和事，让管理更高效		K4	locator-only	synthesis/2026-09-12-obsidian-scan/W4-wechat-1546-snapshot.md	
wechat-4dd91e12fe88	vault:processed/微信知识库/数据熊/04_经营分析/2026-08-29 集团运营驾驶舱.md	集团运营驾驶舱		K4+K5	locator-only	synthesis/2026-09-12-obsidian-scan/W4-wechat-1546-snapshot.md	
wechat-4e118635399f	vault:processed/微信知识库/数据熊/2026-08-27 集团财务总监经营驾驶舱.md	集团财务总监经营驾驶舱		K2+K4+K5+K6	locator-only	synthesis/2026-09-12-obsidian-scan/W4-wechat-1546-snapshot.md	
wechat-4e54357e92ea	vault:processed/微信知识库/数据熊/05_货币资金/2026-05-14 2026年4月资金及现金流分析报告.md	2026年4月资金及现金流分析报告		K1+K2+K4+K6	locator-only	synthesis/2026-09-12-obsidian-scan/W4-wechat-1546-snapshot.md	
wechat-4e640b5af67e	vault:processed/微信知识库/木木自由/01_数据分析必备/2025-03-17 营销活动数据分析指南（90页 PPT）.md	营销活动数据分析指南（90页 PPT）		K4+K8	locator-only	synthesis/2026-09-12-obsidian-scan/W4-wechat-1546-snapshot.md	
wechat-4e6bbfaf0496	vault:processed/微信知识库/数据熊/01_财务分析/2025-07-04 财务分析报告，这样写，更有价值（附PPT模板）.md	财务分析报告，这样写，更有价值（附PPT模板）		K3+K4+K6+K7	locator-only	synthesis/2026-09-12-obsidian-scan/W4-wechat-1546-snapshot.md	
wechat-4e6d21d3ea9f	vault:processed/微信知识库/木木自由/01_数据分析必备/2024-04-02 如何做市场洞察分析【55页 附下载】.md	如何做市场洞察分析【55页 附下载】		K4	locator-only	synthesis/2026-09-12-obsidian-scan/W4-wechat-1546-snapshot.md	
wechat-4e70e96ed6e4	vault:processed/微信知识库/数据熊/02_财务管理/2024-11-18 这5个指标异常，企业离暴雷不远了.md	这5个指标异常，企业离暴雷不远了		K1+K2+K3+K4+K6	locator-only	synthesis/2026-09-12-obsidian-scan/W4-wechat-1546-snapshot.md	
wechat-4e88076a0ca1	vault:processed/微信知识库/木木自由/07_数据分析/2024-07-24 如何做好用户增长指南：核心步骤、用户增长数据分析图、用户运营体系···【附相关材料下载】.md	如何做好用户增长指南：核心步骤、用户增长数据分析图、用户运营体系···【附相关材料下载】		K4+K6	locator-only	synthesis/2026-09-12-obsidian-scan/W4-wechat-1546-snapshot.md	
wechat-4e8d612e2bd0	vault:processed/微信知识库/数据熊/01_财务分析/2025-05-05 巴菲特退休，留下的财报哲学值得每个人学习.md	巴菲特退休，留下的财报哲学值得每个人学习		K1+K3+K4+K6	locator-only	synthesis/2026-09-12-obsidian-scan/W4-wechat-1546-snapshot.md	
wechat-4f1fae115429	vault:processed/微信知识库/宸帆海财会咨询服务/10_财务/2025-11-22 往来款清理.md	往来款清理		K4+K6	locator-only	synthesis/2026-09-12-obsidian-scan/W4-wechat-1546-snapshot.md	
wechat-4f311b83ca18	vault:processed/微信知识库/宸帆海财会咨询服务/02_企业所得税/2025-01-17 解析印花税的主要来源！.md	解析印花税的主要来源！		K1+K4	locator-only	synthesis/2026-09-12-obsidian-scan/W4-wechat-1546-snapshot.md	
wechat-4f372218f34a	vault:processed/微信知识库/数据熊/04_经营分析/2025-10-08 2025年Q3经营分析PPT框架（含可编辑模板）.md	2025年Q3经营分析PPT框架（含可编辑模板）		K3+K4+K5+K6	locator-only	synthesis/2026-09-12-obsidian-scan/W4-wechat-1546-snapshot.md	
wechat-4f6014d262d7	vault:processed/微信知识库/奔向自由的果/01_报表模板与看板/2026-03-30 财务业财融合分析看板-多维度盈利拆解看板.md	财务业财融合分析看板-多维度盈利拆解看板		K4+K5+K7	locator-only	synthesis/2026-09-12-obsidian-scan/W4-wechat-1546-snapshot.md	
wechat-4f608d617e3b	vault:processed/微信知识库/宸帆海财会咨询服务/02_企业所得税/2025-04-11 揭秘！企业所得税关键要点全解析.md	揭秘！企业所得税关键要点全解析		K4+K6	locator-only	synthesis/2026-09-12-obsidian-scan/W4-wechat-1546-snapshot.md	
wechat-4ff63018d2a2	vault:processed/微信知识库/数据熊/02_财务管理/2025-05-31 应收账款管控模型：关键指标与核心思路.md	应收账款管控模型：关键指标与核心思路		K1+K3+K4+K5+K6+K7	locator-only	synthesis/2026-09-12-obsidian-scan/W4-wechat-1546-snapshot.md	
wechat-502d3bd70c43	vault:processed/微信知识库/木木自由/01_数据分析必备/2021-01-21 【数据说·第十八期】理解业务对数据分析重要性不言而喻.md	【数据说·第十八期】理解业务对数据分析重要性不言而喻		K4+K5+K6	locator-only	synthesis/2026-09-12-obsidian-scan/W4-wechat-1546-snapshot.md	
wechat-506031cfbf54	vault:processed/微信知识库/木木自由/01_数据分析必备/2021-11-28 做数据分析如何从囚徒困境到合作的进化.md	做数据分析如何从囚徒困境到合作的进化		K4+K6+K8	locator-only	synthesis/2026-09-12-obsidian-scan/W4-wechat-1546-snapshot.md	
wechat-50b7e125f2cf	vault:processed/微信知识库/宸帆海财会咨询服务/01_会计/2024-09-23 税务严查下，企业能避开这 11 种风险情形吗？.md	税务严查下，企业能避开这 11 种风险情形吗？		K3+K4+K6	locator-only	synthesis/2026-09-12-obsidian-scan/W4-wechat-1546-snapshot.md	
wechat-50cc2e95079a	vault:processed/微信知识库/数据熊/04_经营分析/2025-03-05 ROE背后的逻辑：详解杜邦分析.md	ROE背后的逻辑：详解杜邦分析		K2+K3+K4+K6	locator-only	synthesis/2026-09-12-obsidian-scan/W4-wechat-1546-snapshot.md	
wechat-50d2e68836fe	vault:processed/微信知识库/奔向自由的果/02_图解经营分析/【财务成本管控干货图解】财务岗必看！成本核算职工薪酬分配策略全解析.md	【财务成本管控干货图解】财务岗必看！成本核算职工薪酬分配策略全解析		K1+K4+K6	locator-only	synthesis/2026-09-12-obsidian-scan/W4-wechat-1546-snapshot.md	
wechat-50e372c3ffbb	vault:processed/微信知识库/数据熊/04_经营分析/2026-02-01 详解美的集团经营分析体系.md	详解美的集团经营分析体系		K2+K4+K6	locator-only	synthesis/2026-09-12-obsidian-scan/W4-wechat-1546-snapshot.md	
wechat-50f3179caf1d	vault:processed/微信知识库/木木自由/01_数据分析必备/2024-03-09 经营分析学习指南、Python 数据分析28讲、数据可视化15讲、数据监控体系指南、 餐饮行业分析体系搭建··· 本周精华.md	经营分析学习指南、Python 数据分析28讲、数据可视化15讲、数据监控体系指南、 餐饮行业分析体系搭建···| 本周精华		K4+K5+K6+K8	locator-only	synthesis/2026-09-12-obsidian-scan/W4-wechat-1546-snapshot.md	
wechat-51000b762039	vault:processed/微信知识库/宸帆海财会咨询服务/04_汇算清缴/2025-05-06 企业汇算清缴2025操作指南→风险自查清单.md	企业汇算清缴2025操作指南→风险自查清单		K1+K3+K4+K6	locator-only	synthesis/2026-09-12-obsidian-scan/W4-wechat-1546-snapshot.md	
wechat-512497959d65	vault:processed/微信知识库/宸帆海财会咨询服务/01_会计/2025-02-24 必学！成本核算的8种核心方法.md	必学！成本核算的8种核心方法		K4+K6	locator-only	synthesis/2026-09-12-obsidian-scan/W4-wechat-1546-snapshot.md	
wechat-513f91fbaa47	vault:processed/微信知识库/数据分析不是个事儿/01_数据分析/2025-03-10 AIGC赋能数据故事化：5分钟用DeepSeek+BI工具做动态分析报告.md	AIGC赋能数据故事化：5分钟用DeepSeek+BI工具做动态分析报告		K4+K5+K8	locator-only	synthesis/2026-09-12-obsidian-scan/W4-wechat-1546-snapshot.md	
wechat-5170f15baf81	vault:processed/微信知识库/木木自由/01_数据分析必备/2025-03-19 《0到1搭建会员运营体系指南》：会员运营管理监测指标、会员数据分析指南、会员分析模型···.md	《0到1搭建会员运营体系指南》：会员运营管理监测指标、会员数据分析指南、会员分析模型···		K4+K6	locator-only	synthesis/2026-09-12-obsidian-scan/W4-wechat-1546-snapshot.md	
wechat-51947b45cc75	vault:processed/微信知识库/宸帆海财会咨询服务/01_会计/2024-12-29 往来账款期末余额计算方法解析！！！.md	往来账款期末余额计算方法解析！！！		K1+K4+K6+K7	locator-only	synthesis/2026-09-12-obsidian-scan/W4-wechat-1546-snapshot.md	
wechat-51ca2f4d26c1	vault:processed/微信知识库/数据分析不是个事儿/01_数据分析/2024-12-12 财务BP是干什么的，看完这篇数据分析报告就清楚了！.md	财务BP是干什么的，看完这篇数据分析报告就清楚了！		K1+K3+K4+K6+K7	locator-only	synthesis/2026-09-12-obsidian-scan/W4-wechat-1546-snapshot.md	
wechat-52298ef7b3f3	vault:processed/微信知识库/宸帆海财会咨询服务/01_会计/2025-03-14 财务人必备！增值税专用发票抵扣指南.md	财务人必备！增值税专用发票抵扣指南		K4+K6+K7	locator-only	synthesis/2026-09-12-obsidian-scan/W4-wechat-1546-snapshot.md	
wechat-5243bc558ae9	vault:processed/微信知识库/宸帆海财会咨询服务/02_企业所得税/2025-04-03 全网首发！新《公司法》下股权转让超全解析.md	全网首发！新《公司法》下股权转让超全解析		K4+K6	locator-only	synthesis/2026-09-12-obsidian-scan/W4-wechat-1546-snapshot.md	
wechat-526d6b598cb3	vault:processed/微信知识库/解决方案研究所/2026-08-12 麦肯锡“一报一会”：经营分析不能只剩下汇报.md	麦肯锡“一报一会”：经营分析不能只剩下汇报		K4+K6	locator-only	synthesis/2026-09-12-obsidian-scan/W4-wechat-1546-snapshot.md	
wechat-5274c901e1f3	vault:processed/微信知识库/数据分析不是个事儿/01_数据分析/2025-07-03 互联网数据分析怎么做？掌握最常见的20个关键指标就够了.md	互联网数据分析怎么做？掌握最常见的20个关键指标就够了		K4+K6	locator-only	synthesis/2026-09-12-obsidian-scan/W4-wechat-1546-snapshot.md	
wechat-528ad17b5c6c	vault:processed/微信知识库/木木自由/01_数据分析必备/2024-07-13 OEE数字化、方差分析、边际思维、商业分析 用户分析 经营分析指南、企业指标设计、数据中台应用场景、数据分类分级、策划 本周精华.md	OEE数字化、方差分析、边际思维、商业分析/用户分析/经营分析指南、企业指标设计、数据中台应用场景、数据分类分级、策划|本周精华		K4+K6+K7+K8	locator-only	synthesis/2026-09-12-obsidian-scan/W4-wechat-1546-snapshot.md	
wechat-5294ff313682	vault:processed/微信知识库/数据熊/01_财务分析/2025-07-12 财务各岗位如何做好年中复盘.md	财务各岗位如何做好年中复盘		K1+K4+K6	locator-only	synthesis/2026-09-12-obsidian-scan/W4-wechat-1546-snapshot.md	
wechat-52a3bd742a2a	vault:processed/微信知识库/木木自由/01_数据分析必备/2024-10-21 数据资产目录构建方法与应用（附相关材料下载）.md	数据资产目录构建方法与应用（附相关材料下载）		K4+K5+K6+K8	locator-only	synthesis/2026-09-12-obsidian-scan/W4-wechat-1546-snapshot.md	
wechat-52a8f27d849d	vault:processed/微信知识库/数据熊/04_经营分析/2025-11-29 经营分析：要有系统性思维.md	经营分析：要有系统性思维		K4+K6	locator-only	synthesis/2026-09-12-obsidian-scan/W4-wechat-1546-snapshot.md	
wechat-52b1b9b00700	vault:processed/微信知识库/数据熊/04_经营分析/2026-04-23 2026年1季度竞品分析报告.md	2026年1季度竞品分析报告		K4+K6	locator-only	synthesis/2026-09-12-obsidian-scan/W4-wechat-1546-snapshot.md	
wechat-52bd9c4c78a9	vault:processed/微信知识库/宸帆海财会咨询服务/09_税务/2026-07-01 注销新规：公司注销前必须清理的14个会计科目.md	注销新规：公司注销前必须清理的14个会计科目		K1+K4+K6	locator-only	synthesis/2026-09-12-obsidian-scan/W4-wechat-1546-snapshot.md	
wechat-52fcadb75ad2	vault:processed/微信知识库/数据熊/04_经营分析/2026-01-11 美的集团经营指标体系（附excel）.md	美的集团经营指标体系（附excel）		K2+K4+K6	locator-only	synthesis/2026-09-12-obsidian-scan/W4-wechat-1546-snapshot.md	
wechat-5320d78e101e	vault:processed/微信知识库/数据分析不是个事儿/01_数据分析/2024-10-21 这份数据分析规范，写得很好！.md	这份数据分析规范，写得很好！		K4+K6	locator-only	synthesis/2026-09-12-obsidian-scan/W4-wechat-1546-snapshot.md	
wechat-533bebd3e8bb	vault:processed/微信知识库/宸帆海财会咨询服务/01_会计/2024-10-11 实收资本，资本公积，盈余公积，未分配利润的区别和关系？.md	实收资本，资本公积，盈余公积，未分配利润的区别和关系？		K4+K6+K7	locator-only	synthesis/2026-09-12-obsidian-scan/W4-wechat-1546-snapshot.md	
wechat-5352dbb22ef4	vault:processed/微信知识库/木木自由/01_数据分析必备/2025-03-27 《工业行业数据治理指南》：促进数据资产价值化、数据治理运营实施方案、华为数据治理方法论···.md	《工业行业数据治理指南》：促进数据资产价值化、数据治理运营实施方案、华为数据治理方法论···		K4+K6+K8	locator-only	synthesis/2026-09-12-obsidian-scan/W4-wechat-1546-snapshot.md	
wechat-53534ccc191b	vault:processed/微信知识库/宸帆海财会咨询服务/02_企业所得税/2024-08-12 哪些固定资产不得计算折旧扣除？.md	哪些固定资产不得计算折旧扣除？		K4+K6	locator-only	synthesis/2026-09-12-obsidian-scan/W4-wechat-1546-snapshot.md	
wechat-535e1e7d2a92	vault:processed/微信知识库/木木自由/01_数据分析必备/2023-04-28 竞品分析、精益数字化分享、ChatGPT相关报告、经营分析手册、MySQL经典50题、数据指标拆解和精细化分析… 本周精华.md	竞品分析、精益数字化分享、ChatGPT相关报告、经营分析手册、MySQL经典50题、数据指标拆解和精细化分析…| 本周精华		K4+K5+K6+K8	locator-only	synthesis/2026-09-12-obsidian-scan/W4-wechat-1546-snapshot.md	
wechat-537f0f4a4fd8	vault:processed/微信知识库/奔向自由的果/01_报表模板与看板/2026-09-11 月度三大报表合并 及 核心财务指标快报看板.md	月度三大报表合并 及 核心财务指标快报看板		K1+K4+K5+K6	locator-only	synthesis/2026-09-12-obsidian-scan/W4-wechat-1546-snapshot.md	
wechat-53d1e1b59af5	vault:processed/微信知识库/宸帆海财会咨询服务/01_会计/2025-02-27 一文读懂！会计最易混淆的10个财务要点.md	一文读懂！会计最易混淆的10个财务要点		K2+K4+K6	locator-only	synthesis/2026-09-12-obsidian-scan/W4-wechat-1546-snapshot.md	
wechat-540b19d80f46	vault:processed/微信知识库/数据分析不是个事儿/01_数据分析/2025-07-07 数据分析都要会BI？No！不是所有企业都应该上BI.md	数据分析都要会BI？No！不是所有企业都应该上BI		K4+K5+K6	locator-only	synthesis/2026-09-12-obsidian-scan/W4-wechat-1546-snapshot.md	
wechat-544a80b81b08	vault:processed/微信知识库/木木自由/01_数据分析必备/2025-03-04 PowerBI数据分析与可视化-数据分析可视化(112页 PPT).md	PowerBI数据分析与可视化-数据分析可视化(112页 PPT)		K4+K5+K8	locator-only	synthesis/2026-09-12-obsidian-scan/W4-wechat-1546-snapshot.md	
wechat-548686a00090	vault:processed/微信知识库/数据熊/02_财务管理/2025-04-06 高效工作汇报的黄金法则（附预算汇报PPT模板）.md	高效工作汇报的黄金法则（附预算汇报PPT模板）		K4+K5+K6	locator-only	synthesis/2026-09-12-obsidian-scan/W4-wechat-1546-snapshot.md	
wechat-548c61029bc1	vault:processed/微信知识库/木木自由/02_数据说/2022-03-06 《用户画像》：方法论与工程化解决方案.md	《用户画像》：方法论与工程化解决方案		K4+K6+K8	locator-only	synthesis/2026-09-12-obsidian-scan/W4-wechat-1546-snapshot.md	
wechat-548f6a24df95	vault:processed/微信知识库/宸帆海财会咨询服务/01_会计/2024-09-04 新电子税务局印花税如何申报？.md	新电子税务局印花税如何申报？			locator-only	synthesis/2026-09-12-obsidian-scan/W4-wechat-1546-snapshot.md	
wechat-549829aded23	vault:processed/微信知识库/数据熊/04_经营分析/2026-02-21 2026年1月产品分析报告.md	2026年1月产品分析报告		K4+K6	locator-only	synthesis/2026-09-12-obsidian-scan/W4-wechat-1546-snapshot.md	
wechat-54a458dd60b3	vault:processed/微信知识库/数据熊/04_经营分析/2025-10-02 2025年三季度经营分析模板（word版）.md	2025年三季度经营分析模板（word版）		K1+K3+K4+K6	locator-only	synthesis/2026-09-12-obsidian-scan/W4-wechat-1546-snapshot.md	
wechat-54cdb826841b	vault:processed/微信知识库/奔向自由的果/01_报表模板与看板/2026-07-13 财务经营分析—年度经营目标达成分析看板报表（PPT+EXCEL）.md	财务经营分析—年度经营目标达成分析看板报表（PPT+EXCEL）		K4+K5+K6	locator-only	synthesis/2026-09-12-obsidian-scan/W4-wechat-1546-snapshot.md	
wechat-54e89fcbb59d	vault:processed/微信知识库/数据熊/02_财务管理/2025-05-04 八项规定下，财务制度建设指南（附模板）.md	八项规定下，财务制度建设指南（附模板）		K4+K6	locator-only	synthesis/2026-09-12-obsidian-scan/W4-wechat-1546-snapshot.md	
wechat-54eb2a136a41	vault:processed/微信知识库/数据分析不是个事儿/01_数据分析/2025-03-14 电商销售分析不会做？掌握这四大步骤就够了！.md	电商销售分析不会做？掌握这四大步骤就够了！		K2+K4+K6	locator-only	synthesis/2026-09-12-obsidian-scan/W4-wechat-1546-snapshot.md	
wechat-55011bf288bd	vault:processed/微信知识库/数据熊/05_货币资金/2025-10-17 为什么现金流比净利润更重要？.md	为什么现金流比净利润更重要？		K1+K4+K5+K6	locator-only	synthesis/2026-09-12-obsidian-scan/W4-wechat-1546-snapshot.md	
wechat-550c32716c86	vault:processed/微信知识库/宸帆海财会咨询服务/01_会计/2025-04-01 会计职场“内卷”严重，“三坚三守”如何破局？.md	会计职场“内卷”严重，“三坚三守”如何破局？		K4+K6+K7+K8	locator-only	synthesis/2026-09-12-obsidian-scan/W4-wechat-1546-snapshot.md	
wechat-5523bdd61863	vault:processed/微信知识库/宸帆海财会咨询服务/06_国际贸易/2025-02-04 财务人必备实用网站全解析！.md	财务人必备实用网站全解析！		K4+K7+K8	locator-only	synthesis/2026-09-12-obsidian-scan/W4-wechat-1546-snapshot.md	
wechat-553673bf8667	vault:processed/微信知识库/木木自由/01_数据分析必备/2024-10-17 用户分层：基本概念、如何构建分层体系、常见分层方法以及思路···（附相关材料下载）.md	用户分层：基本概念、如何构建分层体系、常见分层方法以及思路···（附相关材料下载）		K4+K6+K8	locator-only	synthesis/2026-09-12-obsidian-scan/W4-wechat-1546-snapshot.md	
wechat-555729eb0782	vault:processed/微信知识库/木木自由/01_数据分析必备/2024-09-05 如何进行商品数据分析？具体分析指标、思路、分析方法、案例···（附相关材料下载）.md	如何进行商品数据分析？具体分析指标、思路、分析方法、案例···（附相关材料下载）		K2+K4+K6+K7+K8	locator-only	synthesis/2026-09-12-obsidian-scan/W4-wechat-1546-snapshot.md	
wechat-556e3fa3c3b9	vault:processed/微信知识库/数据熊/04_经营分析/2025-05-05 经营分析：如何做到“快、准、狠”（附PPT模板）.md	经营分析：如何做到“快、准、狠”（附PPT模板）		K2+K3+K4+K5+K6	locator-only	synthesis/2026-09-12-obsidian-scan/W4-wechat-1546-snapshot.md	
wechat-55843f63f668	vault:processed/微信知识库/木木自由/05_小飞象读书会/2023-03-19 《数据分析原理》：6步解决业务分析难题.md	《数据分析原理》：6步解决业务分析难题		K4	locator-only	synthesis/2026-09-12-obsidian-scan/W4-wechat-1546-snapshot.md	
wechat-5584ba2deafb	vault:processed/微信知识库/宸帆海财会咨询服务/02_企业所得税/2024-08-24 高新技术企业的税收优惠政策有哪些？.md	高新技术企业的税收优惠政策有哪些？		K4+K6	locator-only	synthesis/2026-09-12-obsidian-scan/W4-wechat-1546-snapshot.md	
wechat-55b03610a86a	vault:processed/微信知识库/数据熊/01_财务分析/2025-06-20 财务分析的五个基本原则.md	财务分析的五个基本原则		K2+K4	locator-only	synthesis/2026-09-12-obsidian-scan/W4-wechat-1546-snapshot.md	
wechat-55c5d3994230	vault:processed/微信知识库/木木自由/01_数据分析必备/2024-08-30 数据治理的6个纬度、10大原则（附华为数据治理方法论及最佳实践相关材料下载）.md	数据治理的6个纬度、10大原则（附华为数据治理方法论及最佳实践相关材料下载）		K4+K6+K8	locator-only	synthesis/2026-09-12-obsidian-scan/W4-wechat-1546-snapshot.md	
wechat-55ed149cba19	vault:processed/微信知识库/木木自由/01_数据分析必备/2024-11-06 非结构化数据治理解决方案···（附相关资料下载）.md	非结构化数据治理解决方案···（附相关资料下载）		K2+K4+K8	locator-only	synthesis/2026-09-12-obsidian-scan/W4-wechat-1546-snapshot.md	
wechat-560935e3a82f	vault:processed/微信知识库/数据熊/04_经营分析/2025-11-06 经营分析和财务分析的区别.md	经营分析和财务分析的区别		K4	locator-only	synthesis/2026-09-12-obsidian-scan/W4-wechat-1546-snapshot.md	
wechat-561a64f5d482	vault:processed/微信知识库/数据分析不是个事儿/01_数据分析/2024-12-01 数据分析和你数据分析专业能力并无半毛钱关系.md	数据分析和你数据分析专业能力并无半毛钱关系		K4+K6	locator-only	synthesis/2026-09-12-obsidian-scan/W4-wechat-1546-snapshot.md	
wechat-56666abad44a	vault:processed/微信知识库/数据熊/02_财务管理/2026-02-06 财务总监2025年工作总结及2026年工作计划.md	财务总监2025年工作总结及2026年工作计划		K6	locator-only	synthesis/2026-09-12-obsidian-scan/W4-wechat-1546-snapshot.md	
wechat-566d3969bd44	vault:processed/微信知识库/宸帆海财会咨询服务/01_会计/2025-03-16 学会这20个技巧，秒变DeepSeek提问高手！.md	学会这20个技巧，秒变DeepSeek提问高手！		K3+K5+K6+K8	locator-only	synthesis/2026-09-12-obsidian-scan/W4-wechat-1546-snapshot.md	
wechat-56a2420c0dfd	vault:processed/微信知识库/木木自由/01_数据分析必备/2025-04-01 《财务报表分析指南》企业财务透视必备：解读财务报表、深度解析财务报表分析方法、财务指标体系指南···.md	《财务报表分析指南》企业财务透视必备：解读财务报表、深度解析财务报表分析方法、财务指标体系指南···		K1+K2+K3+K4+K6+K7+K8	locator-only	synthesis/2026-09-12-obsidian-scan/W4-wechat-1546-snapshot.md	
wechat-56a3314b8549	vault:processed/微信知识库/数据熊/04_经营分析/2026-06-16 经营分析，建好业务管理报表是基础（附Excel模板）.md	经营分析，建好业务管理报表是基础（附Excel模板）		K4+K6	locator-only	synthesis/2026-09-12-obsidian-scan/W4-wechat-1546-snapshot.md	
wechat-56aa323c0d27	vault:processed/微信知识库/宸帆海财会咨询服务/01_会计/2025-03-31 财务人必知！会计信息质量要求全解析.md	财务人必知！会计信息质量要求全解析		K2+K3+K4+K6+K7	locator-only	synthesis/2026-09-12-obsidian-scan/W4-wechat-1546-snapshot.md	
wechat-56b4e8b9b512	vault:processed/微信知识库/数据熊/02_财务管理/2025-06-23 如何通俗的看懂财务三大报表？.md	如何通俗的看懂财务三大报表？		K1+K4+K6	locator-only	synthesis/2026-09-12-obsidian-scan/W4-wechat-1546-snapshot.md	
wechat-57083e368118	vault:processed/微信知识库/宸帆海财会咨询服务/01_会计/2024-09-22 股权转让时，未分配利润过大如何处理？.md	股权转让时，未分配利润过大如何处理？		K2+K6	locator-only	synthesis/2026-09-12-obsidian-scan/W4-wechat-1546-snapshot.md	
wechat-5714996be1c6	vault:processed/微信知识库/数据分析不是个事儿/01_数据分析/2025-02-14 如何撰写电商销售分析报告？一文讲清从数据准备到可视化全流程.md	如何撰写电商销售分析报告？一文讲清从数据准备到可视化全流程		K3+K4+K5+K6	locator-only	synthesis/2026-09-12-obsidian-scan/W4-wechat-1546-snapshot.md	
wechat-578693e3f6b8	vault:processed/微信知识库/宸帆海财会咨询服务/09_税务/2025-09-03 税务筹划6大方法.md	税务筹划6大方法		K4+K6	locator-only	synthesis/2026-09-12-obsidian-scan/W4-wechat-1546-snapshot.md	
wechat-58070ca0b8c7	vault:processed/微信知识库/数据熊/01_财务分析/2025-04-30 应收账款周转率：拆细了才能管得住.md	应收账款周转率：拆细了才能管得住		K1+K3+K4+K5+K6+K7	locator-only	synthesis/2026-09-12-obsidian-scan/W4-wechat-1546-snapshot.md	
wechat-58073c818b89	vault:processed/微信知识库/数据熊/01_财务分析/2025-03-30 小米集团2024年财报深度解析：业务全面高歌猛进.md	小米集团2024年财报深度解析：业务全面高歌猛进		K2+K3+K4	locator-only	synthesis/2026-09-12-obsidian-scan/W4-wechat-1546-snapshot.md	
wechat-58251d565686	vault:processed/微信知识库/宸帆海财会咨询服务/01_会计/2024-11-14 抽逃资金有哪些常见的表现形式？.md	抽逃资金有哪些常见的表现形式？		K1+K4+K6	locator-only	synthesis/2026-09-12-obsidian-scan/W4-wechat-1546-snapshot.md	
wechat-583e97133d88	vault:processed/微信知识库/数据熊/02_财务管理/2025-03-23 降本增效，你缺的不是方法，而是科学的成本管控体系.md	降本增效，你缺的不是方法，而是科学的成本管控体系		K1+K2+K3+K4+K5+K6	locator-only	synthesis/2026-09-12-obsidian-scan/W4-wechat-1546-snapshot.md	
wechat-5854c80bf915	vault:processed/微信知识库/宸帆海财会咨询服务/01_会计/2025-09-20 使用权资产会计处理.md	使用权资产会计处理		K4+K6	locator-only	synthesis/2026-09-12-obsidian-scan/W4-wechat-1546-snapshot.md	
wechat-5878010c54fc	vault:processed/微信知识库/木木自由/01_数据分析必备/2023-02-19 思维经验 ​如何刻意练习提升用户思维？.md	思维经验 | ​如何刻意练习提升用户思维？		K4+K6	locator-only	synthesis/2026-09-12-obsidian-scan/W4-wechat-1546-snapshot.md	
wechat-587f3d1f826e	vault:processed/微信知识库/数据熊/02_财务管理/2025-06-15 国有企业如何做好“十五五”规划（附1.6万字模板）.md	国有企业如何做好“十五五”规划（附1.6万字模板）		K1+K4+K5+K6+K8	locator-only	synthesis/2026-09-12-obsidian-scan/W4-wechat-1546-snapshot.md	
wechat-58bcbe5fc92e	vault:processed/微信知识库/数据熊/04_经营分析/2025-10-18 公司衰败的开始：向财务要利润.md	公司衰败的开始：向财务要利润		K3+K4+K6	locator-only	synthesis/2026-09-12-obsidian-scan/W4-wechat-1546-snapshot.md	
wechat-58e7fc2ab948	vault:processed/微信知识库/宸帆海财会咨询服务/07_财务报表/2025-02-11 《企业财务健康自测表》.md	《企业财务健康自测表》		K4+K7	locator-only	synthesis/2026-09-12-obsidian-scan/W4-wechat-1546-snapshot.md	
wechat-58ed19096fe3	vault:processed/微信知识库/数据熊/04_经营分析/2025-09-03 经营分析PPT模板：别只提问题，要配动作.md	经营分析PPT模板：别只提问题，要配动作		K3+K4+K5+K6	locator-only	synthesis/2026-09-12-obsidian-scan/W4-wechat-1546-snapshot.md	
wechat-592314c9bcb0	vault:processed/微信知识库/数据熊/04_经营分析/2026-04-13 2026年1季度经营分析报告.pptx.md	2026年1季度经营分析报告.pptx		K4	locator-only	synthesis/2026-09-12-obsidian-scan/W4-wechat-1546-snapshot.md	
wechat-596c40f74457	vault:processed/微信知识库/宸帆海财会咨询服务/03_出口退税/2025-04-18 一文吃透！生产企业出口退税全流程.md	一文吃透！生产企业出口退税全流程		K4+K6+K8	locator-only	synthesis/2026-09-12-obsidian-scan/W4-wechat-1546-snapshot.md	
wechat-59902cec39e3	vault:processed/微信知识库/奔向自由的果/01_报表模板与看板/2026-06-25 财务经营分析—现金流月度滚动监控报表.md	财务经营分析—现金流月度滚动监控报表		K4+K5	locator-only	synthesis/2026-09-12-obsidian-scan/W4-wechat-1546-snapshot.md	
wechat-59c4a6962ac7	vault:processed/微信知识库/宸帆海财会咨询服务/09_税务/2025-04-21 一文了解：什么是离境退税“即买即退”？.md	一文了解：什么是离境退税“即买即退”？		K6	locator-only	synthesis/2026-09-12-obsidian-scan/W4-wechat-1546-snapshot.md	
wechat-59d165ebc8ae	vault:processed/微信知识库/奔向自由的果/01_报表模板与看板/2026-06-15 《预算授权与审批权限分级管理制度》.md	《预算授权与审批权限分级管理制度》		K5+K6	locator-only	synthesis/2026-09-12-obsidian-scan/W4-wechat-1546-snapshot.md	
wechat-59f11e45f4be	vault:processed/微信知识库/木木自由/01_数据分析必备/2025-03-05 「经营分析之经营指标」：10大行业经营分析指标、财务分析指标、企业关键经营指标诊断表、经营指标体系案例、经营管理指标···.md	「经营分析之经营指标」：10大行业经营分析指标、财务分析指标、企业关键经营指标诊断表、经营指标体系案例、经营管理指标···		K1+K2+K3+K4+K6+K8	locator-only	synthesis/2026-09-12-obsidian-scan/W4-wechat-1546-snapshot.md	
wechat-5a3b601b9c10	vault:processed/微信知识库/木木自由/01_数据分析必备/2020-11-26 从数据视角看——蛋壳的骗局，为何会风生水起.md	从数据视角看——蛋壳的骗局，为何会风生水起		K4+K6	locator-only	synthesis/2026-09-12-obsidian-scan/W4-wechat-1546-snapshot.md	
wechat-5a44d95be3c1	vault:processed/微信知识库/奔向自由的果/02_图解经营分析/【财务经营分析干货图解】财务视角下供应商管理：为什么“贪便宜”会让公司越赚越少？.md	【财务经营分析干货图解】财务视角下供应商管理：为什么“贪便宜”会让公司越赚越少？		K4+K6	locator-only	synthesis/2026-09-12-obsidian-scan/W4-wechat-1546-snapshot.md	
wechat-5a54ef25c5fb	vault:processed/微信知识库/数据熊/02_财务管理/2026-06-25 2026年上半年应收账款分析报告.md	2026年上半年应收账款分析报告		K6	locator-only	synthesis/2026-09-12-obsidian-scan/W4-wechat-1546-snapshot.md	
wechat-5a5aab44fa3e	vault:processed/微信知识库/数据熊/02_财务管理/2026-05-16 2026年4月应付账款分析报告.md	2026年4月应付账款分析报告		K4+K6	locator-only	synthesis/2026-09-12-obsidian-scan/W4-wechat-1546-snapshot.md	
wechat-5a800ea5b67a	vault:processed/微信知识库/数据熊/02_财务管理/2026-05-08 2026年4月财务分析报告.pptx.md	2026年4月财务分析报告.pptx			locator-only	synthesis/2026-09-12-obsidian-scan/W4-wechat-1546-snapshot.md	
wechat-5a8b9649d533	vault:processed/微信知识库/奔向自由的果/01_报表模板与看板/2026-08-11 财务绩效管理总则（纲领性文件，明确财务绩效定位与目标）.md	财务绩效管理总则（纲领性文件，明确财务绩效定位与目标）		K5	locator-only	synthesis/2026-09-12-obsidian-scan/W4-wechat-1546-snapshot.md	
wechat-5a8ccba39597	vault:processed/微信知识库/宸帆海财会咨询服务/02_企业所得税/2024-12-30 填写企业所得税预缴纳税申报表时，常见的错误有哪些？.md	填写企业所得税预缴纳税申报表时，常见的错误有哪些？		K3+K4+K6	locator-only	synthesis/2026-09-12-obsidian-scan/W4-wechat-1546-snapshot.md	
wechat-5abfe63517bd	vault:processed/微信知识库/数据分析不是个事儿/01_数据分析/2024-08-08 大数据如何赋能零售业发展？一文讲清如何用数据分析提升【经营效率】.md	大数据如何赋能零售业发展？一文讲清如何用数据分析提升【经营效率】		K2+K4+K6	locator-only	synthesis/2026-09-12-obsidian-scan/W4-wechat-1546-snapshot.md	
wechat-5ac429401ecf	vault:processed/微信知识库/木木自由/01_数据分析必备/2025-03-20 战略管理方法论：咨询公司战略分析、战略设计、战略实施及战略控制核心方案（260页 PPT）.md	战略管理方法论：咨询公司战略分析、战略设计、战略实施及战略控制核心方案（260页 PPT）		K4+K8	locator-only	synthesis/2026-09-12-obsidian-scan/W4-wechat-1546-snapshot.md	
wechat-5ae022f4b1aa	vault:processed/微信知识库/宸帆海财会咨询服务/10_财务/2026-01-04 增值税法15大核心变化.md	增值税法15大核心变化		K4+K6	locator-only	synthesis/2026-09-12-obsidian-scan/W4-wechat-1546-snapshot.md	
wechat-5b1f8f8002f4	vault:processed/微信知识库/数据熊/04_经营分析/2025-12-23 2025年经营分析报告.pptx.md	2025年经营分析报告.pptx		K4+K6	locator-only	synthesis/2026-09-12-obsidian-scan/W4-wechat-1546-snapshot.md	
wechat-5b3871abf769	vault:processed/微信知识库/宸帆海财会咨询服务/03_出口退税/2025-03-08 收藏！出口退税实操全攻略，解决90%企业难题.md	收藏！出口退税实操全攻略，解决90%企业难题		K6	locator-only	synthesis/2026-09-12-obsidian-scan/W4-wechat-1546-snapshot.md	
wechat-5b4a9fe1aff4	vault:processed/微信知识库/木木自由/02_数据说/2020-05-17 【数据说第八期】怎么才算真正的理解“数据”呢？.md	【数据说第八期】怎么才算真正的理解“数据”呢？		K2+K4+K5+K6+K8	locator-only	synthesis/2026-09-12-obsidian-scan/W4-wechat-1546-snapshot.md	
wechat-5b5f876efd94	vault:processed/微信知识库/花叔/2026-09-06 正式开源huashu-mac-use，让任何agent获得接近GPT-6的Computer use能力！.md	正式开源huashu-mac-use，让任何agent获得接近GPT-6的Computer use能力！		K4+K8	locator-only	synthesis/2026-09-12-obsidian-scan/W4-wechat-1546-snapshot.md	
wechat-5b82cb053e51	vault:processed/微信知识库/木木自由/01_数据分析必备/2025-04-14 《跨境电商数据分析指南》及《跨境电商数据数据可视化指南》《跨境电商选品指南》.md	《跨境电商数据分析指南》及《跨境电商数据数据可视化指南》《跨境电商选品指南》		K4+K5+K8	locator-only	synthesis/2026-09-12-obsidian-scan/W4-wechat-1546-snapshot.md	
wechat-5b86bd2dcd6d	vault:processed/微信知识库/宸帆海财会咨询服务/01_会计/2025-10-31 全盘账会计6大核心工作内容.md	全盘账会计6大核心工作内容		K1+K6	locator-only	synthesis/2026-09-12-obsidian-scan/W4-wechat-1546-snapshot.md	
wechat-5ba99c24d3af	vault:processed/微信知识库/宸帆海财会咨询服务/01_会计/2025-03-05 还在被乱账折磨？财务人必看25个自查小妙招.md	还在被乱账折磨？财务人必看25个自查小妙招		K1+K4+K6+K7	locator-only	synthesis/2026-09-12-obsidian-scan/W4-wechat-1546-snapshot.md	
wechat-5bbdd83f3913	vault:processed/微信知识库/木木自由/01_数据分析必备/2021-05-08 社群简介丨数据之路，与你同行2.0.md	社群简介丨数据之路，与你同行2.0		K4+K5+K6+K8	locator-only	synthesis/2026-09-12-obsidian-scan/W4-wechat-1546-snapshot.md	
wechat-5bfd1c2e489e	vault:processed/微信知识库/木木自由/01_数据分析必备/2022-03-20 数据分析整体框架之落地全流程讲解.md	数据分析整体框架之落地全流程讲解		K4+K5+K6+K8	locator-only	synthesis/2026-09-12-obsidian-scan/W4-wechat-1546-snapshot.md	
wechat-5c20627096ec	vault:processed/微信知识库/宸帆海财会咨询服务/10_财务/2025-10-22 巡察指出的20条财务普遍问题.md	巡察指出的20条财务普遍问题		K1+K6+K7	locator-only	synthesis/2026-09-12-obsidian-scan/W4-wechat-1546-snapshot.md	
wechat-5ccad347b087	vault:processed/微信知识库/奔向自由的果/03_财务职场进阶/2026-05-24 一文彻底讲透财务汇报（附 3 个万能模板 + 4 句黄金话术 + 避坑指南）.md	一文彻底讲透财务汇报（附 3 个万能模板 + 4 句黄金话术 + 避坑指南）		K2+K3+K4+K6	locator-only	synthesis/2026-09-12-obsidian-scan/W4-wechat-1546-snapshot.md	
wechat-5ce6cd61ca5d	vault:processed/微信知识库/宸帆海财会咨询服务/02_企业所得税/2025-03-24 一文看懂！2025年高新技术企业的15大政策红利.md	一文看懂！2025年高新技术企业的15大政策红利		K6	locator-only	synthesis/2026-09-12-obsidian-scan/W4-wechat-1546-snapshot.md	
wechat-5cfc4e48a766	vault:processed/微信知识库/木木自由/03_小飞象交流会/2022-04-23 如何成为优秀的数据人经验分享.md	如何成为优秀的数据人经验分享		K4+K5+K8	locator-only	synthesis/2026-09-12-obsidian-scan/W4-wechat-1546-snapshot.md	
wechat-5d0b25dafa0f	vault:processed/微信知识库/宸帆海财会咨询服务/05_进出口/2025-06-02 必看！FOB全流程操作避坑指南.md	必看！FOB全流程操作避坑指南		K6+K7	locator-only	synthesis/2026-09-12-obsidian-scan/W4-wechat-1546-snapshot.md	
wechat-5d238d353fee	vault:processed/微信知识库/数据熊/04_经营分析/2026-03-18 2026年经营计划模板.md	2026年经营计划模板		K4+K5	locator-only	synthesis/2026-09-12-obsidian-scan/W4-wechat-1546-snapshot.md	
wechat-5d2fb7912f64	vault:processed/微信知识库/数据熊/01_财务分析/2025-03-29 美的集团2024年财报深度分析.md	美的集团2024年财报深度分析		K2+K3+K4+K6+K7	locator-only	synthesis/2026-09-12-obsidian-scan/W4-wechat-1546-snapshot.md	
wechat-5d7850d928b6	vault:processed/微信知识库/数据熊/02_财务管理/2026-08-01 2026年7月财务分析报告.pptx.md	2026年7月财务分析报告.pptx			locator-only	synthesis/2026-09-12-obsidian-scan/W4-wechat-1546-snapshot.md	
wechat-5db40bd1a56c	vault:processed/微信知识库/木木自由/01_数据分析必备/2020-12-10 分析小白也能轻松学会的3种数据分析思维框架.md	分析小白也能轻松学会的3种数据分析思维框架		K4+K5+K6	locator-only	synthesis/2026-09-12-obsidian-scan/W4-wechat-1546-snapshot.md	
wechat-5debb77b8cdf	vault:processed/微信知识库/宸帆海财会咨询服务/03_出口退税/2026-03-12 2026年出口退税新规.md	2026年出口退税新规			locator-only	synthesis/2026-09-12-obsidian-scan/W4-wechat-1546-snapshot.md	
wechat-5dffd54a1736	vault:processed/微信知识库/数据熊/01_财务分析/2025-05-28 盈亏平衡分析：案例与excel模板.md	盈亏平衡分析：案例与excel模板		K4+K5+K6	locator-only	synthesis/2026-09-12-obsidian-scan/W4-wechat-1546-snapshot.md	
wechat-5e45053c423a	vault:processed/微信知识库/宸帆海财会咨询服务/10_财务/2024-12-10 注意！印花税的四个常见误区.md	注意！印花税的四个常见误区		K1+K4+K6	locator-only	synthesis/2026-09-12-obsidian-scan/W4-wechat-1546-snapshot.md	
wechat-5e4feb47a892	vault:processed/微信知识库/木木自由/01_数据分析必备/2023-04-07 AARRR模型、微软GPT研究报告154页、SWOT分析、行业分析、增长实战手记185页、数据治理解决方案68页… 本周精华.md	AARRR模型、微软GPT研究报告154页、SWOT分析、行业分析、增长实战手记185页、数据治理解决方案68页…| 本周精华		K4+K8	locator-only	synthesis/2026-09-12-obsidian-scan/W4-wechat-1546-snapshot.md	
wechat-5e6652637f22	vault:processed/微信知识库/宸帆海财会咨询服务/06_国际贸易/2025-03-19 一文看懂！出口企业常用的10大付款方式.md	一文看懂！出口企业常用的10大付款方式		K4+K6+K8	locator-only	synthesis/2026-09-12-obsidian-scan/W4-wechat-1546-snapshot.md	
wechat-5ef05e6c9eed	vault:processed/微信知识库/数据熊/01_财务分析/2025-07-22 第一性原理在财务管理中的五个应用场景.md	第一性原理在财务管理中的五个应用场景		K3+K4+K6	locator-only	synthesis/2026-09-12-obsidian-scan/W4-wechat-1546-snapshot.md	
wechat-5f5b20d51fcd	vault:processed/微信知识库/宸帆海财会咨询服务/03_出口退税/2025-06-05 出口业务全流程操作指南（2025实操版）.md	出口业务全流程操作指南（2025实操版）		K4+K6+K7+K8	locator-only	synthesis/2026-09-12-obsidian-scan/W4-wechat-1546-snapshot.md	
wechat-5f632a04d93f	vault:processed/微信知识库/木木自由/07_数据分析/2025-11-24 经营分析指标解析：10大行业经营分析指标、小米 美团经营指标体系案例、财务分析指标、企业关键经营指标诊断表、经营管理指标···.md	经营分析指标解析：10大行业经营分析指标、小米/美团经营指标体系案例、财务分析指标、企业关键经营指标诊断表、经营管理指标···		K1+K2+K3+K4+K6+K8	locator-only	synthesis/2026-09-12-obsidian-scan/W4-wechat-1546-snapshot.md	
wechat-5f8b6e629c25	vault:processed/微信知识库/数据熊/02_财务管理/2024-11-06 经营指标体系的搭建技巧：让企业健康状况一目了然.md	经营指标体系的搭建技巧：让企业健康状况一目了然		K1+K4+K5+K6	locator-only	synthesis/2026-09-12-obsidian-scan/W4-wechat-1546-snapshot.md	
wechat-5fa134af4e86	vault:processed/微信知识库/木木自由/07_数据分析/2025-12-03 【产品运营必备】SQL数据分析实战：从基础到进阶的能力清单、10个高频SQL统计模板····（附相关材料下载）.md	【产品运营必备】SQL数据分析实战：从基础到进阶的能力清单、10个高频SQL统计模板····（附相关材料下载）		K4+K6+K8	locator-only	synthesis/2026-09-12-obsidian-scan/W4-wechat-1546-snapshot.md	
wechat-5fea52c11d0f	vault:processed/微信知识库/数据分析不是个事儿/01_数据分析/2024-12-21 金融行业数据分析怎么做？完整指标体系和典型分析模板打包送给你！.md	金融行业数据分析怎么做？完整指标体系和典型分析模板打包送给你！		K4+K5+K6	locator-only	synthesis/2026-09-12-obsidian-scan/W4-wechat-1546-snapshot.md	
wechat-5ff6c00c9378	vault:processed/微信知识库/数据熊/02_财务管理/2026-05-03 财务审核合同的关键要点（附详细清单.xlsx).md	财务审核合同的关键要点（附详细清单.xlsx)			locator-only	synthesis/2026-09-12-obsidian-scan/W4-wechat-1546-snapshot.md	
wechat-600e13a49788	vault:processed/微信知识库/宸帆海财会咨询服务/02_企业所得税/2025-03-23 一文秒懂！企业所得税优惠偏爱的15类企业.md	一文秒懂！企业所得税优惠偏爱的15类企业		K4+K8	locator-only	synthesis/2026-09-12-obsidian-scan/W4-wechat-1546-snapshot.md	
wechat-605be91e8a47	vault:processed/微信知识库/数据熊/02_财务管理/2025-03-15 华为招聘黑幕启示：人事舞弊迹象及财务应对措施建议.md	华为招聘黑幕启示：人事舞弊迹象及财务应对措施建议		K1+K4+K5+K6	locator-only	synthesis/2026-09-12-obsidian-scan/W4-wechat-1546-snapshot.md	
wechat-60e188900e4e	vault:processed/微信知识库/数据分析不是个事儿/01_数据分析/2025-02-07 营销绩效分析怎么做？这个例子教会你，学会了老板都夸.md	营销绩效分析怎么做？这个例子教会你，学会了老板都夸		K2+K4+K6	locator-only	synthesis/2026-09-12-obsidian-scan/W4-wechat-1546-snapshot.md	
wechat-61158494802e	vault:processed/微信知识库/宸帆海财会咨询服务/02_企业所得税/2025-03-04 还在多缴企业所得税？一文带你搞懂扣除政策.md	还在多缴企业所得税？一文带你搞懂扣除政策		K4+K6	locator-only	synthesis/2026-09-12-obsidian-scan/W4-wechat-1546-snapshot.md	
wechat-616abff4b0b0	vault:processed/微信知识库/木木自由/01_数据分析必备/2020-12-04 干货｜一文从0到1掌握用户画像知识体系.md	干货｜一文从0到1掌握用户画像知识体系		K4+K6+K8	locator-only	synthesis/2026-09-12-obsidian-scan/W4-wechat-1546-snapshot.md	
wechat-61a62bf896b8	vault:processed/微信知识库/数据熊/03_财务报表/2024-09-09 动态财务分析：使用SWITCH函数动态切换KPI.md	动态财务分析：使用SWITCH函数动态切换KPI		K2+K3+K4+K6	locator-only	synthesis/2026-09-12-obsidian-scan/W4-wechat-1546-snapshot.md	
wechat-61a98023c48a	vault:processed/微信知识库/数据熊/04_经营分析/2025-02-14 DeepSeek+PowerBI：一键实现多表合并、自动分析.md	DeepSeek+PowerBI：一键实现多表合并、自动分析		K2+K4+K5+K8	locator-only	synthesis/2026-09-12-obsidian-scan/W4-wechat-1546-snapshot.md	
wechat-61cff2579ec0	vault:processed/微信知识库/木木自由/02_数据说/2021-08-08 【原创】浅谈在探索数分之路上“数据思维”应用.md	【原创】浅谈在探索数分之路上“数据思维”应用		K2+K4+K6+K8	locator-only	synthesis/2026-09-12-obsidian-scan/W4-wechat-1546-snapshot.md	
wechat-61d0efe5cfdc	vault:processed/微信知识库/数据熊/03_财务报表/2024-11-24 财务三大报表的勾稽关系，看这篇就够了！.md	财务三大报表的勾稽关系，看这篇就够了！		K1+K4+K6	locator-only	synthesis/2026-09-12-obsidian-scan/W4-wechat-1546-snapshot.md	
wechat-61d330249221	vault:processed/微信知识库/数据分析不是个事儿/01_数据分析/2025-02-10 DeepSeek碾压90%数据分析师？培养这3个不可替代能力让你稳坐高薪.md	DeepSeek碾压90%数据分析师？培养这3个不可替代能力让你稳坐高薪		K4+K5+K6+K8	locator-only	synthesis/2026-09-12-obsidian-scan/W4-wechat-1546-snapshot.md	
wechat-61e77adefe65	vault:processed/微信知识库/奔向自由的果/01_报表模板与看板/2026-08-21 资金管理总则（纲领性文件，统领所有资金制度）.md	资金管理总则（纲领性文件，统领所有资金制度）		K4+K5	locator-only	synthesis/2026-09-12-obsidian-scan/W4-wechat-1546-snapshot.md	
wechat-621ca04aa0be	vault:processed/微信知识库/木木自由/07_数据分析/2025-12-24 《数据可视化实战宝典》：数据处理可视化、数据可视化设计、可视化方法、可视化工具、案例···（附相关材料下载）.md	《数据可视化实战宝典》：数据处理可视化、数据可视化设计、可视化方法、可视化工具、案例···（附相关材料下载）		K4+K5+K6+K8	locator-only	synthesis/2026-09-12-obsidian-scan/W4-wechat-1546-snapshot.md	
wechat-623f23b09c8f	vault:processed/微信知识库/奔向自由的果/01_报表模板与看板/2026-07-21 财务预算报表—月度全面预算执行差异与滚动预测报表.md	财务预算报表—月度全面预算执行差异与滚动预测报表		K5+K6	locator-only	synthesis/2026-09-12-obsidian-scan/W4-wechat-1546-snapshot.md	
wechat-6279b0349e15	vault:processed/微信知识库/数据熊/04_经营分析/2025-06-14 经营分析：五步做好行业对标.md	经营分析：五步做好行业对标		K2+K3+K4+K5+K6+K8	locator-only	synthesis/2026-09-12-obsidian-scan/W4-wechat-1546-snapshot.md	
wechat-628041390a72	vault:processed/微信知识库/奔向自由的果/02_图解经营分析/【财务成本管控干货图解】面试被问成本核算？这套地气的“成本核算”流程指南，手把手教你理清.md	【财务成本管控干货图解】面试被问成本核算？这套地气的“成本核算”流程指南，手把手教你理清		K4+K6	locator-only	synthesis/2026-09-12-obsidian-scan/W4-wechat-1546-snapshot.md	
wechat-628232325c35	vault:processed/微信知识库/宸帆海财会咨询服务/01_会计/2025-02-24 财务人必知！11种贸易术语会计分录大汇总.md	财务人必知！11种贸易术语会计分录大汇总		K1+K6	locator-only	synthesis/2026-09-12-obsidian-scan/W4-wechat-1546-snapshot.md	
wechat-62a6e8db50fd	vault:processed/微信知识库/数据分析不是个事儿/01_数据分析/2024-12-25 业财一体化平台需要上吗？有何价值？.md	业财一体化平台需要上吗？有何价值？		K4+K5+K6+K7	locator-only	synthesis/2026-09-12-obsidian-scan/W4-wechat-1546-snapshot.md	
wechat-62fde958a9bf	vault:processed/微信知识库/木木自由/01_数据分析必备/2023-04-13 帕累托（ABC）分析法、增长黑客课程分享、战略分析、企业数字化转型规划设计PPT（107页）、一次完整数据分析之旅… 本周精华.md	帕累托（ABC）分析法、增长黑客课程分享、战略分析、企业数字化转型规划设计PPT（107页）、一次完整数据分析之旅…| 本周精华		K4+K6+K8	locator-only	synthesis/2026-09-12-obsidian-scan/W4-wechat-1546-snapshot.md	
wechat-6307e66356b0	vault:processed/微信知识库/数据熊/04_经营分析/2026-04-01 经营分析，常用的15个工具.md	经营分析，常用的15个工具		K4+K6	locator-only	synthesis/2026-09-12-obsidian-scan/W4-wechat-1546-snapshot.md	
wechat-6320bb85cd85	vault:processed/微信知识库/木木自由/02_数据说/2022-06-19 【原创】数据分析中“如何形成分析思路”一些思考和见解.md	【原创】数据分析中“如何形成分析思路”一些思考和见解		K4+K5	locator-only	synthesis/2026-09-12-obsidian-scan/W4-wechat-1546-snapshot.md	
wechat-633d0b61f64f	vault:processed/微信知识库/木木自由/07_数据分析/2024-07-22 Python 数据可视化学习指南： 3 个核心步骤、matplotlib手册、高级数据处理与可视化···【附相关材料下载】.md	Python 数据可视化学习指南： 3 个核心步骤、matplotlib手册、高级数据处理与可视化···【附相关材料下载】		K4+K5+K8	locator-only	synthesis/2026-09-12-obsidian-scan/W4-wechat-1546-snapshot.md	
wechat-634547c5015b	vault:processed/微信知识库/奔向自由的果/03_财务职场进阶/2026-07-01 新手会计接全盘账，六步搞定不踩坑.md	新手会计接全盘账，六步搞定不踩坑		K6	locator-only	synthesis/2026-09-12-obsidian-scan/W4-wechat-1546-snapshot.md	
wechat-6349345b9c34	vault:processed/微信知识库/数据熊/04_经营分析/2026-04-25 详解美的集团经营分析体系.md	详解美的集团经营分析体系		K4+K6	locator-only	synthesis/2026-09-12-obsidian-scan/W4-wechat-1546-snapshot.md	
wechat-63785e73260b	vault:processed/微信知识库/数据熊/04_经营分析/2026-08-31 集团经营分析驾驶舱（路径拆解）.md	集团经营分析驾驶舱（路径拆解）		K4+K5	locator-only	synthesis/2026-09-12-obsidian-scan/W4-wechat-1546-snapshot.md	
wechat-63ce398d697b	vault:processed/微信知识库/木木自由/01_数据分析必备/2023-03-17 如何从0到1搭建大数据平台、各行业数据指标体系参考、互联网大厂sql笔试题、Power BI电商数据分析实战…… 本周精华.md	如何从0到1搭建大数据平台、各行业数据指标体系参考、互联网大厂sql笔试题、Power BI电商数据分析实战……| 本周精华		K4+K5+K6+K8	locator-only	synthesis/2026-09-12-obsidian-scan/W4-wechat-1546-snapshot.md	
wechat-645587bc130f	vault:processed/微信知识库/木木自由/01_数据分析必备/2025-03-31 《门店经营数据分析指南》解锁商业增长新动力：店铺核心数据指标、计算及分析、店铺经营分析及应用···.md	《门店经营数据分析指南》解锁商业增长新动力：店铺核心数据指标、计算及分析、店铺经营分析及应用···		K1+K3+K4+K5+K6+K8	locator-only	synthesis/2026-09-12-obsidian-scan/W4-wechat-1546-snapshot.md	
wechat-647dd088596b	vault:processed/微信知识库/数据熊/01_财务分析/2025-04-25 EBIT、EBITDA和净利润：三者的本质区别与适用场景.md	EBIT、EBITDA和净利润：三者的本质区别与适用场景		K1+K2+K3+K4+K6	locator-only	synthesis/2026-09-12-obsidian-scan/W4-wechat-1546-snapshot.md	
wechat-648125d4a7b8	vault:processed/微信知识库/宸帆海财会咨询服务/05_进出口/2025-07-02 生产企业首次出口线上流程（2025版）.md	生产企业首次出口线上流程（2025版）		K6+K8	locator-only	synthesis/2026-09-12-obsidian-scan/W4-wechat-1546-snapshot.md	
wechat-649f5e45f8fa	vault:processed/微信知识库/宸帆海财会咨询服务/03_出口退税/2025-02-16 三类企业出口退税模式与原理全解析！！！.md	三类企业出口退税模式与原理全解析！！！		K6	locator-only	synthesis/2026-09-12-obsidian-scan/W4-wechat-1546-snapshot.md	
wechat-64ce196fabcc	vault:processed/微信知识库/数据熊/01_财务分析/2025-11-05 财务分析，必须要掌握的五大模型.md	财务分析，必须要掌握的五大模型		K5+K8	locator-only	synthesis/2026-09-12-obsidian-scan/W4-wechat-1546-snapshot.md	
wechat-64d6d0973fdf	vault:processed/微信知识库/宸帆海财会咨询服务/10_财务/2025-10-11 会计专业最好的出路是什么？.md	会计专业最好的出路是什么？		K4+K6	locator-only	synthesis/2026-09-12-obsidian-scan/W4-wechat-1546-snapshot.md	
wechat-6515e7b454b9	vault:processed/微信知识库/奔向自由的果/02_图解经营分析/【财务报表分析干货图解】财务报表分析：利润表不是“面子”，是企业经营的“成绩单”.md	【财务报表分析干货图解】财务报表分析：利润表不是“面子”，是企业经营的“成绩单”		K1+K3+K4+K6	locator-only	synthesis/2026-09-12-obsidian-scan/W4-wechat-1546-snapshot.md	
wechat-651bd1279ca2	vault:processed/微信知识库/奔向自由的果/01_报表模板与看板/2026-05-21 财务现金流分析：企业现金流健康度监控报表.md	财务现金流分析：企业现金流健康度监控报表		K2+K4+K5+K6	locator-only	synthesis/2026-09-12-obsidian-scan/W4-wechat-1546-snapshot.md	
wechat-65b9a95a31a3	vault:processed/微信知识库/数据熊/02_财务管理/2026-05-13 2026年4月库存分析报告.md	2026年4月库存分析报告		K4	locator-only	synthesis/2026-09-12-obsidian-scan/W4-wechat-1546-snapshot.md	
wechat-65bb15a9d835	vault:processed/微信知识库/数据熊/02_财务管理/2025-04-21 财务内控合规检查要点清单.md	财务内控合规检查要点清单		K1+K4+K6	locator-only	synthesis/2026-09-12-obsidian-scan/W4-wechat-1546-snapshot.md	
wechat-6643885fcf0a	vault:processed/微信知识库/数据分析不是个事儿/01_数据分析/2024-12-11 如何转型财务BP，看这篇数据分析案例就够了！.md	如何转型财务BP，看这篇数据分析案例就够了！		K1+K2+K4+K6+K7	locator-only	synthesis/2026-09-12-obsidian-scan/W4-wechat-1546-snapshot.md	
wechat-66785e5b1890	vault:processed/微信知识库/木木自由/01_数据分析必备/2025-03-25 《全面市场洞察与战略规划指南》.md	《全面市场洞察与战略规划指南》		K4+K8	locator-only	synthesis/2026-09-12-obsidian-scan/W4-wechat-1546-snapshot.md	
wechat-66b8a9e772b2	vault:processed/微信知识库/数据熊/02_财务管理/2026-05-25 应收账款分析模型.pptx.md	应收账款分析模型.pptx		K6	locator-only	synthesis/2026-09-12-obsidian-scan/W4-wechat-1546-snapshot.md	
wechat-66c5800b69b8	vault:processed/微信知识库/木木自由/01_数据分析必备/2024-10-18 总结：「统计学」知识大梳理···（附相关材料下载）.md	总结：「统计学」知识大梳理···（附相关材料下载）		K4+K8	locator-only	synthesis/2026-09-12-obsidian-scan/W4-wechat-1546-snapshot.md	
wechat-6704d3856139	vault:processed/微信知识库/木木自由/07_数据分析/2024-03-02 华为铁三角工作法完全解密+读书笔记复盘【118页 附下载】.md	华为铁三角工作法完全解密+读书笔记复盘【118页 附下载】		K4+K6+K8	locator-only	synthesis/2026-09-12-obsidian-scan/W4-wechat-1546-snapshot.md	
wechat-6741c6837b76	vault:processed/微信知识库/数据熊/01_财务分析/2025-05-23 现金流量表：财务高手的“三问三看”.md	现金流量表：财务高手的“三问三看”		K1+K4+K6	locator-only	synthesis/2026-09-12-obsidian-scan/W4-wechat-1546-snapshot.md	
wechat-67484c9740c9	vault:processed/微信知识库/宸帆海财会咨询服务/10_财务/2025-10-03 财务人员kpi考核指标（20个）.md	财务人员kpi考核指标（20个）		K4+K6	locator-only	synthesis/2026-09-12-obsidian-scan/W4-wechat-1546-snapshot.md	
wechat-677b4a456ee6	vault:processed/微信知识库/木木自由/01_数据分析必备/2023-08-07 干货 统计学派 18 种经典数据分析方法（附资料下载）.md	干货 | 统计学派 18 种经典数据分析方法（附资料下载）		K2+K4	locator-only	synthesis/2026-09-12-obsidian-scan/W4-wechat-1546-snapshot.md	
wechat-67fe5f2ff98d	vault:processed/微信知识库/数据熊/02_财务管理/2026-05-29 小白可用的财务分析驾驶舱.md	小白可用的财务分析驾驶舱		K4+K5	locator-only	synthesis/2026-09-12-obsidian-scan/W4-wechat-1546-snapshot.md	
wechat-6848dbb72ead	vault:processed/微信知识库/数据熊/05_货币资金/2026-04-27 2026年1季度资金与现金流分析报告.pptx.md	2026年1季度资金与现金流分析报告.pptx		K2+K4	locator-only	synthesis/2026-09-12-obsidian-scan/W4-wechat-1546-snapshot.md	
wechat-6877ce381c2d	vault:processed/微信知识库/数据熊/01_财务分析/2025-12-12 数据熊 财务分析模型：一键导入、自动计算、自动画图.md	数据熊 | 财务分析模型：一键导入、自动计算、自动画图		K1+K3+K4+K5+K6	locator-only	synthesis/2026-09-12-obsidian-scan/W4-wechat-1546-snapshot.md	
wechat-687ae104cb66	vault:processed/微信知识库/木木自由/01_数据分析必备/2024-11-14 财务分析之费用分析指南：分析内容、分析方法、评估模型、费用分析表模板···（附相关资料下载）.md	财务分析之费用分析指南：分析内容、分析方法、评估模型、费用分析表模板···（附相关资料下载）		K2+K4+K6+K7+K8	locator-only	synthesis/2026-09-12-obsidian-scan/W4-wechat-1546-snapshot.md	
wechat-68ba404d45b6	vault:processed/微信知识库/数据分析不是个事儿/05_入门精选/2020-12-29 想用数据分析竞争对手，这个模型你不得不会！.md	想用数据分析竞争对手，这个模型你不得不会！		K4+K6	locator-only	synthesis/2026-09-12-obsidian-scan/W4-wechat-1546-snapshot.md	
wechat-68c8aad10ea1	vault:processed/微信知识库/宸帆海财会咨询服务/02_企业所得税/2024-03-29 我国现行的税种有哪些.md	我国现行的税种有哪些?			locator-only	synthesis/2026-09-12-obsidian-scan/W4-wechat-1546-snapshot.md	
wechat-6947e7e71bdb	vault:processed/微信知识库/数据分析不是个事儿/01_数据分析/2024-08-28 零基础小白如何入行电商数据分析？一文讲清！.md	零基础小白如何入行电商数据分析？一文讲清！		K2+K4+K5+K6	locator-only	synthesis/2026-09-12-obsidian-scan/W4-wechat-1546-snapshot.md	
wechat-69d210ab3833	vault:processed/微信知识库/数据熊/04_经营分析/2025-11-15 详解小米集团经营指标体系（附思维导图及Excel版）.md	详解小米集团经营指标体系（附思维导图及Excel版）		K4+K5	locator-only	synthesis/2026-09-12-obsidian-scan/W4-wechat-1546-snapshot.md	
wechat-69db8f7fd922	vault:processed/微信知识库/数据熊/04_经营分析/2025-05-24 从混乱到聚焦：经营分析会如何服务高层决策？.md	从混乱到聚焦：经营分析会如何服务高层决策？		K4+K6	locator-only	synthesis/2026-09-12-obsidian-scan/W4-wechat-1546-snapshot.md	
wechat-69dec731a814	vault:processed/微信知识库/奔向自由的果/01_报表模板与看板/2026-06-04 非常适合财务的经营分析报表 · 销售营收滚动监控报表.md	非常适合财务的经营分析报表 · 销售营收滚动监控报表		K4+K5+K6+K8	locator-only	synthesis/2026-09-12-obsidian-scan/W4-wechat-1546-snapshot.md	
wechat-6a2e1afb602b	vault:processed/微信知识库/数据熊/02_财务管理/2025-04-22 财务主要岗位职责清单.md	财务主要岗位职责清单		K1+K2+K4+K6	locator-only	synthesis/2026-09-12-obsidian-scan/W4-wechat-1546-snapshot.md	
wechat-6a40bfabb29f	vault:processed/微信知识库/宸帆海财会咨询服务/01_会计/2025-03-03 新手会计别瞎忙！一文秒懂做账全流程.md	新手会计别瞎忙！一文秒懂做账全流程		K1+K3+K4+K6+K7+K8	locator-only	synthesis/2026-09-12-obsidian-scan/W4-wechat-1546-snapshot.md	
wechat-6a510722e4bf	vault:processed/微信知识库/木木自由/01_数据分析必备/2024-08-12 华为数据治理方法论及最佳实践（附华为内部数据治理···等相关材料下载）.md	华为数据治理方法论及最佳实践（附华为内部数据治理···等相关材料下载）		K4+K6+K8	locator-only	synthesis/2026-09-12-obsidian-scan/W4-wechat-1546-snapshot.md	
wechat-6a5135095d17	vault:processed/微信知识库/数据熊/01_财务分析/2025-06-20 财务应该具备的七个经营思维.md	财务应该具备的七个经营思维		K1+K3+K4+K5+K6+K7+K8	locator-only	synthesis/2026-09-12-obsidian-scan/W4-wechat-1546-snapshot.md	
wechat-6a62ce2cb0b7	vault:processed/微信知识库/木木自由/07_数据分析/2024-03-15 收藏 经营分析之企业制定战略规划的八个步骤（附相关材料下载）.md	收藏 | 经营分析之企业制定战略规划的八个步骤（附相关材料下载）		K4	locator-only	synthesis/2026-09-12-obsidian-scan/W4-wechat-1546-snapshot.md	
wechat-6a68edb06ed5	vault:processed/微信知识库/数据熊/04_经营分析/2025-06-27 财务BP，要多抬头看生意本身.md	财务BP，要多抬头看生意本身		K3+K4+K6+K7	locator-only	synthesis/2026-09-12-obsidian-scan/W4-wechat-1546-snapshot.md	
wechat-6a8d37784ef5	vault:processed/微信知识库/奔向自由的果/02_图解经营分析/【图解财务干货】经营分析是服务与决策的内部报告.md	【图解财务干货】经营分析是服务与决策的内部报告		K4	locator-only	synthesis/2026-09-12-obsidian-scan/W4-wechat-1546-snapshot.md	
wechat-6ae4eec3374c	vault:processed/微信知识库/宸帆海财会咨询服务/03_出口退税/2025-04-07 速看！出口退税15大热点问题.md	速看！出口退税15大热点问题		K8	locator-only	synthesis/2026-09-12-obsidian-scan/W4-wechat-1546-snapshot.md	
wechat-6ae9cb851f58	vault:processed/微信知识库/数据熊/04_经营分析/2025-08-30 经营分析，到底应该由谁来写？.md	经营分析，到底应该由谁来写？		K3+K4+K5+K6+K7	locator-only	synthesis/2026-09-12-obsidian-scan/W4-wechat-1546-snapshot.md	
wechat-6af7f439aff4	vault:processed/微信知识库/数据熊/04_经营分析/2025-05-18 财务做不好经营分析，是因为没搞清“这个闭环”.md	财务做不好经营分析，是因为没搞清“这个闭环”		K3+K4+K6	locator-only	synthesis/2026-09-12-obsidian-scan/W4-wechat-1546-snapshot.md	
wechat-6b1f5f365bb9	vault:processed/微信知识库/木木自由/02_数据说/2021-05-18 聊聊业务数据分析那些事儿.md	聊聊业务数据分析那些事儿		K4+K6+K8	locator-only	synthesis/2026-09-12-obsidian-scan/W4-wechat-1546-snapshot.md	
wechat-6b37511dbc9d	vault:processed/微信知识库/数据分析不是个事儿/02_可视化/2022-05-18 EXCEL不够用，VBA和Python又太难？那么试试这个工具吧！.md	EXCEL不够用，VBA和Python又太难？那么试试这个工具吧！		K5+K6	locator-only	synthesis/2026-09-12-obsidian-scan/W4-wechat-1546-snapshot.md	
wechat-6b9303e94680	vault:processed/微信知识库/木木自由/01_数据分析必备/2024-09-09 “数据分析”从零到一（经典版）···（附数据分析方法及工具应用-埃森哲PPT 可编辑下载）.md	“数据分析”从零到一（经典版）···（附数据分析方法及工具应用-埃森哲PPT 可编辑下载）		K4+K8	locator-only	synthesis/2026-09-12-obsidian-scan/W4-wechat-1546-snapshot.md	
wechat-6b9db33088fb	vault:processed/微信知识库/数据分析不是个事儿/01_数据分析/2024-11-12 用五种数据分析模型研究养猪，里面的门道究竟有多深？！.md	用五种数据分析模型研究养猪，里面的门道究竟有多深？！		K2+K4+K6	locator-only	synthesis/2026-09-12-obsidian-scan/W4-wechat-1546-snapshot.md	
wechat-6bb855c4e098	vault:processed/微信知识库/数据熊/04_经营分析/2026-03-11 经营分析会，必须要吵清楚的几个问题.md	经营分析会，必须要吵清楚的几个问题		K4+K6	locator-only	synthesis/2026-09-12-obsidian-scan/W4-wechat-1546-snapshot.md	
wechat-6bc072d0ebe5	vault:processed/微信知识库/木木自由/01_数据分析必备/2024-11-29 财务分析之成本分析应用指南：分析内容、分析形式、成本费用管控技巧、成本分析报表（附制造业、采购、酒店成本分析案例相关资料下载）.md	财务分析之成本分析应用指南：分析内容、分析形式、成本费用管控技巧、成本分析报表（附制造业、采购、酒店成本分析案例相关资料下载）		K4+K6+K8	locator-only	synthesis/2026-09-12-obsidian-scan/W4-wechat-1546-snapshot.md	
wechat-6bfa267e2190	vault:processed/微信知识库/数据熊/02_财务管理/2025-11-09 2025年财务总监工作总结（可下载PPT模板）.md	2025年财务总监工作总结（可下载PPT模板）			locator-only	synthesis/2026-09-12-obsidian-scan/W4-wechat-1546-snapshot.md	
wechat-6c580375bdf0	vault:processed/微信知识库/木木自由/07_数据分析/2024-06-26 跨境电商数据分析指南：方法与指标、案例、数据可视化···【75页 附下载】.md	跨境电商数据分析指南：方法与指标、案例、数据可视化···【75页 附下载】		K4+K5+K6+K7	locator-only	synthesis/2026-09-12-obsidian-scan/W4-wechat-1546-snapshot.md	
wechat-6c6370916885	vault:processed/微信知识库/宸帆海财会咨询服务/01_会计/2024-12-06 公司注销，如何做好规划？.md	公司注销，如何做好规划？		K1+K6	locator-only	synthesis/2026-09-12-obsidian-scan/W4-wechat-1546-snapshot.md	
wechat-6c65591cf3fa	vault:processed/微信知识库/宸帆海财会咨询服务/01_会计/2024-08-28 公司授予我股份，一定是好事吗？.md	公司授予我股份，一定是好事吗？		K2+K4+K6	locator-only	synthesis/2026-09-12-obsidian-scan/W4-wechat-1546-snapshot.md	
wechat-6ca2ca5f835e	vault:processed/微信知识库/数据分析不是个事儿/01_数据分析/2024-12-02 电商竞品分析怎么做？从这三个方面入手！.md	电商竞品分析怎么做？从这三个方面入手！		K4+K5	locator-only	synthesis/2026-09-12-obsidian-scan/W4-wechat-1546-snapshot.md	
wechat-6ca6372fb3b9	vault:processed/微信知识库/宸帆海财会咨询服务/10_财务/2025-02-04 一文读懂！多处工资收入的税务合规秘籍.md	一文读懂！多处工资收入的税务合规秘籍		K6	locator-only	synthesis/2026-09-12-obsidian-scan/W4-wechat-1546-snapshot.md	
wechat-6cba4db9e2cd	vault:processed/微信知识库/数据分析不是个事儿/02_可视化/2022-01-12 年终总结做得好，升职加薪少不了！仅需1个技巧，10分钟搞定.md	年终总结做得好，升职加薪少不了！仅需1个技巧，10分钟搞定		K4+K5	locator-only	synthesis/2026-09-12-obsidian-scan/W4-wechat-1546-snapshot.md	
wechat-6cbe953f4f62	vault:processed/微信知识库/木木自由/01_数据分析必备/2023-09-17 数字化转型时代—企业数字化人才战略.md	数字化转型时代—企业数字化人才战略		K4+K8	locator-only	synthesis/2026-09-12-obsidian-scan/W4-wechat-1546-snapshot.md	
wechat-6cf685c64e06	vault:processed/微信知识库/数据分析不是个事儿/04_数据分析师/2024-10-20 初级、中级、高级数据分析师究竟有什么区别，你在哪一级呢？.md	初级、中级、高级数据分析师究竟有什么区别，你在哪一级呢？		K4+K5	locator-only	synthesis/2026-09-12-obsidian-scan/W4-wechat-1546-snapshot.md	
wechat-6d0267e2bc00	vault:processed/微信知识库/奔向自由的果/01_报表模板与看板/2026-07-26 财务制度文件—成本管理标准化手册（含流程、表单、标准）.md	财务制度文件—成本管理标准化手册（含流程、表单、标准）		K5+K6	locator-only	synthesis/2026-09-12-obsidian-scan/W4-wechat-1546-snapshot.md	
wechat-6d0631059694	vault:processed/微信知识库/宸帆海财会咨询服务/02_企业所得税/2026-01-13 2025年所得税汇算清缴.md	2025年所得税汇算清缴		K4+K6	locator-only	synthesis/2026-09-12-obsidian-scan/W4-wechat-1546-snapshot.md	
wechat-6d2ed2e0b206	vault:processed/微信知识库/奔向自由的果/03_财务职场进阶/2025-12-08 考了CPA就稳了吗？.md	考了CPA就稳了吗？		K4+K6	locator-only	synthesis/2026-09-12-obsidian-scan/W4-wechat-1546-snapshot.md	
wechat-6d3be867e6d2	vault:processed/微信知识库/数据熊/04_经营分析/2025-11-26 经营分析：要从问题出发，而不是从数据出发.md	经营分析：要从问题出发，而不是从数据出发		K4+K5+K6	locator-only	synthesis/2026-09-12-obsidian-scan/W4-wechat-1546-snapshot.md	
wechat-6d9cdaf7c604	vault:processed/微信知识库/木木自由/01_数据分析必备/2025-03-28 《如何进行有价值的财务指标分解指南》：拆解财务指标的三种方法、财务指标及财务分析的基本步骤与方法、完整的财务指标分析体系···.md	《如何进行有价值的财务指标分解指南》：拆解财务指标的三种方法、财务指标及财务分析的基本步骤与方法、完整的财务指标分析体系···		K2+K3+K4+K6+K7+K8	locator-only	synthesis/2026-09-12-obsidian-scan/W4-wechat-1546-snapshot.md	
wechat-6d9f0b3d394f	vault:processed/微信知识库/木木自由/01_数据分析必备/2023-05-05 干货 16种竞品分析方法，数据产品岗位必备（附竞品分析资料）.md	干货 | 16种竞品分析方法，数据产品岗位必备（附竞品分析资料）		K4+K6+K7	locator-only	synthesis/2026-09-12-obsidian-scan/W4-wechat-1546-snapshot.md	
wechat-6dbfe430ff2d	vault:processed/微信知识库/宸帆海财会咨询服务/02_企业所得税/2025-02-08 收藏！公司迁址后出口退税变更操作指南（无纸化企业版）.md	收藏！公司迁址后出口退税变更操作指南（无纸化企业版）			locator-only	synthesis/2026-09-12-obsidian-scan/W4-wechat-1546-snapshot.md	
wechat-6dcbca5a394d	vault:processed/微信知识库/奔向自由的果/03_财务职场进阶/2026-01-29 业财融合怎么推进？财务视角全流程落地手册.md	业财融合怎么推进？财务视角全流程落地手册		K4+K6+K7	locator-only	synthesis/2026-09-12-obsidian-scan/W4-wechat-1546-snapshot.md	
wechat-6dd27cffba47	vault:processed/微信知识库/宸帆海财会咨询服务/01_会计/2024-08-23 企业如何保证“四流一致”？.md	企业如何保证“四流一致”？		K4	locator-only	synthesis/2026-09-12-obsidian-scan/W4-wechat-1546-snapshot.md	
wechat-6e7b6fd7326c	vault:processed/微信知识库/数据分析不是个事儿/01_数据分析/2023-12-29 年终汇报到底应该怎么写？看这一篇就够了！.md	年终汇报到底应该怎么写？看这一篇就够了！		K4	locator-only	synthesis/2026-09-12-obsidian-scan/W4-wechat-1546-snapshot.md	
wechat-6e819654242f	vault:processed/微信知识库/数据分析不是个事儿/04_数据分析师/2024-10-29 新式茶饮还能入局吗？看看这份趋势分析报告！.md	新式茶饮还能入局吗？看看这份趋势分析报告！		K2+K4+K5+K6	locator-only	synthesis/2026-09-12-obsidian-scan/W4-wechat-1546-snapshot.md	
wechat-6e8cf0e4e287	vault:processed/微信知识库/宸帆海财会咨询服务/01_会计/2024-08-18 这些会计类网站你都收藏了吗？.md	这些会计类网站你都收藏了吗？		K4	locator-only	synthesis/2026-09-12-obsidian-scan/W4-wechat-1546-snapshot.md	
wechat-6e99eedb29d0	vault:processed/微信知识库/数据分析不是个事儿/01_数据分析/2025-03-04 为什么员工离职率这么高？通过离职分析教会你留住人才！.md	为什么员工离职率这么高？通过离职分析教会你留住人才！		K4+K5+K6	locator-only	synthesis/2026-09-12-obsidian-scan/W4-wechat-1546-snapshot.md	
wechat-6ee7d5273ea5	vault:processed/微信知识库/数据分析不是个事儿/01_数据分析/2022-09-03 98%的人都没听过的「波特五力模型」原来竟这么好用！.md	98%的人都没听过的「波特五力模型」原来竟这么好用！		K4+K6	locator-only	synthesis/2026-09-12-obsidian-scan/W4-wechat-1546-snapshot.md	
wechat-6f150c8f3467	vault:processed/微信知识库/木木自由/01_数据分析必备/2021-08-01 【原创】警惕！数据分析的陷阱？.md	【原创】警惕！数据分析的陷阱？		K4+K6	locator-only	synthesis/2026-09-12-obsidian-scan/W4-wechat-1546-snapshot.md	
wechat-6f19d55f6f19	vault:processed/微信知识库/宸帆海财会咨询服务/10_财务/2025-09-30 25个财务分析常用指标（三）.md	25个财务分析常用指标（三）		K2+K3+K4+K6	locator-only	synthesis/2026-09-12-obsidian-scan/W4-wechat-1546-snapshot.md	
wechat-6f66b73b48af	vault:processed/微信知识库/木木自由/07_数据分析/2024-07-19 数据仓库相关知识体系指南：体系架构、设计方案、建设规范模板、专家解析···【附相关材料下载】.md	数据仓库相关知识体系指南：体系架构、设计方案、建设规范模板、专家解析···【附相关材料下载】		K4+K6+K8	locator-only	synthesis/2026-09-12-obsidian-scan/W4-wechat-1546-snapshot.md	
wechat-6f7cd814b277	vault:processed/微信知识库/数据熊/01_财务分析/2025-05-06 2025年4月财务分析PPT框架（附PPT模板）.md	2025年4月财务分析PPT框架（附PPT模板）		K1+K3+K4+K5+K6	locator-only	synthesis/2026-09-12-obsidian-scan/W4-wechat-1546-snapshot.md	
wechat-6fcdd982fe78	vault:processed/微信知识库/数据熊/01_财务分析/2025-12-25 财务分析，必须基于业务逻辑.md	财务分析，必须基于业务逻辑		K1+K3+K4+K6	locator-only	synthesis/2026-09-12-obsidian-scan/W4-wechat-1546-snapshot.md	
wechat-6fdffe578528	vault:processed/微信知识库/木木自由/07_数据分析/2024-03-26 思维提升-著名数据分析模型【91页 附下载】.md	思维提升-著名数据分析模型【91页 附下载】		K4+K8	locator-only	synthesis/2026-09-12-obsidian-scan/W4-wechat-1546-snapshot.md	
wechat-6ff5c2d3b081	vault:processed/微信知识库/数据熊/01_财务分析/2025-05-15 财务分析的尽头，是经营洞察.md	财务分析的尽头，是经营洞察		K1+K3+K4+K5+K6	locator-only	synthesis/2026-09-12-obsidian-scan/W4-wechat-1546-snapshot.md	
wechat-706167923d73	vault:processed/微信知识库/宸帆海财会咨询服务/06_国际贸易/2024-07-02 进口货物报关流程是怎样的.md	进口货物报关流程是怎样的?		K6	locator-only	synthesis/2026-09-12-obsidian-scan/W4-wechat-1546-snapshot.md	
wechat-7071222246b9	vault:processed/微信知识库/宸帆海财会咨询服务/03_出口退税/2025-04-16 干货！出口退税20个关键问题答疑.md	干货！出口退税20个关键问题答疑		K6+K8	locator-only	synthesis/2026-09-12-obsidian-scan/W4-wechat-1546-snapshot.md	
wechat-709fd26d56a4	vault:processed/微信知识库/数据分析不是个事儿/05_入门精选/2020-12-08 详解！7大经典数据分析思维！.md	详解！7大经典数据分析思维！		K6	locator-only	synthesis/2026-09-12-obsidian-scan/W4-wechat-1546-snapshot.md	
wechat-70cdfeef1b70	vault:processed/微信知识库/木木自由/01_数据分析必备/2024-09-10 如何写一篇“有用”的数据分析报告？（附日常数据分析报告模板、专题分析类报告模版···等相关材料下载）.md	如何写一篇“有用”的数据分析报告？（附日常数据分析报告模板、专题分析类报告模版···等相关材料下载）		K4+K8	locator-only	synthesis/2026-09-12-obsidian-scan/W4-wechat-1546-snapshot.md	
wechat-70cf5accfef2	vault:processed/微信知识库/数据分析不是个事儿/05_入门精选/2020-12-15 我是怎么抛弃Excel的？.md	我是怎么抛弃Excel的？		K5	locator-only	synthesis/2026-09-12-obsidian-scan/W4-wechat-1546-snapshot.md	
wechat-70ea42455c00	vault:processed/微信知识库/木木自由/07_数据分析/2025-12-17 Excel数据分析实战：Excel数据分析核心函数、常用场景与实战要点··（附相关材料下载）.md	Excel数据分析实战：Excel数据分析核心函数、常用场景与实战要点··（附相关材料下载）		K4+K5+K6+K8	locator-only	synthesis/2026-09-12-obsidian-scan/W4-wechat-1546-snapshot.md	
wechat-70f6168a5605	vault:processed/微信知识库/木木自由/01_数据分析必备/2024-09-12 提升经营管理能力的商业思维模型图谱深度解析（收藏版）···（附 PPT 可编辑下载）.md	提升经营管理能力的商业思维模型图谱深度解析（收藏版）···（附 PPT 可编辑下载）		K4+K6+K8	locator-only	synthesis/2026-09-12-obsidian-scan/W4-wechat-1546-snapshot.md	
wechat-7106d8d1f521	vault:processed/微信知识库/木木自由/01_数据分析必备/2024-04-11 APP数据运营实战手册【49页 附下载】.md	APP数据运营实战手册【49页 附下载】		K4+K5+K8	locator-only	synthesis/2026-09-12-obsidian-scan/W4-wechat-1546-snapshot.md	
wechat-712d67ed08b2	vault:processed/微信知识库/数据分析不是个事儿/01_数据分析/2024-09-26 这是我见过最完整的销售数据分析看板，直接套用！.md	这是我见过最完整的销售数据分析看板，直接套用！		K4+K5+K6	locator-only	synthesis/2026-09-12-obsidian-scan/W4-wechat-1546-snapshot.md	
wechat-713c7a7215a4	vault:processed/微信知识库/木木自由/01_数据分析必备/2023-06-25 ​价值驱动-数据分析价值逻辑与实践思考.md	​价值驱动-数据分析价值逻辑与实践思考		K2+K4+K5+K6+K8	locator-only	synthesis/2026-09-12-obsidian-scan/W4-wechat-1546-snapshot.md	
wechat-713f22b7035a	vault:processed/微信知识库/数据熊/02_财务管理/2025-05-17 八项规定，这7类票据明令禁止.md	八项规定，这7类票据明令禁止		K1+K6	locator-only	synthesis/2026-09-12-obsidian-scan/W4-wechat-1546-snapshot.md	
wechat-7142cc0899a8	vault:processed/微信知识库/木木自由/07_数据分析/2026-07-15 《电商分析手册》：电商分析核心逻辑、分析维度、分析方法···（附电商数据分析全套指）南.md	《电商分析手册》：电商分析核心逻辑、分析维度、分析方法···（附电商数据分析全套指）南		K4+K5+K6	locator-only	synthesis/2026-09-12-obsidian-scan/W4-wechat-1546-snapshot.md	
wechat-716ee94d3bf9	vault:processed/微信知识库/木木自由/01_数据分析必备/2025-01-17 「数据治理体系的建设思路」，建议收藏！数据质量管理、元数据管理、主数据管理、数据资产管理、数据安全及数据标准····.md	「数据治理体系的建设思路」，建议收藏！数据质量管理、元数据管理、主数据管理、数据资产管理、数据安全及数据标准····		K4+K6+K7+K8	locator-only	synthesis/2026-09-12-obsidian-scan/W4-wechat-1546-snapshot.md	
wechat-7183b118794b	vault:processed/微信知识库/数据分析不是个事儿/01_数据分析/2024-08-15 电商选品分析怎么做？这篇文章说的最清楚.md	电商选品分析怎么做？这篇文章说的最清楚		K2+K4+K6	locator-only	synthesis/2026-09-12-obsidian-scan/W4-wechat-1546-snapshot.md	
wechat-71c3ae30e7cf	vault:processed/微信知识库/木木自由/01_数据分析必备/2020-11-04 精选“数据分析”好问题汇总·第一期.md	精选“数据分析”好问题汇总·第一期		K4+K6+K8	locator-only	synthesis/2026-09-12-obsidian-scan/W4-wechat-1546-snapshot.md	
wechat-71db3ea18047	vault:processed/微信知识库/木木自由/01_数据分析必备/2025-02-20 「数据治理顶层规划指南」：顶层规划方案、国家能源集团数据治理探索与应用案例、数据治理咨询项目投标 咨询方案、数据治理体系建设.md	「数据治理顶层规划指南」：顶层规划方案、国家能源集团数据治理探索与应用案例、数据治理咨询项目投标/咨询方案、数据治理体系建设		K4+K6+K8	locator-only	synthesis/2026-09-12-obsidian-scan/W4-wechat-1546-snapshot.md	
wechat-71e084864be6	vault:processed/微信知识库/木木自由/07_数据分析/2023-01-04 收藏 7个常见的数据分析项目模型！.md	收藏| 7个常见的数据分析项目模型！		K4+K6+K8	locator-only	synthesis/2026-09-12-obsidian-scan/W4-wechat-1546-snapshot.md	
wechat-722a8ed94419	vault:processed/微信知识库/数据熊/02_财务管理/2026-02-13 2026年1月资金及现金流分析报告.md	2026年1月资金及现金流分析报告		K2+K4+K6	locator-only	synthesis/2026-09-12-obsidian-scan/W4-wechat-1546-snapshot.md	
wechat-725551d0d4c0	vault:processed/微信知识库/宸帆海财会咨询服务/02_企业所得税/2025-06-01 必看！企业所得税计算指南.md	必看！企业所得税计算指南		K4+K6+K8	locator-only	synthesis/2026-09-12-obsidian-scan/W4-wechat-1546-snapshot.md	
wechat-727e6c92ec34	vault:processed/微信知识库/数据分析不是个事儿/01_数据分析/2024-10-13 汇总 36个顶级数据分析方法与模型.md	汇总 | 36个顶级数据分析方法与模型		K4+K6	locator-only	synthesis/2026-09-12-obsidian-scan/W4-wechat-1546-snapshot.md	
wechat-72e45724bee3	vault:processed/微信知识库/数据熊/01_财务分析/2025-04-09 存货周转率：没有拆解等于没有分析（附案例）.md	存货周转率：没有拆解等于没有分析（附案例）		K1+K2+K3+K4+K6+K7	locator-only	synthesis/2026-09-12-obsidian-scan/W4-wechat-1546-snapshot.md	
wechat-72fdb8e3a0d0	vault:processed/微信知识库/宸帆海财会咨询服务/02_企业所得税/2024-08-15 新《公司法》下，公司减资应如何减？.md	新《公司法》下，公司减资应如何减？		K1+K4+K6	locator-only	synthesis/2026-09-12-obsidian-scan/W4-wechat-1546-snapshot.md	
wechat-72ff59a07f51	vault:processed/微信知识库/奔向自由的果/03_财务职场进阶/2026-02-07 新手财务总监，怎么快速了解公司？.md	新手财务总监，怎么快速了解公司？		K1+K3+K4+K6	locator-only	synthesis/2026-09-12-obsidian-scan/W4-wechat-1546-snapshot.md	
wechat-73053d8f13d5	vault:processed/微信知识库/数据熊/04_经营分析/2025-07-11 第一性原理在经营分析中的应用.md	第一性原理在经营分析中的应用		K3+K4+K5+K6+K7	locator-only	synthesis/2026-09-12-obsidian-scan/W4-wechat-1546-snapshot.md	
wechat-7349a74620eb	vault:processed/微信知识库/数据熊/04_经营分析/2026-06-15 2026年5月市场分析报告.md	2026年5月市场分析报告		K4	locator-only	synthesis/2026-09-12-obsidian-scan/W4-wechat-1546-snapshot.md	
wechat-738796b594ac	vault:processed/微信知识库/数据熊/01_财务分析/2025-11-08 盈亏平衡点的6大应用场景（附Excel模板）.md	盈亏平衡点的6大应用场景（附Excel模板）			locator-only	synthesis/2026-09-12-obsidian-scan/W4-wechat-1546-snapshot.md	
wechat-73a9522dd283	vault:processed/微信知识库/木木自由/01_数据分析必备/2024-10-28 数据资产建设方案PPT（目录带图）···（附相关材料下载）.md	数据资产建设方案PPT（目录带图）···（附相关材料下载）		K4+K6+K8	locator-only	synthesis/2026-09-12-obsidian-scan/W4-wechat-1546-snapshot.md	
wechat-7437fc062695	vault:processed/微信知识库/数据分析不是个事儿/01_数据分析/2024-11-03 一文看懂零售行业数据分析的五大场景：商品、门店、库存、活动、会员.md	一文看懂零售行业数据分析的五大场景：商品、门店、库存、活动、会员		K2+K4+K6	locator-only	synthesis/2026-09-12-obsidian-scan/W4-wechat-1546-snapshot.md	
wechat-744dc715c5c2	vault:processed/微信知识库/数据熊/04_经营分析/2026-05-21 经营分析，建好业务管理报表是基础（附Excel模板）.md	经营分析，建好业务管理报表是基础（附Excel模板）		K4+K6	locator-only	synthesis/2026-09-12-obsidian-scan/W4-wechat-1546-snapshot.md	
wechat-74724be16be0	vault:processed/微信知识库/木木自由/01_数据分析必备/2025-01-10 「3个常用咨询分析模型」，建议收藏！安索夫矩阵、标杆分析法、波士顿矩阵···咨询师分析进阶能力提升.md	「3个常用咨询分析模型」，建议收藏！安索夫矩阵、标杆分析法、波士顿矩阵···咨询师分析进阶能力提升		K4+K6	locator-only	synthesis/2026-09-12-obsidian-scan/W4-wechat-1546-snapshot.md	
wechat-74a8e06fe1e2	vault:processed/微信知识库/奔向自由的果/02_图解经营分析/【财务绩效管理干货图解】从MBO到BSC，财务经理必懂的绩效管理工具.md	【财务绩效管理干货图解】从MBO到BSC，财务经理必懂的绩效管理工具		K3+K4+K6+K7	locator-only	synthesis/2026-09-12-obsidian-scan/W4-wechat-1546-snapshot.md	
wechat-74ae4281a345	vault:processed/微信知识库/数据熊/02_财务管理/2025-01-10 毛利率分析的三个维度：行业、区域和产品.md	毛利率分析的三个维度：行业、区域和产品		K3+K4+K6	locator-only	synthesis/2026-09-12-obsidian-scan/W4-wechat-1546-snapshot.md	
wechat-74c8b20e0fb8	vault:processed/微信知识库/木木自由/01_数据分析必备/2024-10-13 80个思维模型高效思考，打通认知通路（附相关材料下载）.md	80个思维模型高效思考，打通认知通路（附相关材料下载）		K4+K8	locator-only	synthesis/2026-09-12-obsidian-scan/W4-wechat-1546-snapshot.md	
wechat-74e8ff362573	vault:processed/微信知识库/宸帆海财会咨询服务/02_企业所得税/2025-02-26 月薪5千到年薪百万，都躲不过这18种税！.md	月薪5千到年薪百万，都躲不过这18种税！		K4	locator-only	synthesis/2026-09-12-obsidian-scan/W4-wechat-1546-snapshot.md	
wechat-74ee69e801ca	vault:processed/微信知识库/木木自由/07_数据分析/2023-02-06 收藏 万字长文——数据分析深度理解，全是方法论及经验.md	收藏| 万字长文——数据分析深度理解，全是方法论及经验		K4+K8	locator-only	synthesis/2026-09-12-obsidian-scan/W4-wechat-1546-snapshot.md	
wechat-75849a835eb5	vault:processed/微信知识库/木木自由/01_数据分析必备/2021-03-05 【数据说·第二十期】从战略层次全局看待业务—构建数据分析的“框架”.md	【数据说·第二十期】从战略层次全局看待业务—构建数据分析的“框架”		K4+K6	locator-only	synthesis/2026-09-12-obsidian-scan/W4-wechat-1546-snapshot.md	
wechat-75a81c34a91f	vault:processed/微信知识库/木木自由/01_数据分析必备/2025-02-21 数据指标体系建设方案（45页 PPT 精品 ）.md	数据指标体系建设方案（45页 PPT 精品 ）		K4+K6+K8	locator-only	synthesis/2026-09-12-obsidian-scan/W4-wechat-1546-snapshot.md	
wechat-75c067f28117	vault:processed/微信知识库/宸帆海财会咨询服务/01_会计/2025-10-13 财务报表编制公式（30个）.md	财务报表编制公式（30个）		K1+K4+K6	locator-only	synthesis/2026-09-12-obsidian-scan/W4-wechat-1546-snapshot.md	
wechat-75f76d7808e7	vault:processed/微信知识库/奔向自由的果/01_报表模板与看板/2026-06-19 财务经营分析—月度经营利润与损益分析看板.md	财务经营分析—月度经营利润与损益分析看板		K1+K4+K5+K6+K7	locator-only	synthesis/2026-09-12-obsidian-scan/W4-wechat-1546-snapshot.md	
wechat-75f8dabf0c5e	vault:processed/微信知识库/奔向自由的果/01_报表模板与看板/2026-04-15 财务报表全价值链成本管控—采购成本精细化管控看板（EXCEL+PPT看板）.md	财务报表全价值链成本管控—采购成本精细化管控看板（EXCEL+PPT看板）		K4+K5+K6	locator-only	synthesis/2026-09-12-obsidian-scan/W4-wechat-1546-snapshot.md	
wechat-767669ef2cc7	vault:processed/微信知识库/宸帆海财会咨询服务/06_国际贸易/2024-10-25 公司进口货物不找货代，能行吗？如何操作？.md	公司进口货物不找货代，能行吗？如何操作？		K4+K6	locator-only	synthesis/2026-09-12-obsidian-scan/W4-wechat-1546-snapshot.md	
wechat-7690d09e7b45	vault:processed/微信知识库/奔向自由的果/02_图解经营分析/一图说清财务利润表分析.md	一图说清财务利润表分析		K1+K4	locator-only	synthesis/2026-09-12-obsidian-scan/W4-wechat-1546-snapshot.md	
wechat-769e027e1379	vault:processed/微信知识库/木木自由/01_数据分析必备/2024-06-30 精益数字化之OEE数字化整体解决方案.md	精益数字化之OEE数字化整体解决方案		K4+K5+K6+K8	locator-only	synthesis/2026-09-12-obsidian-scan/W4-wechat-1546-snapshot.md	
wechat-76f3fd4622a3	vault:processed/微信知识库/宸帆海财会咨询服务/01_会计/2025-08-27 买卖合同审查要点.md	买卖合同审查要点		K4+K6	locator-only	synthesis/2026-09-12-obsidian-scan/W4-wechat-1546-snapshot.md	
wechat-772b1dd3c749	vault:processed/微信知识库/数据分析不是个事儿/01_数据分析/2025-03-07 老板不重视数字化？用三个见效快的案例打动决策层.md	老板不重视数字化？用三个见效快的案例打动决策层		K4+K6+K7+K8	locator-only	synthesis/2026-09-12-obsidian-scan/W4-wechat-1546-snapshot.md	
wechat-772ce2ffbaf6	vault:processed/微信知识库/奔向自由的果/01_报表模板与看板/2026-04-16 税务管理与合规风控全景驾驶舱看板（PPT+EXCEL）.md	税务管理与合规风控全景驾驶舱看板（PPT+EXCEL）		K4+K5	locator-only	synthesis/2026-09-12-obsidian-scan/W4-wechat-1546-snapshot.md	
wechat-776273fa4401	vault:processed/微信知识库/宸帆海财会咨询服务/10_财务/2026-01-20 2025年度述职报告个人.md	2025年度述职报告个人		K4+K6+K7+K8	locator-only	synthesis/2026-09-12-obsidian-scan/W4-wechat-1546-snapshot.md	
wechat-779b66742f88	vault:processed/微信知识库/宸帆海财会咨询服务/03_出口退税/2024-08-22 外贸企业办理出口退税的流程是怎样的？.md	外贸企业办理出口退税的流程是怎样的？		K4+K6+K8	locator-only	synthesis/2026-09-12-obsidian-scan/W4-wechat-1546-snapshot.md	
wechat-77fd017fbff3	vault:processed/微信知识库/数据熊/01_财务分析/2025-05-26 从数据到决策：财务分析全流程（附案例）.md	从数据到决策：财务分析全流程（附案例）		K3+K4+K5+K6	locator-only	synthesis/2026-09-12-obsidian-scan/W4-wechat-1546-snapshot.md	
wechat-7874bd095016	vault:processed/微信知识库/木木自由/01_数据分析必备/2025-01-21 战略管理分析工具指南：PEST、PESTEL、价值链Value Chain、五力模型、利益相关者分析····.md	战略管理分析工具指南：PEST、PESTEL、价值链Value Chain、五力模型、利益相关者分析····		K4+K6+K8	locator-only	synthesis/2026-09-12-obsidian-scan/W4-wechat-1546-snapshot.md	
wechat-78d90b5a7878	vault:processed/微信知识库/数据分析不是个事儿/01_数据分析/2026-01-28 考勤数字化：搞定这4大模块就够了.md	考勤数字化：搞定这4大模块就够了		K4+K5+K6	locator-only	synthesis/2026-09-12-obsidian-scan/W4-wechat-1546-snapshot.md	
wechat-792bcb867dad	vault:processed/微信知识库/木木自由/07_数据分析/2024-04-10 收藏 数据分析进阶：图解 72 个机器学习基础知识点（附相关材料下载）.md	收藏 | 数据分析进阶：图解 72 个机器学习基础知识点（附相关材料下载）		K4+K8	locator-only	synthesis/2026-09-12-obsidian-scan/W4-wechat-1546-snapshot.md	
wechat-793406dbf197	vault:processed/微信知识库/数据分析不是个事儿/01_数据分析/2024-09-29 数据分析入门篇：「销售数据分析」怎么做？以母婴行业为例.md	数据分析入门篇：「销售数据分析」怎么做？以母婴行业为例		K4+K5	locator-only	synthesis/2026-09-12-obsidian-scan/W4-wechat-1546-snapshot.md	
wechat-797287183d79	vault:processed/微信知识库/宸帆海财会咨询服务/09_税务/2025-06-19 “电子税务局APP”手机开票不求人！5分钟搞定数电发票全流程.md	“电子税务局APP”手机开票不求人！5分钟搞定数电发票全流程		K4	locator-only	synthesis/2026-09-12-obsidian-scan/W4-wechat-1546-snapshot.md	
wechat-79882c4274a2	vault:processed/微信知识库/数据熊/02_财务管理/2025-10-06 沉没成本，不能参与重大决策！.md	沉没成本，不能参与重大决策！		K4+K6	locator-only	synthesis/2026-09-12-obsidian-scan/W4-wechat-1546-snapshot.md	
wechat-79ac6d9c6ae2	vault:processed/微信知识库/宸帆海财会咨询服务/03_出口退税/2025-01-21 出口退（免）税备案办理指南！.md	出口退（免）税备案办理指南！		K4+K8	locator-only	synthesis/2026-09-12-obsidian-scan/W4-wechat-1546-snapshot.md	
wechat-79b454c1546f	vault:processed/微信知识库/宸帆海财会咨询服务/01_会计/2025-03-29 企业财务必看！《大河之水》揭露的20个高危税务稽查要点.md	企业财务必看！《大河之水》揭露的20个高危税务稽查要点		K4+K6+K7	locator-only	synthesis/2026-09-12-obsidian-scan/W4-wechat-1546-snapshot.md	
wechat-79b6c81105fe	vault:processed/微信知识库/木木自由/01_数据分析必备/2024-01-19 《用图表说话》《思维模型》、数据挖掘原理与算法、Excel数据分析课件、电商数据课程完整版课件全套··· 本周精华.md	《用图表说话》《思维模型》、数据挖掘原理与算法、Excel数据分析课件、电商数据课程完整版课件全套···| 本周精华		K4+K5+K6+K8	locator-only	synthesis/2026-09-12-obsidian-scan/W4-wechat-1546-snapshot.md	
wechat-79cec8e0f84d	vault:processed/微信知识库/宸帆海财会咨询服务/03_出口退税/2025-03-15 收藏！外贸财务人必备单据实操指南.md	收藏！外贸财务人必备单据实操指南		K6+K7	locator-only	synthesis/2026-09-12-obsidian-scan/W4-wechat-1546-snapshot.md	
wechat-7a0784350a4d	vault:processed/微信知识库/木木自由/07_数据分析/2026-02-04 《电商运营分析手册》：定义、价值、产品规划与定价策略、指标体系与公式详解、电商运营框架、运营思维与经营复盘···（附相关材料下载）.md	《电商运营分析手册》：定义、价值、产品规划与定价策略、指标体系与公式详解、电商运营框架、运营思维与经营复盘···（附相关材料下载）		K3+K4+K6+K8	locator-only	synthesis/2026-09-12-obsidian-scan/W4-wechat-1546-snapshot.md	
wechat-7a13ee7dae13	vault:processed/微信知识库/宸帆海财会咨询服务/02_企业所得税/2025-01-04 企业可报销费用大盘点！！！.md	企业可报销费用大盘点！！！		K6+K7+K8	locator-only	synthesis/2026-09-12-obsidian-scan/W4-wechat-1546-snapshot.md	
wechat-7a175fdaddac	vault:processed/微信知识库/数据分析不是个事儿/05_入门精选/2020-12-22 24个简单、好看到极致的可视化图表，瞬间让老板看傻！.md	24个简单、好看到极致的可视化图表，瞬间让老板看傻！		K4+K5	locator-only	synthesis/2026-09-12-obsidian-scan/W4-wechat-1546-snapshot.md	
wechat-7a3a1356ff8f	vault:processed/微信知识库/木木自由/01_数据分析必备/2021-10-17 【原创】PEST分析思维的一些基本思考与见解.md	【原创】PEST分析思维的一些基本思考与见解		K4+K6+K8	locator-only	synthesis/2026-09-12-obsidian-scan/W4-wechat-1546-snapshot.md	
wechat-7a53bba116bb	vault:processed/微信知识库/数据熊/04_经营分析/2026-08-28 集团库存分析驾驶舱.md	集团库存分析驾驶舱		K4+K5+K6	locator-only	synthesis/2026-09-12-obsidian-scan/W4-wechat-1546-snapshot.md	
wechat-7a673d4feacd	vault:processed/微信知识库/数据分析不是个事儿/01_数据分析/2023-03-21 「组织绩效分析报告」怎么做？这套模板让领导一看就懂.md	「组织绩效分析报告」怎么做？这套模板让领导一看就懂		K4+K6	locator-only	synthesis/2026-09-12-obsidian-scan/W4-wechat-1546-snapshot.md	
wechat-7accbd4595c1	vault:processed/微信知识库/木木自由/07_数据分析/2024-04-08 收藏 数据分类分级概念、方法、标准及应用（附相关材料下载）.md	收藏 | 数据分类分级概念、方法、标准及应用（附相关材料下载）		K4+K6	locator-only	synthesis/2026-09-12-obsidian-scan/W4-wechat-1546-snapshot.md	
wechat-7af38e47c6e8	vault:processed/微信知识库/奔向自由的果/03_财务职场进阶/2025-12-03 公司遇到危机，财务到底能做什么？.md	公司遇到危机，财务到底能做什么？		K3+K4+K6	locator-only	synthesis/2026-09-12-obsidian-scan/W4-wechat-1546-snapshot.md	
wechat-7b41d748a44b	vault:processed/微信知识库/奔向自由的果/03_财务职场进阶/2026-06-28 财务资金管理类岗位年中总结怎么写？两条线、十一个维度，一篇讲透.md	财务资金管理类岗位年中总结怎么写？两条线、十一个维度，一篇讲透		K4+K5+K6+K8	locator-only	synthesis/2026-09-12-obsidian-scan/W4-wechat-1546-snapshot.md	
wechat-7b8bda839a59	vault:processed/微信知识库/宸帆海财会咨询服务/01_会计/2026-09-02 长期股权投资账务处理.md	长期股权投资账务处理		K4+K6	locator-only	synthesis/2026-09-12-obsidian-scan/W4-wechat-1546-snapshot.md	
wechat-7b952c1b900c	vault:processed/微信知识库/宸帆海财会咨询服务/03_出口退税/2024-12-24 外贸企业出口退税申报全流程详解！！！.md	外贸企业出口退税申报全流程详解！！！		K6+K8	locator-only	synthesis/2026-09-12-obsidian-scan/W4-wechat-1546-snapshot.md	
wechat-7bb27aa887f5	vault:processed/微信知识库/宸帆海财会咨询服务/09_税务/2025-03-28 必知！新《公司法》规定的10种股东退出方式.md	必知！新《公司法》规定的10种股东退出方式		K1+K4+K6	locator-only	synthesis/2026-09-12-obsidian-scan/W4-wechat-1546-snapshot.md	
wechat-7bbd24b7dd4e	vault:processed/微信知识库/数据分析不是个事儿/01_数据分析/2025-02-20 用户画像怎么做？以亚马逊用户行为分析为例.md	用户画像怎么做？以亚马逊用户行为分析为例		K4	locator-only	synthesis/2026-09-12-obsidian-scan/W4-wechat-1546-snapshot.md	
wechat-7bc1d8d1dccd	vault:processed/微信知识库/数据熊/05_货币资金/2026-02-18 现金流预测模型.xlsx.md	现金流预测模型.xlsx		K1+K4+K6+K7	locator-only	synthesis/2026-09-12-obsidian-scan/W4-wechat-1546-snapshot.md	
wechat-7c0ff7cf78a7	vault:processed/微信知识库/数据熊/01_财务分析/2025-03-18 从“成本管控”到“价值创造”—财务进阶的必经之路.md	从“成本管控”到“价值创造”—财务进阶的必经之路		K1+K2+K3+K4+K5+K6+K7	locator-only	synthesis/2026-09-12-obsidian-scan/W4-wechat-1546-snapshot.md	
wechat-7c1aa5a81ba2	vault:processed/微信知识库/数据分析不是个事儿/01_数据分析/2024-12-09 3分钟学会四种库存分析方法！.md	3分钟学会四种库存分析方法！		K2+K3+K4+K6	locator-only	synthesis/2026-09-12-obsidian-scan/W4-wechat-1546-snapshot.md	
wechat-7c460d148407	vault:processed/微信知识库/数据熊/04_经营分析/2025-08-08 企业缺的不是报表，而是懂生意的财务.md	企业缺的不是报表，而是懂生意的财务		K1+K2+K3+K4+K6	locator-only	synthesis/2026-09-12-obsidian-scan/W4-wechat-1546-snapshot.md	
wechat-7c6460af09d0	vault:processed/微信知识库/木木自由/2026-08-10 收藏，高效经营分析模型：概览 → 深挖 → 归因 → 行动.md	收藏，高效经营分析模型：概览 → 深挖 → 归因 → 行动		K4+K5+K6	locator-only	synthesis/2026-09-12-obsidian-scan/W4-wechat-1546-snapshot.md	
wechat-7c7475c9cba1	vault:processed/微信知识库/木木自由/01_数据分析必备/2024-06-03 文本分析应用指南：从入门到精通【36页 附下载】.md	文本分析应用指南：从入门到精通【36页  附下载】		K4+K8	locator-only	synthesis/2026-09-12-obsidian-scan/W4-wechat-1546-snapshot.md	
wechat-7ca46ee593f4	vault:processed/微信知识库/奔向自由的果/03_财务职场进阶/2025-12-14 财务年终总结不会写？8个技巧让你脱颖而出！.md	财务年终总结不会写？8个技巧让你脱颖而出！		K6	locator-only	synthesis/2026-09-12-obsidian-scan/W4-wechat-1546-snapshot.md	
wechat-7caf34a0e017	vault:processed/微信知识库/木木自由/07_数据分析/2024-02-20 途虎商业分析深度报告（含行业发展、经营模式、财务分析、对标···等）【72页 附下载】.md	途虎商业分析深度报告（含行业发展、经营模式、财务分析、对标···等）【72页 附下载】		K4+K6	locator-only	synthesis/2026-09-12-obsidian-scan/W4-wechat-1546-snapshot.md	
wechat-7cc244dc4ec5	vault:processed/微信知识库/木木自由/07_数据分析/2024-07-17 数据要素行业深度解读：行业现状、政策分析、产业链及相关公司深度梳理【35页 附相关材料下载】.md	数据要素行业深度解读：行业现状、政策分析、产业链及相关公司深度梳理【35页 附相关材料下载】		K4+K8	locator-only	synthesis/2026-09-12-obsidian-scan/W4-wechat-1546-snapshot.md	
wechat-7cf698cb89aa	vault:processed/微信知识库/数据熊/02_财务管理/2025-05-19 财务管控的底层逻辑：五流合一.md	财务管控的底层逻辑：五流合一		K4	locator-only	synthesis/2026-09-12-obsidian-scan/W4-wechat-1546-snapshot.md	
wechat-7d111dbf9c86	vault:processed/微信知识库/木木自由/01_数据分析必备/2023-12-18 收藏 数据分析之增长模型：产品增长的通用思维框架（附增长模型案例及资料下载）.md	收藏 | 数据分析之增长模型：产品增长的通用思维框架（附增长模型案例及资料下载）		K4+K8	locator-only	synthesis/2026-09-12-obsidian-scan/W4-wechat-1546-snapshot.md	
wechat-7d7b2b03104b	vault:processed/微信知识库/数据熊/04_经营分析/2026-01-18 2025年经营分析报告（简约版）.md	2025年经营分析报告（简约版）		K4+K6	locator-only	synthesis/2026-09-12-obsidian-scan/W4-wechat-1546-snapshot.md	
wechat-7db4c950c41b	vault:processed/微信知识库/宸帆海财会咨询服务/03_出口退税/2025-05-10 出口退税财务实操手册（深圳2025版）.md	出口退税财务实操手册（深圳2025版）		K4+K6+K8	locator-only	synthesis/2026-09-12-obsidian-scan/W4-wechat-1546-snapshot.md	
wechat-7dec48a7db39	vault:processed/微信知识库/奔向自由的果/03_财务职场进阶/2025-11-28 财务行业最差岗位TOP3.md	财务行业最差岗位TOP3		K6	locator-only	synthesis/2026-09-12-obsidian-scan/W4-wechat-1546-snapshot.md	
wechat-7e407518ea7a	vault:processed/微信知识库/数据熊/04_经营分析/2025-06-16 经营分析：实现价值提升的三大视角.md	经营分析：实现价值提升的三大视角		K3+K4+K5+K6	locator-only	synthesis/2026-09-12-obsidian-scan/W4-wechat-1546-snapshot.md	
wechat-7e4a40080977	vault:processed/微信知识库/宸帆海财会咨询服务/01_会计/2025-07-27 新会计准则下：制造企业账务处理分录.md	新会计准则下：制造企业账务处理分录		K1+K6	locator-only	synthesis/2026-09-12-obsidian-scan/W4-wechat-1546-snapshot.md	
wechat-7e6f0dd0d2a3	vault:processed/微信知识库/木木自由/01_数据分析必备/2021-10-24 【原创】SWOT分析思维的一些基本思考与见解.md	【原创】SWOT分析思维的一些基本思考与见解		K6	locator-only	synthesis/2026-09-12-obsidian-scan/W4-wechat-1546-snapshot.md	
wechat-7e7a4b8db378	vault:processed/微信知识库/木木自由/01_数据分析必备/2023-05-19 漏斗分析、 python学习路径地图、数据科学技能书知识地图、数据安全治理解决方案、AIGC发展研究、经营的本质… 本周精华.md	漏斗分析、 python学习路径地图、数据科学技能书知识地图、数据安全治理解决方案、AIGC发展研究、经营的本质…| 本周精华		K4+K8	locator-only	synthesis/2026-09-12-obsidian-scan/W4-wechat-1546-snapshot.md	
wechat-7eb36a9b6923	vault:processed/微信知识库/木木自由/02_数据说/2020-03-29 【数据说第一期】数据运营与数据分析闲谈.md	【数据说第一期】数据运营与数据分析闲谈		K4+K5+K8	locator-only	synthesis/2026-09-12-obsidian-scan/W4-wechat-1546-snapshot.md	
wechat-7ebc52be4090	vault:processed/微信知识库/木木自由/01_数据分析必备/2024-05-08 收藏 国家数据局局长刘烈宏：数据要素论（附相关资料下载）.md	收藏 | 国家数据局局长刘烈宏：数据要素论（附相关资料下载）		K4+K8	locator-only	synthesis/2026-09-12-obsidian-scan/W4-wechat-1546-snapshot.md	
wechat-7eed705de6eb	vault:processed/微信知识库/木木自由/01_数据分析必备/2025-03-28 财务分析指南（80页 PPT）.md	财务分析指南（80页 PPT）		K2+K4+K8	locator-only	synthesis/2026-09-12-obsidian-scan/W4-wechat-1546-snapshot.md	
wechat-7f60ca9dc23a	vault:processed/微信知识库/木木自由/01_数据分析必备/2023-10-19 经典 36个顶级数据分析方法与模型（附资料下载）.md	经典 | 36个顶级数据分析方法与模型（附资料下载）		K4+K6+K8	locator-only	synthesis/2026-09-12-obsidian-scan/W4-wechat-1546-snapshot.md	
wechat-7fbffa012df4	vault:processed/微信知识库/木木自由/01_数据分析必备/2025-01-13 「如何搭建数据增长体系」，建议收藏！必知的21个分析模型、华为增长法、华为业务增长的流程管理之道···.md	「如何搭建数据增长体系」，建议收藏！必知的21个分析模型、华为增长法、华为业务增长的流程管理之道···		K4+K6	locator-only	synthesis/2026-09-12-obsidian-scan/W4-wechat-1546-snapshot.md	
wechat-7fca577a0748	vault:processed/微信知识库/数据分析不是个事儿/01_数据分析/2024-11-28 这次彻底讲清楚如何实现供应链可视化（附六大应用场景、七大案例）.md	这次彻底讲清楚如何实现供应链可视化（附六大应用场景、七大案例）		K4+K5+K6	locator-only	synthesis/2026-09-12-obsidian-scan/W4-wechat-1546-snapshot.md	
wechat-7fd81f9663f1	vault:processed/微信知识库/木木自由/01_数据分析必备/2023-08-10 收藏 如何进行用户行为分析？思路梳理（附资料下载）.md	收藏 | 如何进行用户行为分析？思路梳理（附资料下载）		K4+K6+K8	locator-only	synthesis/2026-09-12-obsidian-scan/W4-wechat-1546-snapshot.md	
wechat-8013394dbe46	vault:processed/微信知识库/木木自由/02_数据说/2023-11-08 收藏 关于“数据指标”的解读（附各行业数据指标及资料下载）.md	收藏 | 关于“数据指标”的解读（附各行业数据指标及资料下载）		K3+K4+K6+K8	locator-only	synthesis/2026-09-12-obsidian-scan/W4-wechat-1546-snapshot.md	
wechat-80556248127f	vault:processed/微信知识库/数据熊/04_经营分析/2025-02-22 DeepSeek在财务分析中的应用技巧.md	DeepSeek在财务分析中的应用技巧		K2+K3+K4+K6+K8	locator-only	synthesis/2026-09-12-obsidian-scan/W4-wechat-1546-snapshot.md	
wechat-805da82fe1d7	vault:processed/微信知识库/数据熊/04_经营分析/2026-02-15 详解美的集团经营分析体系.md	详解美的集团经营分析体系		K2+K4+K6	locator-only	synthesis/2026-09-12-obsidian-scan/W4-wechat-1546-snapshot.md	
wechat-80f4ea9215c2	vault:processed/微信知识库/宸帆海财会咨询服务/09_税务/2025-07-25 必知！税务处理中的关键临界点.md	必知！税务处理中的关键临界点		K4+K6	locator-only	synthesis/2026-09-12-obsidian-scan/W4-wechat-1546-snapshot.md	
wechat-80f6c724cfba	vault:processed/微信知识库/数据熊/04_经营分析/2025-05-11 核算不够细，就别想做好经营分析.md	核算不够细，就别想做好经营分析		K3+K4+K5+K6+K7	locator-only	synthesis/2026-09-12-obsidian-scan/W4-wechat-1546-snapshot.md	
wechat-812981bdfbf8	vault:processed/微信知识库/宸帆海财会咨询服务/09_税务/2025-02-28 2025最值得收藏！15个股东实缴要点，让公司少走弯路.md	2025最值得收藏！15个股东实缴要点，让公司少走弯路		K4+K6	locator-only	synthesis/2026-09-12-obsidian-scan/W4-wechat-1546-snapshot.md	
wechat-81388bbaa36e	vault:processed/微信知识库/宸帆海财会咨询服务/10_财务/2025-10-14 预算编制6大方法.md	预算编制6大方法		K4+K6+K8	locator-only	synthesis/2026-09-12-obsidian-scan/W4-wechat-1546-snapshot.md	
wechat-81758b79f441	vault:processed/微信知识库/宸帆海财会咨询服务/02_企业所得税/2025-06-10 企业所得税优惠政策（2025最新版）.md	企业所得税优惠政策（2025最新版）		K4+K6	locator-only	synthesis/2026-09-12-obsidian-scan/W4-wechat-1546-snapshot.md	
wechat-817984f39b40	vault:processed/微信知识库/宸帆海财会咨询服务/07_财务报表/2024-05-29 代理记账的⼯作流程有哪些.md	代理记账的⼯作流程有哪些?		K1+K4+K6+K7	locator-only	synthesis/2026-09-12-obsidian-scan/W4-wechat-1546-snapshot.md	
wechat-81c2eaf15fe9	vault:processed/微信知识库/数据分析不是个事儿/01_数据分析/2024-12-30 效率远超Excel的工具，四步轻松搞定对账！.md	效率远超Excel的工具，四步轻松搞定对账！		K4+K6+K7	locator-only	synthesis/2026-09-12-obsidian-scan/W4-wechat-1546-snapshot.md	
wechat-821b51a55ec1	vault:processed/微信知识库/奔向自由的果/01_报表模板与看板/2026-04-02 经营财务核心管控——预算执行与滚动预测管控看板.md	经营财务核心管控——预算执行与滚动预测管控看板		K4+K5+K6	locator-only	synthesis/2026-09-12-obsidian-scan/W4-wechat-1546-snapshot.md	
wechat-823475e821fc	vault:processed/微信知识库/宸帆海财会咨询服务/01_会计/2024-05-14 会计档案的保管期限是多久？.md	会计档案的保管期限是多久？		K6+K7	locator-only	synthesis/2026-09-12-obsidian-scan/W4-wechat-1546-snapshot.md	
wechat-82bf3893ceec	vault:processed/微信知识库/木木自由/01_数据分析必备/2024-09-27 数据指标体系设计方法、应用案例（附相关材料下载）.md	数据指标体系设计方法、应用案例（附相关材料下载）		K4+K5+K6+K8	locator-only	synthesis/2026-09-12-obsidian-scan/W4-wechat-1546-snapshot.md	
wechat-82c7812a177c	vault:processed/微信知识库/宸帆海财会咨询服务/09_税务/2025-08-13 2025年增值税新政策.md	2025年增值税新政策		K4+K8	locator-only	synthesis/2026-09-12-obsidian-scan/W4-wechat-1546-snapshot.md	
wechat-82c9b14097ad	vault:processed/微信知识库/奔向自由的果/03_财务职场进阶/2026-07-23 财务人升职加薪，从来不是靠熬年限：7 个硬技能讲透.md	财务人升职加薪，从来不是靠熬年限：7 个硬技能讲透		K3+K4+K5+K6+K7+K8	locator-only	synthesis/2026-09-12-obsidian-scan/W4-wechat-1546-snapshot.md	
wechat-82dcf7829ed8	vault:processed/微信知识库/宸帆海财会咨询服务/09_税务/2024-12-16 房地产企业财务风险的评估指标有哪些？.md	房地产企业财务风险的评估指标有哪些？		K2+K3+K4+K6+K7	locator-only	synthesis/2026-09-12-obsidian-scan/W4-wechat-1546-snapshot.md	
wechat-82ec6c06b639	vault:processed/微信知识库/木木自由/01_数据分析必备/2023-11-19 企业为什么实施数字化详解.md	企业为什么实施数字化详解		K4+K6+K8	locator-only	synthesis/2026-09-12-obsidian-scan/W4-wechat-1546-snapshot.md	
wechat-831ac29e2119	vault:processed/微信知识库/数据熊/01_财务分析/2025-06-26 波特五力模型与财务指标的对应关系.md	波特五力模型与财务指标的对应关系		K3+K4+K6	locator-only	synthesis/2026-09-12-obsidian-scan/W4-wechat-1546-snapshot.md	
wechat-836de5cd272a	vault:processed/微信知识库/数据熊/02_财务管理/2025-04-04 财务审核合同的七个关键要点.md	财务审核合同的七个关键要点		K1+K4+K6+K7	locator-only	synthesis/2026-09-12-obsidian-scan/W4-wechat-1546-snapshot.md	
wechat-837c6cbb9955	vault:processed/微信知识库/木木自由/02_数据说/2022-10-09 【原创】关于“数据指标”的一些基本思考与见解.md	【原创】关于“数据指标”的一些基本思考与见解		K4+K6+K8	locator-only	synthesis/2026-09-12-obsidian-scan/W4-wechat-1546-snapshot.md	
wechat-838f69e78b7d	vault:processed/微信知识库/奔向自由的果/01_报表模板与看板/2026-08-10 产品标准成本与实际成本差异分析报表.md	产品标准成本与实际成本差异分析报表		K4+K5+K6	locator-only	synthesis/2026-09-12-obsidian-scan/W4-wechat-1546-snapshot.md	
wechat-83d1f77b8f12	vault:processed/微信知识库/木木自由/01_数据分析必备/2020-11-10 数据分析必备——SQL入门基础知识.md	数据分析必备——SQL入门基础知识		K6+K8	locator-only	synthesis/2026-09-12-obsidian-scan/W4-wechat-1546-snapshot.md	
wechat-83d2a0e72e54	vault:processed/微信知识库/数据熊/02_财务管理/2025-04-15 公司估值：关键是逻辑而不是公式（附案例）.md	公司估值：关键是逻辑而不是公式（附案例）		K1+K3+K4+K6	locator-only	synthesis/2026-09-12-obsidian-scan/W4-wechat-1546-snapshot.md	
wechat-83e9a7123adc	vault:processed/微信知识库/木木自由/01_数据分析必备/2023-04-27 精益数字化思想下的降本增效.md	精益数字化思想下的降本增效		K4+K6+K8	locator-only	synthesis/2026-09-12-obsidian-scan/W4-wechat-1546-snapshot.md	
wechat-83fac97d61f5	vault:processed/微信知识库/宸帆海财会咨询服务/01_会计/2025-07-26 干货！办公费报销10大注意事项.md	干货！办公费报销10大注意事项		K4+K6+K7	locator-only	synthesis/2026-09-12-obsidian-scan/W4-wechat-1546-snapshot.md	
wechat-840954ae5afc	vault:processed/微信知识库/木木自由/01_数据分析必备/2024-10-29 数据架构顶层规划：定义、关系、方法与案例（附相关资料下载）.md	数据架构顶层规划：定义、关系、方法与案例（附相关资料下载）		K4+K6+K8	locator-only	synthesis/2026-09-12-obsidian-scan/W4-wechat-1546-snapshot.md	
wechat-8411ba551fd0	vault:processed/微信知识库/木木自由/01_数据分析必备/2023-10-26 数据思维与应用案例分享、商业分析、OSM模型、大数据分析（1-7章 ）、数据分析基础分享讲解（1-6节）··· 本周精华.md	数据思维与应用案例分享、商业分析、OSM模型、大数据分析（1-7章 ）、数据分析基础分享讲解（1-6节）··· | 本周精华		K2+K4+K5+K6+K8	locator-only	synthesis/2026-09-12-obsidian-scan/W4-wechat-1546-snapshot.md	
wechat-843003b84bc4	vault:processed/微信知识库/数据分析不是个事儿/05_入门精选/2020-12-03 数据分析必知必会：七大经典思维详解！.md	数据分析必知必会：七大经典思维详解！		K4	locator-only	synthesis/2026-09-12-obsidian-scan/W4-wechat-1546-snapshot.md	
wechat-8430319bab55	vault:processed/微信知识库/宸帆海财会咨询服务/01_会计/2024-09-06 如何通过新电子税务局缴纳社保费？.md	如何通过新电子税务局缴纳社保费？			locator-only	synthesis/2026-09-12-obsidian-scan/W4-wechat-1546-snapshot.md	
wechat-8474eb69dc27	vault:processed/微信知识库/宸帆海财会咨询服务/06_国际贸易/2025-04-12 财务必看！ 一文掌握报关出口销售额精准算法.md	财务必看！ 一文掌握报关出口销售额精准算法		K6+K8	locator-only	synthesis/2026-09-12-obsidian-scan/W4-wechat-1546-snapshot.md	
wechat-84974e724598	vault:processed/微信知识库/数据熊/01_财务分析/2025-06-22 财务尽职调查：工作流程及审查要点（附案例报告模板）.md	财务尽职调查：工作流程及审查要点（附案例报告模板）		K1+K3+K4+K5+K6	locator-only	synthesis/2026-09-12-obsidian-scan/W4-wechat-1546-snapshot.md	
wechat-849cadba3571	vault:processed/微信知识库/数据熊/01_财务分析/2025-06-14 非财务人员也能看懂的财务指标体系.md	非财务人员也能看懂的财务指标体系		K2+K3+K4+K6	locator-only	synthesis/2026-09-12-obsidian-scan/W4-wechat-1546-snapshot.md	
wechat-84af4499446e	vault:processed/微信知识库/木木自由/01_数据分析必备/2023-03-16 干货 一文搞懂各种架构（业务架构、应用架构、数据架构...）附构架资料参考.md	干货 | 一文搞懂各种架构（业务架构、应用架构、数据架构...）附构架资料参考		K4+K8	locator-only	synthesis/2026-09-12-obsidian-scan/W4-wechat-1546-snapshot.md	
wechat-84b703db6179	vault:processed/微信知识库/宸帆海财会咨询服务/09_税务/2025-04-20 最新！公司注册全流程专业指南（2025版）.md	最新！公司注册全流程专业指南（2025版）		K4+K8	locator-only	synthesis/2026-09-12-obsidian-scan/W4-wechat-1546-snapshot.md	
wechat-84b71098d87d	vault:processed/微信知识库/数据熊/02_财务管理/2026-07-06 2026年上半年财务总监工作总结.pptx.md	2026年上半年财务总监工作总结.pptx			locator-only	synthesis/2026-09-12-obsidian-scan/W4-wechat-1546-snapshot.md	
wechat-84b816757224	vault:processed/微信知识库/木木自由/07_数据分析/2020-12-31 【2020最后一天】改变、相遇、未来可期.md	【2020最后一天】改变、相遇、未来可期		K4+K5+K8	locator-only	synthesis/2026-09-12-obsidian-scan/W4-wechat-1546-snapshot.md	
wechat-84f042546ddb	vault:processed/微信知识库/数据熊/02_财务管理/2025-07-17 应收账款：六大风险点与对策.md	应收账款：六大风险点与对策		K1+K4+K6+K7+K8	locator-only	synthesis/2026-09-12-obsidian-scan/W4-wechat-1546-snapshot.md	
wechat-850de854cb8c	vault:processed/微信知识库/数据分析不是个事儿/01_数据分析/2025-04-07 电商盈利能力怎么看？附四步法挖掘潜在利润增长点！.md	电商盈利能力怎么看？附四步法挖掘潜在利润增长点！		K2+K4+K6	locator-only	synthesis/2026-09-12-obsidian-scan/W4-wechat-1546-snapshot.md	
wechat-850f537f107f	vault:processed/微信知识库/宸帆海财会咨询服务/03_出口退税/2024-12-26 外贸出口企业会计分录大全！！！.md	外贸出口企业会计分录大全！！！		K1+K6	locator-only	synthesis/2026-09-12-obsidian-scan/W4-wechat-1546-snapshot.md	
wechat-8514d3bb5d7c	vault:processed/微信知识库/宸帆海财会咨询服务/02_企业所得税/2024-04-09 企业所得税的征收对象和范围主要包括哪几个方面.md	企业所得税的征收对象和范围主要包括哪几个方面?		K4	locator-only	synthesis/2026-09-12-obsidian-scan/W4-wechat-1546-snapshot.md	
wechat-851788a37e0a	vault:processed/微信知识库/木木自由/03_小飞象交流会/2022-09-25 拆解商业分析模型 , 打造业务分析胜任力.md	拆解商业分析模型 , 打造业务分析胜任力		K4+K8	locator-only	synthesis/2026-09-12-obsidian-scan/W4-wechat-1546-snapshot.md	
wechat-85d0a86bc560	vault:processed/微信知识库/木木自由/01_数据分析必备/2023-04-21 什么是指标？附搭建案例、ChatGPT相关报告、数据中台 技术解决方案（92页）、数据治理方案（632页）… 本周精华.md	什么是指标？附搭建案例、ChatGPT相关报告、数据中台/技术解决方案（92页）、数据治理方案（632页）…| 本周精华		K4+K5+K6+K8	locator-only	synthesis/2026-09-12-obsidian-scan/W4-wechat-1546-snapshot.md	
wechat-85e325ab702d	vault:processed/微信知识库/木木自由/01_数据分析必备/2024-08-26 如何编制一套数据治理+中台+资产入表+平台+可视化&实践&案例（附应用案例、70+个方案等材料下载）.md	如何编制一套数据治理+中台+资产入表+平台+可视化&实践&案例（附应用案例、70+个方案等材料下载）		K4+K5+K7+K8	locator-only	synthesis/2026-09-12-obsidian-scan/W4-wechat-1546-snapshot.md	
wechat-860f8a6b63d2	vault:processed/微信知识库/木木自由/01_数据分析必备/2023-06-28 经典 总结：数据分析规范（附资料下载）.md	经典 | 总结：数据分析规范（附资料下载）		K4+K6	locator-only	synthesis/2026-09-12-obsidian-scan/W4-wechat-1546-snapshot.md	
wechat-86312f5753c1	vault:processed/微信知识库/宸帆海财会咨询服务/07_财务报表/2025-03-07 别再盲目记账！30个管理费用明细科目全解析.md	别再盲目记账！30个管理费用明细科目全解析		K1+K4+K6+K7	locator-only	synthesis/2026-09-12-obsidian-scan/W4-wechat-1546-snapshot.md	
wechat-866ccb386a5b	vault:processed/微信知识库/数据熊/04_经营分析/2025-12-05 做好经营分析，先要看懂三大财务报表.md	做好经营分析，先要看懂三大财务报表		K4+K6	locator-only	synthesis/2026-09-12-obsidian-scan/W4-wechat-1546-snapshot.md	
wechat-86a89c5d25d9	vault:processed/微信知识库/宸帆海财会咨询服务/09_税务/2025-09-04 税局要的“证据链”.md	税局要的“证据链”		K4+K6	locator-only	synthesis/2026-09-12-obsidian-scan/W4-wechat-1546-snapshot.md	
wechat-86cea5f95ade	vault:processed/微信知识库/数据分析不是个事儿/01_数据分析/2025-03-06 Excel高阶技巧与动态图表实战指南（下）！.md	Excel高阶技巧与动态图表实战指南（下）！		K4+K5+K8	locator-only	synthesis/2026-09-12-obsidian-scan/W4-wechat-1546-snapshot.md	
wechat-870ac67d3e82	vault:processed/微信知识库/木木自由/01_数据分析必备/2024-09-07 经营分析、成本分析、竞品分析、商品数据分析、销售分析、BI项目案例、行业数据治理、企业数据资产入表、公共数据治理··· 本周精华.md	经营分析、成本分析、竞品分析、商品数据分析、销售分析、BI项目案例、行业数据治理、企业数据资产入表、公共数据治理···|本周精华		K4+K6+K7+K8	locator-only	synthesis/2026-09-12-obsidian-scan/W4-wechat-1546-snapshot.md	
wechat-8710dffe7c2d	vault:processed/微信知识库/宸帆海财会咨询服务/03_出口退税/2026-01-09 出口退税操作指南（2026最新）.md	出口退税操作指南（2026最新）		K4	locator-only	synthesis/2026-09-12-obsidian-scan/W4-wechat-1546-snapshot.md	
wechat-874c01a9e09b	vault:processed/微信知识库/宸帆海财会咨询服务/02_企业所得税/2025-02-27 必知！25个财务报表分析核心公式.md	必知！25个财务报表分析核心公式		K3+K4+K6	locator-only	synthesis/2026-09-12-obsidian-scan/W4-wechat-1546-snapshot.md	
wechat-87a744cc8c84	vault:processed/微信知识库/奔向自由的果/02_图解经营分析/【图解财务干货】从“算账”到“赚钱”：什么是真正的经营分析？.md	【图解财务干货】从“算账”到“赚钱”：什么是真正的经营分析？		K4	locator-only	synthesis/2026-09-12-obsidian-scan/W4-wechat-1546-snapshot.md	
wechat-87af376727f7	vault:processed/微信知识库/数据熊/04_经营分析/2026-03-27 2026年1季度经营分析报告.md	2026年1季度经营分析报告		K4+K6	locator-only	synthesis/2026-09-12-obsidian-scan/W4-wechat-1546-snapshot.md	
wechat-87c80a4b5ed1	vault:processed/微信知识库/木木自由/01_数据分析必备/2024-11-20 数据安全指南：数据管理方法论、场景化大数据管理顶层架构设计、落地实践··（附相关资料下载）.md	数据安全指南：数据管理方法论、场景化大数据管理顶层架构设计、落地实践··（附相关资料下载）		K4+K8	locator-only	synthesis/2026-09-12-obsidian-scan/W4-wechat-1546-snapshot.md	
wechat-87de0f39909c	vault:processed/微信知识库/宸帆海财会咨询服务/10_财务/2025-05-09 超实用！财会工作中常用的50个公式.md	超实用！财会工作中常用的50个公式		K3+K4+K6+K8	locator-only	synthesis/2026-09-12-obsidian-scan/W4-wechat-1546-snapshot.md	
wechat-8808b5b3fc5b	vault:processed/微信知识库/奔向自由的果/02_图解经营分析/【财务预算管理干货图解】从“要钱”到“赚钱”：如何用全面预算让公司多赚钱？.md	【财务预算管理干货图解】从“要钱”到“赚钱”：如何用全面预算让公司多赚钱？		K4+K6	locator-only	synthesis/2026-09-12-obsidian-scan/W4-wechat-1546-snapshot.md	
wechat-88f2d9810b32	vault:processed/微信知识库/木木自由/01_数据分析必备/2025-03-21 商业分析工具：战略分析与规划工具(精品)附商业模型大全337页PPT下载.md	商业分析工具：战略分析与规划工具(精品)附商业模型大全337页PPT下载		K4+K8	locator-only	synthesis/2026-09-12-obsidian-scan/W4-wechat-1546-snapshot.md	
wechat-8977821192c9	vault:processed/微信知识库/数据熊/02_财务管理/2025-05-16 融资方案，这样设计更专业（附PPT模板）.md	融资方案，这样设计更专业（附PPT模板）		K1+K3+K4+K5+K6	locator-only	synthesis/2026-09-12-obsidian-scan/W4-wechat-1546-snapshot.md	
wechat-897aa2fd8314	vault:processed/微信知识库/奔向自由的果/01_报表模板与看板/2026-09-03 资金授权 与 审批权限分级管理 制度文件.md	资金授权 与 审批权限分级管理 制度文件		K5	locator-only	synthesis/2026-09-12-obsidian-scan/W4-wechat-1546-snapshot.md	
wechat-89a5ad96f295	vault:processed/微信知识库/木木自由/07_数据分析/2024-03-07 数据要素行业深度报告：新型生产要素，新增长引擎【66页 附下载】.md	数据要素行业深度报告：新型生产要素，新增长引擎【66页 附下载】		K4+K5	locator-only	synthesis/2026-09-12-obsidian-scan/W4-wechat-1546-snapshot.md	
wechat-89af0af0eef3	vault:processed/微信知识库/数据分析不是个事儿/01_数据分析/2024-09-07 人事数据分析入门篇：这是我见过最牛的员工离职分析模板，直接套用！.md	人事数据分析入门篇：这是我见过最牛的员工离职分析模板，直接套用！		K4+K5+K6	locator-only	synthesis/2026-09-12-obsidian-scan/W4-wechat-1546-snapshot.md	
wechat-89e96c30b69b	vault:processed/微信知识库/宸帆海财会咨询服务/04_汇算清缴/2025-03-13 别错过！2024个税汇算30问，多退少补就现在.md	别错过！2024个税汇算30问，多退少补就现在		K4+K6+K7	locator-only	synthesis/2026-09-12-obsidian-scan/W4-wechat-1546-snapshot.md	
wechat-89f88c712457	vault:processed/微信知识库/宸帆海财会咨询服务/01_会计/2025-10-17 成本会计必知工作流程.md	成本会计必知工作流程		K1+K3+K4+K6	locator-only	synthesis/2026-09-12-obsidian-scan/W4-wechat-1546-snapshot.md	
wechat-8a65f2b85632	vault:processed/微信知识库/木木自由/01_数据分析必备/2025-04-22 《财务分析之应收账款分析指南》：关键指标、分析维度、基本思路与企业管理应用.md	《财务分析之应收账款分析指南》：关键指标、分析维度、基本思路与企业管理应用		K2+K3+K4+K6+K7	locator-only	synthesis/2026-09-12-obsidian-scan/W4-wechat-1546-snapshot.md	
wechat-8a73181434a6	vault:processed/微信知识库/木木自由/01_数据分析必备/2024-05-09 财务分析模型：杜邦财务分析、盈亏平衡分析、财务报表分析···等模型【51页 附下载】.md	财务分析模型：杜邦财务分析、盈亏平衡分析、财务报表分析···等模型【51页  附下载】		K2+K4+K6+K7+K8	locator-only	synthesis/2026-09-12-obsidian-scan/W4-wechat-1546-snapshot.md	
wechat-8ab7711c6915	vault:processed/微信知识库/木木自由/01_数据分析必备/2024-12-19 数据资产管理学习指南：实操宝典、管理制度、知识地图···成就数据价值.md	数据资产管理学习指南：实操宝典、管理制度、知识地图···成就数据价值		K4+K6+K8	locator-only	synthesis/2026-09-12-obsidian-scan/W4-wechat-1546-snapshot.md	
wechat-8ac4eb0d1897	vault:processed/微信知识库/木木自由/01_数据分析必备/2021-06-13 【原创】互联网行业数据分析通识（中）.md	【原创】互联网行业数据分析通识（中）		K4+K6+K8	locator-only	synthesis/2026-09-12-obsidian-scan/W4-wechat-1546-snapshot.md	
wechat-8ad361c7f855	vault:processed/微信知识库/奔向自由的果/02_图解经营分析/【财务经营分析干货图解】从管全局到盯关键：经营分析实战指南.md	【财务经营分析干货图解】从管全局到盯关键：经营分析实战指南		K3+K4+K6	locator-only	synthesis/2026-09-12-obsidian-scan/W4-wechat-1546-snapshot.md	
wechat-8af68ebfdad3	vault:processed/微信知识库/宸帆海财会咨询服务/03_出口退税/2025-04-19 划重点！外贸企业出口退税全流程.md	划重点！外贸企业出口退税全流程		K4+K7+K8	locator-only	synthesis/2026-09-12-obsidian-scan/W4-wechat-1546-snapshot.md	
wechat-8b2389059d08	vault:processed/微信知识库/数据熊/01_财务分析/2025-05-30 净赚109亿元，京东集团2025年1季度财报拆解.md	净赚109亿元，京东集团2025年1季度财报拆解		K1+K2+K3+K4+K6+K8	locator-only	synthesis/2026-09-12-obsidian-scan/W4-wechat-1546-snapshot.md	
wechat-8b74eec337fb	vault:processed/微信知识库/木木自由/02_数据说/2021-10-31 如何通过数据分析提升新用户激活.md	如何通过数据分析提升新用户激活		K4+K6	locator-only	synthesis/2026-09-12-obsidian-scan/W4-wechat-1546-snapshot.md	
wechat-8bb60bd3ffc8	vault:processed/微信知识库/奔向自由的果/02_图解经营分析/【图解财务】经营分析的核心：经营分析的“问题拆解术”.md	【图解财务】经营分析的核心：经营分析的“问题拆解术”		K4	locator-only	synthesis/2026-09-12-obsidian-scan/W4-wechat-1546-snapshot.md	
wechat-8bdf0fe7af07	vault:processed/微信知识库/奔向自由的果/01_报表模板与看板/2026-04-20 财务报表分析—月度结账全流程进度监控看板（PPT+EXCEL看板）.md	财务报表分析—月度结账全流程进度监控看板（PPT+EXCEL看板）		K4+K5	locator-only	synthesis/2026-09-12-obsidian-scan/W4-wechat-1546-snapshot.md	
wechat-8be5278a9f05	vault:processed/微信知识库/木木自由/01_数据分析必备/2024-09-04 成本分析怎么做？都包含什么，分析什么？ 成本分析体系、思路、分析方法···（附相关材料下载）.md	成本分析怎么做？都包含什么，分析什么？ 成本分析体系、思路、分析方法···（附相关材料下载）		K4+K6+K8	locator-only	synthesis/2026-09-12-obsidian-scan/W4-wechat-1546-snapshot.md	
wechat-8c0523d567e9	vault:processed/微信知识库/宸帆海财会咨询服务/03_出口退税/2025-04-03 速看！新政发布，财务必知的应征税出口核心要点.md	速看！新政发布，财务必知的应征税出口核心要点		K6	locator-only	synthesis/2026-09-12-obsidian-scan/W4-wechat-1546-snapshot.md	
wechat-8c136a25b2a4	vault:processed/微信知识库/宸帆海财会咨询服务/01_会计/2025-04-14 必藏！公转私20种安全操作，远离税务风险.md	必藏！公转私20种安全操作，远离税务风险		K4+K6	locator-only	synthesis/2026-09-12-obsidian-scan/W4-wechat-1546-snapshot.md	
wechat-8c3479d28887	vault:processed/微信知识库/宸帆海财会咨询服务/09_税务/2025-02-19 别让财税漏洞拖垮企业！一文读懂合规经营的核心策略.md	别让财税漏洞拖垮企业！一文读懂合规经营的核心策略		K4+K6	locator-only	synthesis/2026-09-12-obsidian-scan/W4-wechat-1546-snapshot.md	
wechat-8c3f648d4b5d	vault:processed/微信知识库/数据分析不是个事儿/01_数据分析/2024-10-30 这次彻底把指标体系讲清楚了！.md	这次彻底把指标体系讲清楚了！		K4+K6	locator-only	synthesis/2026-09-12-obsidian-scan/W4-wechat-1546-snapshot.md	
wechat-8c418a958f9c	vault:processed/微信知识库/数据熊/02_财务管理/2025-01-23 成本管控的底层逻辑——如何从“节流”到“创效”.md	成本管控的底层逻辑——如何从“节流”到“创效”		K2+K4+K6	locator-only	synthesis/2026-09-12-obsidian-scan/W4-wechat-1546-snapshot.md	
wechat-8c54c8c46703	vault:processed/微信知识库/数研复盘狮/2026-08-30 8月毛利润与净利润分析报告 （第二版）.md	8月毛利润与净利润分析报告  （第二版）		K2+K4+K6	locator-only	synthesis/2026-09-12-obsidian-scan/W4-wechat-1546-snapshot.md	
wechat-8ceec0985f5c	vault:processed/微信知识库/数据分析不是个事儿/01_数据分析/2024-11-04 最全的电商数据分析指标体系详解！再不收藏就来不及了！.md	最全的电商数据分析指标体系详解！再不收藏就来不及了！		K4+K6	locator-only	synthesis/2026-09-12-obsidian-scan/W4-wechat-1546-snapshot.md	
wechat-8d1fec146096	vault:processed/微信知识库/数据熊/02_财务管理/2026-04-06 2026年1季度财务工作总结.pptx.md	2026年1季度财务工作总结.pptx		K4+K5+K6	locator-only	synthesis/2026-09-12-obsidian-scan/W4-wechat-1546-snapshot.md	
wechat-8d22a24b4697	vault:processed/微信知识库/数据分析不是个事儿/01_数据分析/2024-10-09 一文教会小白上手财务分析！.md	一文教会小白上手财务分析！		K1+K2+K4+K5+K6	locator-only	synthesis/2026-09-12-obsidian-scan/W4-wechat-1546-snapshot.md	
wechat-8d47777bc0fe	vault:processed/微信知识库/宸帆海财会咨询服务/09_税务/2025-04-04 别再心存侥幸！2025税务稽查来袭，7步自查保平安.md	别再心存侥幸！2025税务稽查来袭，7步自查保平安		K4+K6+K7	locator-only	synthesis/2026-09-12-obsidian-scan/W4-wechat-1546-snapshot.md	
wechat-8d65b5052085	vault:processed/微信知识库/奔向自由的果/03_财务职场进阶/2025-11-30 “业财融合”或许是个伪命题.md	“业财融合”或许是个伪命题		K3+K4+K6+K7	locator-only	synthesis/2026-09-12-obsidian-scan/W4-wechat-1546-snapshot.md	
wechat-8d723542a7a1	vault:processed/微信知识库/宸帆海财会咨询服务/04_汇算清缴/2025-05-05 必知！企业所得税汇算清缴常用27组会计分录.md	必知！企业所得税汇算清缴常用27组会计分录		K1+K6	locator-only	synthesis/2026-09-12-obsidian-scan/W4-wechat-1546-snapshot.md	
wechat-8daa069ae767	vault:processed/微信知识库/数据分析不是个事儿/01_数据分析/2025-04-02 你还不会看直播数据 千万级电商操盘手都在用的流量转化秘诀！.md	你还不会看直播数据?千万级电商操盘手都在用的流量转化秘诀！		K2+K4	locator-only	synthesis/2026-09-12-obsidian-scan/W4-wechat-1546-snapshot.md	
wechat-8db7e02c90c6	vault:processed/微信知识库/奔向自由的果/01_报表模板与看板/2026-07-25 财务经营分析报表看板—成本费用明细与管控分析报表.md	财务经营分析报表看板—成本费用明细与管控分析报表		K4+K5+K6+K7	locator-only	synthesis/2026-09-12-obsidian-scan/W4-wechat-1546-snapshot.md	
wechat-8dbcdc8028ff	vault:processed/微信知识库/木木自由/01_数据分析必备/2025-02-25 「财务分析指标大全，从公式到实战核心指标解析与应用指南」财务核心指标全流程解析与应用场景（含 Excel 计算模板）.md	「财务分析指标大全，从公式到实战核心指标解析与应用指南」财务核心指标全流程解析与应用场景（含 Excel 计算模板）		K2+K3+K4+K6+K7+K8	locator-only	synthesis/2026-09-12-obsidian-scan/W4-wechat-1546-snapshot.md	
wechat-8dc38e4c1373	vault:processed/微信知识库/数据分析不是个事儿/01_数据分析/2025-01-17 最全的电商数据分析指标体系详解！再不收藏就来不及了！.md	最全的电商数据分析指标体系详解！再不收藏就来不及了！		K4+K6+K7	locator-only	synthesis/2026-09-12-obsidian-scan/W4-wechat-1546-snapshot.md	
wechat-8ddb39fa3bd8	vault:processed/微信知识库/宸帆海财会咨询服务/07_财务报表/2024-10-16 财务数据分析的指标主要有哪些？.md	财务数据分析的指标主要有哪些？		K1+K2+K3+K4+K6	locator-only	synthesis/2026-09-12-obsidian-scan/W4-wechat-1546-snapshot.md	
wechat-8e066178985c	vault:processed/微信知识库/数据分析不是个事儿/04_数据分析师/2025-06-17 零基础入行数据分析：如何用1年实现月薪5万？.md	零基础入行数据分析：如何用1年实现月薪5万？		K4+K5+K6	locator-only	synthesis/2026-09-12-obsidian-scan/W4-wechat-1546-snapshot.md	
wechat-8e1424d9aec5	vault:processed/微信知识库/数据熊/04_经营分析/2025-11-19 从 0 到 1 搭建经营分析体系（附实操手册）.md	从 0 到 1 搭建经营分析体系（附实操手册）		K4+K5	locator-only	synthesis/2026-09-12-obsidian-scan/W4-wechat-1546-snapshot.md	
wechat-8e19d191b78b	vault:processed/微信知识库/数据分析不是个事儿/01_数据分析/2025-01-16 竞品分析怎么做？总结7个常用的竞品分析模型！.md	竞品分析怎么做？总结7个常用的竞品分析模型！		K4+K5	locator-only	synthesis/2026-09-12-obsidian-scan/W4-wechat-1546-snapshot.md	
wechat-8e25db48f9cf	vault:processed/微信知识库/宸帆海财会咨询服务/01_会计/2024-05-16 新式代账与传统代账的对比优势有哪些？.md	新式代账与传统代账的对比优势有哪些？		K4+K6+K8	locator-only	synthesis/2026-09-12-obsidian-scan/W4-wechat-1546-snapshot.md	
wechat-8ee9c5046240	vault:processed/微信知识库/木木自由/01_数据分析必备/2025-03-18 战略管理分析工具汇总（116页 PPT）.md	战略管理分析工具汇总（116页 PPT）		K4+K8	locator-only	synthesis/2026-09-12-obsidian-scan/W4-wechat-1546-snapshot.md	
wechat-8f03b172b500	vault:processed/微信知识库/奔向自由的果/02_图解经营分析/【财务资金管理干货图解】资金预算的资源整合：这套预算法让你的企业 钱够花、花得值.md	"【财务资金管理干货图解】资金预算的资源整合：这套预算法让你的企业""钱够花、花得值"		K4+K6+K8	locator-only	synthesis/2026-09-12-obsidian-scan/W4-wechat-1546-snapshot.md	
wechat-8f05a38dbd7e	vault:processed/微信知识库/木木自由/01_数据分析必备/2024-04-18 经营分析：经营预测分析指南（包括销售预测、成本预测、利润预测以及资金需求量预测···）【51页 附下载】.md	经营分析：经营预测分析指南（包括销售预测、成本预测、利润预测以及资金需求量预测···）【51页  附下载】		K1+K2+K4+K6+K8	locator-only	synthesis/2026-09-12-obsidian-scan/W4-wechat-1546-snapshot.md	
wechat-8f10a7bd5064	vault:processed/微信知识库/木木自由/01_数据分析必备/2025-03-11 《电商行业数据治理指南》：抖音、快手、阿里等电商行业数据治理案例····.md	《电商行业数据治理指南》：抖音、快手、阿里等电商行业数据治理案例····		K4+K6+K8	locator-only	synthesis/2026-09-12-obsidian-scan/W4-wechat-1546-snapshot.md	
wechat-8f13dc72c1cb	vault:processed/微信知识库/木木自由/01_数据分析必备/2023-10-09 干货 8个必知必会的统计学基础概念，让你的数据分析更“精准”！（附资料下载）.md	干货 | 8个必知必会的统计学基础概念，让你的数据分析更“精准”！（附资料下载）		K4+K5+K8	locator-only	synthesis/2026-09-12-obsidian-scan/W4-wechat-1546-snapshot.md	
wechat-8f47fcc3e1b7	vault:processed/微信知识库/宸帆海财会咨询服务/01_会计/2025-01-18 企业工商年报操作指南！.md	企业工商年报操作指南！		K1+K4+K6+K7+K8	locator-only	synthesis/2026-09-12-obsidian-scan/W4-wechat-1546-snapshot.md	
wechat-8f76d9a5b3b4	vault:processed/微信知识库/宸帆海财会咨询服务/01_会计/2025-03-21 速看！2024年度个税汇算退税失败的10大原因.md	速看！2024年度个税汇算退税失败的10大原因		K6	locator-only	synthesis/2026-09-12-obsidian-scan/W4-wechat-1546-snapshot.md	
wechat-8f89ab837267	vault:processed/微信知识库/数据熊/2026-08-19 2026年7月生产运营分析报告.pptx.md	2026年7月生产运营分析报告.pptx		K4	locator-only	synthesis/2026-09-12-obsidian-scan/W4-wechat-1546-snapshot.md	
wechat-8f9e05ee3961	vault:processed/微信知识库/数据熊/04_经营分析/2025-12-03 经营分析，要先到一线，再回到数据.md	经营分析，要先到一线，再回到数据		K4+K6	locator-only	synthesis/2026-09-12-obsidian-scan/W4-wechat-1546-snapshot.md	
wechat-8fa44a4559e4	vault:processed/微信知识库/木木自由/01_数据分析必备/2025-02-27 《构建电商数据指标体系指南》：电商数据分析最全ppt全套学习教程最新（333页 PPT）.md	《构建电商数据指标体系指南》：电商数据分析最全ppt全套学习教程最新（333页 PPT）		K4+K8	locator-only	synthesis/2026-09-12-obsidian-scan/W4-wechat-1546-snapshot.md	
wechat-8fc1085d259a	vault:processed/微信知识库/数据熊/04_经营分析/2025-12-28 经营分析报告，要交付的不是数据，而是决策.md	经营分析报告，要交付的不是数据，而是决策		K4+K6	locator-only	synthesis/2026-09-12-obsidian-scan/W4-wechat-1546-snapshot.md	
wechat-8fc9a4867de7	vault:processed/微信知识库/数据分析不是个事儿/01_数据分析/2025-11-28 数据分析流程不清？一图理清这六大核心环节！.md	数据分析流程不清？一图理清这六大核心环节！		K2+K4	locator-only	synthesis/2026-09-12-obsidian-scan/W4-wechat-1546-snapshot.md	
wechat-900148b90e4d	vault:processed/微信知识库/木木自由/01_数据分析必备/2024-04-20 第一性原理、结构化思维、经营分析会 经营预测分析指南、财务分析 机器学习 数据分类分级指南、AI大模型研究框架··· 本周精华.md	第一性原理、结构化思维、经营分析会/经营预测分析指南、财务分析/机器学习/数据分类分级指南、AI大模型研究框架···| 本周精华		K4+K6+K7+K8	locator-only	synthesis/2026-09-12-obsidian-scan/W4-wechat-1546-snapshot.md	
wechat-9019d53dd93c	vault:processed/微信知识库/奔向自由的果/02_图解经营分析/【图解财务管理】从0到1搭建成本核算体系：成本核算的“人、制度、数据”三要素解析.md	【图解财务管理】从0到1搭建成本核算体系：成本核算的“人、制度、数据”三要素解析		K4+K6	locator-only	synthesis/2026-09-12-obsidian-scan/W4-wechat-1546-snapshot.md	
wechat-90282029bafd	vault:processed/微信知识库/数据熊/02_财务管理/2025-06-17 财务岗位-日常任务工作流程清单.xlsx.md	财务岗位-日常任务工作流程清单.xlsx		K1+K4+K5+K6+K8	locator-only	synthesis/2026-09-12-obsidian-scan/W4-wechat-1546-snapshot.md	
wechat-9039f535d1ac	vault:processed/微信知识库/木木自由/01_数据分析必备/2024-12-24 制造业数据分析指南：最全制造业数据指标体系、制造业分析思路、制造业数据架构设计、制造业数据治理···.md	制造业数据分析指南：最全制造业数据指标体系、制造业分析思路、制造业数据架构设计、制造业数据治理···		K4+K6+K8	locator-only	synthesis/2026-09-12-obsidian-scan/W4-wechat-1546-snapshot.md	
wechat-905fb127573b	vault:processed/微信知识库/数据熊/02_财务管理/2025-03-21 预算的关键从来不是准不准确.md	预算的关键从来不是准不准确		K1+K4+K6	locator-only	synthesis/2026-09-12-obsidian-scan/W4-wechat-1546-snapshot.md	
wechat-90a753dcdff2	vault:processed/微信知识库/木木自由/01_数据分析必备/2021-10-10 【原创】描述性分析思维的一些基本思路与见解.md	【原创】描述性分析思维的一些基本思路与见解		K2+K4+K5	locator-only	synthesis/2026-09-12-obsidian-scan/W4-wechat-1546-snapshot.md	
wechat-90b19a4cc176	vault:processed/微信知识库/木木自由/07_数据分析/2025-05-06 财务分析看结果，经营分析看动因 — 企业双维分析体系的核心区别与内在联系.md	财务分析看结果，经营分析看动因 — 企业双维分析体系的核心区别与内在联系		K2+K3+K4+K6+K7+K8	locator-only	synthesis/2026-09-12-obsidian-scan/W4-wechat-1546-snapshot.md	
wechat-90cd32f5339f	vault:processed/微信知识库/奔向自由的果/01_报表模板与看板/2026-08-26 财务报表分析管理总则（纲领性文件，明确分析定位与价值）.md	财务报表分析管理总则（纲领性文件，明确分析定位与价值）		K4+K5+K7	locator-only	synthesis/2026-09-12-obsidian-scan/W4-wechat-1546-snapshot.md	
wechat-90daf0020f3c	vault:processed/微信知识库/数据熊/02_财务管理/2025-06-01 财务共享，到底在共享什么？.md	财务共享，到底在共享什么？		K2+K3+K6	locator-only	synthesis/2026-09-12-obsidian-scan/W4-wechat-1546-snapshot.md	
wechat-90f1f07d013a	vault:processed/微信知识库/数据熊/04_经营分析/2026-02-10 2026年经营计划模板.md	2026年经营计划模板		K4+K5	locator-only	synthesis/2026-09-12-obsidian-scan/W4-wechat-1546-snapshot.md	
wechat-90f7bd1efb8a	vault:processed/微信知识库/木木自由/07_数据分析/2024-06-13 数据分析工具基础指南：Python、Tableau、SAS和R···【67页 附下载】.md	数据分析工具基础指南：Python、Tableau、SAS和R···【67页 附下载】		K4+K5+K8	locator-only	synthesis/2026-09-12-obsidian-scan/W4-wechat-1546-snapshot.md	
wechat-90fc86c8b7dd	vault:processed/微信知识库/数据熊/02_财务管理/2025-05-08 八项规定下，业务招待费审核细则.md	八项规定下，业务招待费审核细则		K1+K4+K5+K6+K8	locator-only	synthesis/2026-09-12-obsidian-scan/W4-wechat-1546-snapshot.md	
wechat-912fe1eca83b	vault:processed/微信知识库/奔向自由的果/02_图解经营分析/如何分析一家企业的资产负债表.md	如何分析一家企业的资产负债表		K1+K4	locator-only	synthesis/2026-09-12-obsidian-scan/W4-wechat-1546-snapshot.md	
wechat-918a7bfd2f38	vault:processed/微信知识库/宸帆海财会咨询服务/09_税务/2026-07-09 财务人应具备的10种能力.md	财务人应具备的10种能力		K1+K4+K6+K7	locator-only	synthesis/2026-09-12-obsidian-scan/W4-wechat-1546-snapshot.md	
wechat-91e7a2f90c33	vault:processed/微信知识库/木木自由/01_数据分析必备/2025-03-24 《描述性分析学习指南》：数据世界的“开胃菜”，哪些指标、主要方法、基本思路···.md	《描述性分析学习指南》：数据世界的“开胃菜”，哪些指标、主要方法、基本思路···		K2+K4+K5+K8	locator-only	synthesis/2026-09-12-obsidian-scan/W4-wechat-1546-snapshot.md	
wechat-924d7aee6069	vault:processed/微信知识库/木木自由/01_数据分析必备/2024-12-02 数据治理经典案例 埃x哲：大型央企数字化转型数据治理企业架构建设案例分享（附110页数据之道相关资料下载）.md	数据治理经典案例 | 埃x哲：大型央企数字化转型数据治理企业架构建设案例分享（附110页数据之道相关资料下载）		K4+K8	locator-only	synthesis/2026-09-12-obsidian-scan/W4-wechat-1546-snapshot.md	
wechat-92b332378cf7	vault:processed/微信知识库/数据熊/01_财务分析/2026-04-26 2026年4月财务分析报告.md	2026年4月财务分析报告			locator-only	synthesis/2026-09-12-obsidian-scan/W4-wechat-1546-snapshot.md	
wechat-92b85c3f343b	vault:processed/微信知识库/宸帆海财会咨询服务/09_税务/2025-08-30 劳务报酬税收筹划的6种方法.md	劳务报酬税收筹划的6种方法		K4+K6	locator-only	synthesis/2026-09-12-obsidian-scan/W4-wechat-1546-snapshot.md	
wechat-92e55f92161c	vault:processed/微信知识库/木木自由/01_数据分析必备/2025-04-18 《企业指标设计方法指南》.md	《企业指标设计方法指南》		K4+K8	locator-only	synthesis/2026-09-12-obsidian-scan/W4-wechat-1546-snapshot.md	
wechat-92f1c43612d1	vault:processed/微信知识库/宸帆海财会咨询服务/06_国际贸易/2024-11-05 做Shopee跨境电商需要多少资金？.md	做Shopee跨境电商需要多少资金？		K4+K6	locator-only	synthesis/2026-09-12-obsidian-scan/W4-wechat-1546-snapshot.md	
wechat-9328ae969e45	vault:processed/微信知识库/宸帆海财会咨询服务/02_企业所得税/2025-03-04 别等被罚才重视！企业所得税汇算清缴风险全解析.md	别等被罚才重视！企业所得税汇算清缴风险全解析		K4+K6	locator-only	synthesis/2026-09-12-obsidian-scan/W4-wechat-1546-snapshot.md	
wechat-9386bac24792	vault:processed/微信知识库/宸帆海财会咨询服务/01_会计/2024-09-20 业务招待费在企业所得税汇算清缴时如何进行纳税调整？.md	业务招待费在企业所得税汇算清缴时如何进行纳税调整？		K1+K4+K6	locator-only	synthesis/2026-09-12-obsidian-scan/W4-wechat-1546-snapshot.md	
wechat-93bb97d82f2c	vault:processed/微信知识库/数据熊/04_经营分析/2025-03-07 不会AI的财务，5年后会怎样？.md	不会AI的财务，5年后会怎样？		K4+K5+K6+K8	locator-only	synthesis/2026-09-12-obsidian-scan/W4-wechat-1546-snapshot.md	
wechat-93c3d950ae9e	vault:processed/微信知识库/数据熊/02_财务管理/2025-07-01 上半年财务工作总结模板（附PPT模板）.md	上半年财务工作总结模板（附PPT模板）		K3+K4+K6+K7+K8	locator-only	synthesis/2026-09-12-obsidian-scan/W4-wechat-1546-snapshot.md	
wechat-9435587147e1	vault:processed/微信知识库/宸帆海财会咨询服务/01_会计/2025-09-18 成本核算常用公式（15个）.md	成本核算常用公式（15个）		K4+K6	locator-only	synthesis/2026-09-12-obsidian-scan/W4-wechat-1546-snapshot.md	
wechat-946d752c8e91	vault:processed/微信知识库/奔向自由的果/03_财务职场进阶/2025-12-16 财务高手的6大特征--超越记账，财务高手的角色蜕变.md	财务高手的6大特征--超越记账，财务高手的角色蜕变		K4+K6+K8	locator-only	synthesis/2026-09-12-obsidian-scan/W4-wechat-1546-snapshot.md	
wechat-947c78f2ac7f	vault:processed/微信知识库/奔向自由的果/01_报表模板与看板/2026-06-30 2026 年上半 年财务BP岗位 年中总结及EXCEL可视化报表.md	2026 年上半 年财务BP岗位 年中总结及EXCEL可视化报表		K4+K5	locator-only	synthesis/2026-09-12-obsidian-scan/W4-wechat-1546-snapshot.md	
wechat-9496bcd934e1	vault:processed/微信知识库/数据分析不是个事儿/05_入门精选/2020-12-01 “连数据透视表都不会做，我要你有什么用？”.md	“连数据透视表都不会做，我要你有什么用？”			locator-only	synthesis/2026-09-12-obsidian-scan/W4-wechat-1546-snapshot.md	
wechat-94b4cda5be8c	vault:processed/微信知识库/木木自由/01_数据分析必备/2024-08-15 全面认识数据要素（附相关材料下载）.md	全面认识数据要素（附相关材料下载）		K4+K6+K8	locator-only	synthesis/2026-09-12-obsidian-scan/W4-wechat-1546-snapshot.md	
wechat-94e39752069d	vault:processed/微信知识库/宸帆海财会咨询服务/09_税务/2025-03-28 收藏！公司注册地址全解析.md	收藏！公司注册地址全解析		K4+K6	locator-only	synthesis/2026-09-12-obsidian-scan/W4-wechat-1546-snapshot.md	
wechat-95a0ef1bf26d	vault:processed/微信知识库/数据熊/01_财务分析/2026-06-05 2026年5月费用分析报告.md	2026年5月费用分析报告		K4+K6	locator-only	synthesis/2026-09-12-obsidian-scan/W4-wechat-1546-snapshot.md	
wechat-95b9e7ac326d	vault:processed/微信知识库/宸帆海财会咨询服务/02_企业所得税/2025-03-29 速看！企业财务必须精通的六大税种.md	速看！企业财务必须精通的六大税种		K4+K6+K7	locator-only	synthesis/2026-09-12-obsidian-scan/W4-wechat-1546-snapshot.md	
wechat-95db279b1898	vault:processed/微信知识库/宸帆海财会咨询服务/01_会计/2024-07-03 融资租赁与经营租赁的区别有哪些？.md	融资租赁与经营租赁的区别有哪些？		K4+K6+K7	locator-only	synthesis/2026-09-12-obsidian-scan/W4-wechat-1546-snapshot.md	
wechat-95f3157d1e20	vault:processed/微信知识库/数据熊/03_财务报表/2025-06-08 合并报表步骤详解：含案例详解，建议收藏.md	合并报表步骤详解：含案例详解，建议收藏		K1+K4+K6	locator-only	synthesis/2026-09-12-obsidian-scan/W4-wechat-1546-snapshot.md	
wechat-96181c6ec9b2	vault:processed/微信知识库/数据分析不是个事儿/04_数据分析师/2024-01-03 为什么数据分析师需要函数？这篇文章带你读懂全部内涵！.md	为什么数据分析师需要函数？这篇文章带你读懂全部内涵！		K4+K5	locator-only	synthesis/2026-09-12-obsidian-scan/W4-wechat-1546-snapshot.md	
wechat-96277534a6e6	vault:processed/微信知识库/数据熊/02_财务管理/2025-07-20 库存管理，结构才是问题所在.md	库存管理，结构才是问题所在		K2+K3+K4+K6+K7	locator-only	synthesis/2026-09-12-obsidian-scan/W4-wechat-1546-snapshot.md	
wechat-96435232d380	vault:processed/微信知识库/数据熊/04_经营分析/2026-01-29 2025年经营分析报告（第四版）.md	2025年经营分析报告（第四版）		K4+K6	locator-only	synthesis/2026-09-12-obsidian-scan/W4-wechat-1546-snapshot.md	
wechat-964be98ce51d	vault:processed/微信知识库/数据熊/04_经营分析/2024-11-08 经营分析会，这几件事一定要吵明白.md	经营分析会，这几件事一定要吵明白		K1+K4+K6	locator-only	synthesis/2026-09-12-obsidian-scan/W4-wechat-1546-snapshot.md	
wechat-970c09828d42	vault:processed/微信知识库/木木自由/01_数据分析必备/2022-01-16 【人物访谈·02期】关于对数据分析前辈的一次行业探讨.md	【人物访谈·02期】关于对数据分析前辈的一次行业探讨		K4+K6+K8	locator-only	synthesis/2026-09-12-obsidian-scan/W4-wechat-1546-snapshot.md	
wechat-9740bb572651	vault:processed/微信知识库/木木自由/01_数据分析必备/2025-03-24 如何搭建数据增长体系(38页 PPT).md	如何搭建数据增长体系(38页 PPT)		K4+K8	locator-only	synthesis/2026-09-12-obsidian-scan/W4-wechat-1546-snapshot.md	
wechat-9750025665a1	vault:processed/微信知识库/木木自由/01_数据分析必备/2023-08-30 收藏 数据分析常用的方法汇总梳理（附资料下载）.md	收藏 | 数据分析常用的方法汇总梳理（附资料下载）		K4+K5+K6+K8	locator-only	synthesis/2026-09-12-obsidian-scan/W4-wechat-1546-snapshot.md	
wechat-9754a3b10564	vault:processed/微信知识库/数据熊/05_货币资金/2026-02-02 手搓一个“动态资金看板”（可下载）.md	手搓一个“动态资金看板”（可下载）		K2+K4+K5+K6	locator-only	synthesis/2026-09-12-obsidian-scan/W4-wechat-1546-snapshot.md	
wechat-97fa2d7e7bfd	vault:processed/微信知识库/木木自由/01_数据分析必备/2024-07-30 大厂实操 美团数据指标体系搭建实例（附资相关材料下载）.md	大厂实操 | 美团数据指标体系搭建实例（附资相关材料下载）		K3+K4+K6	locator-only	synthesis/2026-09-12-obsidian-scan/W4-wechat-1546-snapshot.md	
wechat-983c273710e6	vault:processed/微信知识库/宸帆海财会咨询服务/01_会计/2024-07-11 小微企业申请留抵退税的操作流程是怎样的？.md	小微企业申请留抵退税的操作流程是怎样的？		K4+K8	locator-only	synthesis/2026-09-12-obsidian-scan/W4-wechat-1546-snapshot.md	
wechat-9887786fbc7b	vault:processed/微信知识库/数据熊/04_经营分析/2026-02-20 2025年经营分析报告（第三版）.md	2025年经营分析报告（第三版）		K4+K6	locator-only	synthesis/2026-09-12-obsidian-scan/W4-wechat-1546-snapshot.md	
wechat-989260dc46fc	vault:processed/微信知识库/木木自由/01_数据分析必备/2024-09-06 证券行业如何进行数据治理？现状、目标、解决方案、实施步骤···（附相关材料下载）.md	证券行业如何进行数据治理？现状、目标、解决方案、实施步骤···（附相关材料下载）		K4+K8	locator-only	synthesis/2026-09-12-obsidian-scan/W4-wechat-1546-snapshot.md	
wechat-98a13de9e990	vault:processed/微信知识库/奔向自由的果/01_报表模板与看板/2026-08-04 财务内部控制基本规范（纲领性文件，统领所有内控制度）.md	财务内部控制基本规范（纲领性文件，统领所有内控制度）		K5	locator-only	synthesis/2026-09-12-obsidian-scan/W4-wechat-1546-snapshot.md	
wechat-98c63765bd53	vault:processed/微信知识库/木木自由/01_数据分析必备/2024-05-23 零售行业数据分析指南：思路、指标、方法与应用【196页 附下载】.md	零售行业数据分析指南：思路、指标、方法与应用【196页  附下载】		K4+K6+K8	locator-only	synthesis/2026-09-12-obsidian-scan/W4-wechat-1546-snapshot.md	
wechat-98cdb99898f9	vault:processed/微信知识库/宸帆海财会咨询服务/01_会计/2025-10-20 财务人必学的勾稽关系.md	财务人必学的勾稽关系		K1+K4+K6	locator-only	synthesis/2026-09-12-obsidian-scan/W4-wechat-1546-snapshot.md	
wechat-98e741b0ceae	vault:processed/微信知识库/宸帆海财会咨询服务/01_会计/2025-02-23 从新手到行家！30个财务系统名词，快速搭建专业知识框架.md	从新手到行家！30个财务系统名词，快速搭建专业知识框架		K1+K2+K4+K6+K7	locator-only	synthesis/2026-09-12-obsidian-scan/W4-wechat-1546-snapshot.md	
wechat-9917048793e2	vault:processed/微信知识库/数据熊/04_经营分析/2026-04-07 2026年1季度经营分析报告.md	2026年1季度经营分析报告		K4	locator-only	synthesis/2026-09-12-obsidian-scan/W4-wechat-1546-snapshot.md	
wechat-993daeccb345	vault:processed/微信知识库/木木自由/01_数据分析必备/2025-04-03 数据治理整体规划指南（56页 PPT）.md	数据治理整体规划指南（56页 PPT）		K4+K8	locator-only	synthesis/2026-09-12-obsidian-scan/W4-wechat-1546-snapshot.md	
wechat-9947d9afe0f1	vault:processed/微信知识库/数据分析不是个事儿/01_数据分析/2025-01-02 销售运营分析报告怎么做？以服装行业为例.md	销售运营分析报告怎么做？以服装行业为例		K3+K4+K5+K6	locator-only	synthesis/2026-09-12-obsidian-scan/W4-wechat-1546-snapshot.md	
wechat-9962c40ae5be	vault:processed/微信知识库/木木自由/07_数据分析/2024-01-25 收藏 商业分析应该怎么做？一篇文章把思维思路及入门、发展说清楚了（附133页商业模型大全PPT及商业分析56讲材料下载）.md	收藏 | 商业分析应该怎么做？一篇文章把思维思路及入门、发展说清楚了（附133页商业模型大全PPT及商业分析56讲材料下载）		K4+K6+K8	locator-only	synthesis/2026-09-12-obsidian-scan/W4-wechat-1546-snapshot.md	
wechat-99a50d32f2ca	vault:processed/微信知识库/数据分析不是个事儿/05_入门精选/2020-11-26 数据分析面试被刷后，后悔没早点会学会这些SQL知识！.md	数据分析面试被刷后，后悔没早点会学会这些SQL知识！		K8	locator-only	synthesis/2026-09-12-obsidian-scan/W4-wechat-1546-snapshot.md	
wechat-99e4277818ed	vault:processed/微信知识库/数据熊/01_财务分析/2025-04-11 经营分析会，这几件事一定要吵明白.md	经营分析会，这几件事一定要吵明白		K1+K4+K6+K7	locator-only	synthesis/2026-09-12-obsidian-scan/W4-wechat-1546-snapshot.md	
wechat-99f14a65a63d	vault:processed/微信知识库/数据熊/01_财务分析/2025-10-11 2025年三季度财务分析报告 PPT 模板.md	2025年三季度财务分析报告 PPT 模板		K3+K4+K5+K6	locator-only	synthesis/2026-09-12-obsidian-scan/W4-wechat-1546-snapshot.md	
wechat-9a34cb0cb9f3	vault:processed/微信知识库/数据熊/01_财务分析/2025-11-03 智能财务分析报告：一键生成精美看板.md	智能财务分析报告：一键生成精美看板		K5	locator-only	synthesis/2026-09-12-obsidian-scan/W4-wechat-1546-snapshot.md	
wechat-9a65ddccd765	vault:processed/微信知识库/宸帆海财会咨询服务/02_企业所得税/2025-03-04 收藏！一篇搞定公司注销财务难题.md	收藏！一篇搞定公司注销财务难题		K1+K2+K4+K6+K7	locator-only	synthesis/2026-09-12-obsidian-scan/W4-wechat-1546-snapshot.md	
wechat-9a857c40c2ed	vault:processed/微信知识库/木木自由/01_数据分析必备/2024-10-12 一文详解企业数字化转型数字生态全生命周期数据中台：构建数据资产价值体系（附相关解决方案材料下载）.md	一文详解企业数字化转型数字生态全生命周期数据中台：构建数据资产价值体系（附相关解决方案材料下载）		K4+K5+K8	locator-only	synthesis/2026-09-12-obsidian-scan/W4-wechat-1546-snapshot.md	
wechat-9a9ae8c4c7b5	vault:processed/微信知识库/木木自由/01_数据分析必备/2025-04-16 常见财务分析模型（97页 PPT）.md	常见财务分析模型（97页 PPT）		K2+K4+K6+K8	locator-only	synthesis/2026-09-12-obsidian-scan/W4-wechat-1546-snapshot.md	
wechat-9aa4b59c103f	vault:processed/微信知识库/宸帆海财会咨询服务/01_会计/2025-09-13 会计常见问题汇总.md	会计常见问题汇总		K1+K6	locator-only	synthesis/2026-09-12-obsidian-scan/W4-wechat-1546-snapshot.md	
wechat-9aac3844c9c8	vault:processed/微信知识库/木木自由/01_数据分析必备/2020-11-26 从这份报告，我读出了数据从业者的局限与未来.md	从这份报告，我读出了数据从业者的局限与未来		K4+K6+K8	locator-only	synthesis/2026-09-12-obsidian-scan/W4-wechat-1546-snapshot.md	
wechat-9b2bd2b9a4f7	vault:processed/微信知识库/数据熊/01_财务分析/2025-05-18 财务人，如何提升逻辑思维能力.md	财务人，如何提升逻辑思维能力		K1+K3+K4+K6	locator-only	synthesis/2026-09-12-obsidian-scan/W4-wechat-1546-snapshot.md	
wechat-9b4069346920	vault:processed/微信知识库/木木自由/01_数据分析必备/2024-10-30 财务分析 26个主要财务指标及参考标准值（附财务指标解析、体系建立、分析思路···相关资料下载）.md	财务分析 | 26个主要财务指标及参考标准值（附财务指标解析、体系建立、分析思路···相关资料下载）		K1+K2+K3+K4+K6+K7+K8	locator-only	synthesis/2026-09-12-obsidian-scan/W4-wechat-1546-snapshot.md	
wechat-9b71a28ee95a	vault:processed/微信知识库/木木自由/01_数据分析必备/2024-08-16 2024食品与餐饮连锁企业数字化增长指引参考【192页 附下载】.md	2024食品与餐饮连锁企业数字化增长指引参考【192页  附下载】		K4+K6+K8	locator-only	synthesis/2026-09-12-obsidian-scan/W4-wechat-1546-snapshot.md	
wechat-9bf06b33307d	vault:processed/微信知识库/宸帆海财会咨询服务/03_出口退税/2025-02-15 干货！外贸企业税务收入确认时间及案例.md	干货！外贸企业税务收入确认时间及案例		K4+K6	locator-only	synthesis/2026-09-12-obsidian-scan/W4-wechat-1546-snapshot.md	
wechat-9c8fbf311d42	vault:processed/微信知识库/奔向自由的果/02_图解经营分析/【财务成本管控干货图解】成本会计新手必看：5步教你材料费科学分配.md	【财务成本管控干货图解】成本会计新手必看：5步教你材料费科学分配		K1+K4+K6	locator-only	synthesis/2026-09-12-obsidian-scan/W4-wechat-1546-snapshot.md	
wechat-9ccc2430ac9c	vault:processed/微信知识库/数据熊/01_财务分析/2025-06-24 做好业财融合的4个关键动作.md	做好业财融合的4个关键动作		K1+K3+K4+K5+K6+K7	locator-only	synthesis/2026-09-12-obsidian-scan/W4-wechat-1546-snapshot.md	
wechat-9ce1d94dd34e	vault:processed/微信知识库/木木自由/02_数据说/2021-08-29 【原创】数据分析是行业，还是技能？（上）.md	【原创】数据分析是行业，还是技能？（上）		K4+K5+K6+K8	locator-only	synthesis/2026-09-12-obsidian-scan/W4-wechat-1546-snapshot.md	
wechat-9d2919c71b5f	vault:processed/微信知识库/数据熊/04_经营分析/2025-05-17 财务和会计的区别.md	财务和会计的区别		K1+K3+K4+K5+K6	locator-only	synthesis/2026-09-12-obsidian-scan/W4-wechat-1546-snapshot.md	
wechat-9d43b108e6b7	vault:processed/微信知识库/数据熊/01_财务分析/2026-09-01 2026年8月财务分析报告.md	2026年8月财务分析报告			locator-only	synthesis/2026-09-12-obsidian-scan/W4-wechat-1546-snapshot.md	
wechat-9d75d51e1b86	vault:processed/微信知识库/宸帆海财会咨询服务/02_企业所得税/2025-03-11 财务必看！企业汇算清缴超详细申报指南.md	财务必看！企业汇算清缴超详细申报指南		K1+K4+K6+K8	locator-only	synthesis/2026-09-12-obsidian-scan/W4-wechat-1546-snapshot.md	
wechat-9da734a1c917	vault:processed/微信知识库/奔向自由的果/03_财务职场进阶/2025-10-23 财务人必看：如何打造不可替代的核心竞争力？.md	财务人必看：如何打造不可替代的核心竞争力？		K3+K4+K5+K6	locator-only	synthesis/2026-09-12-obsidian-scan/W4-wechat-1546-snapshot.md	
wechat-9e4dd5acc7f1	vault:processed/微信知识库/数据熊/04_经营分析/2026-01-19 从0到1搭建经营分析体系.md	从0到1搭建经营分析体系		K4+K5+K6	locator-only	synthesis/2026-09-12-obsidian-scan/W4-wechat-1546-snapshot.md	
wechat-9e624dd77121	vault:processed/微信知识库/木木自由/01_数据分析必备/2024-09-02 销售数据分析怎么做？用好这5个数据分析方法与模型（附相关材料下载）.md	销售数据分析怎么做？用好这5个数据分析方法与模型（附相关材料下载）		K4+K8	locator-only	synthesis/2026-09-12-obsidian-scan/W4-wechat-1546-snapshot.md	
wechat-9e6c5284d2cf	vault:processed/微信知识库/数据分析不是个事儿/01_数据分析/2024-07-18 电商分析实战篇：手把手教你搭建「抖音运营驾驶舱」看板，附模板.md	电商分析实战篇：手把手教你搭建「抖音运营驾驶舱」看板，附模板		K3+K4+K5+K6	locator-only	synthesis/2026-09-12-obsidian-scan/W4-wechat-1546-snapshot.md	
wechat-9f202b7404f6	vault:processed/微信知识库/木木自由/01_数据分析必备/2024-03-23 机器学习、数据治理指南、人人都能学会的数据分析13讲、数据运营全流程手册116页SQL指南及案例、战略规划指南··· 本周精华.md	机器学习、数据治理指南、人人都能学会的数据分析13讲、数据运营全流程手册116页SQL指南及案例、战略规划指南···| 本周精华		K4+K5+K8	locator-only	synthesis/2026-09-12-obsidian-scan/W4-wechat-1546-snapshot.md	
wechat-9f2b45a24ce2	vault:processed/微信知识库/数据熊/02_财务管理/2024-12-30 财务为企业创造价值的五种方式.md	财务为企业创造价值的五种方式		K2+K3+K4+K6	locator-only	synthesis/2026-09-12-obsidian-scan/W4-wechat-1546-snapshot.md	
wechat-9f378f66b3e6	vault:processed/微信知识库/数据熊/04_经营分析/2025-11-28 经营分析，别写做了财务分析.md	经营分析，别写做了财务分析		K3+K4+K6	locator-only	synthesis/2026-09-12-obsidian-scan/W4-wechat-1546-snapshot.md	
wechat-9f3d527934b3	vault:processed/微信知识库/数据分析不是个事儿/01_数据分析/2024-06-04 电商销售数据分析怎么做？BI大神带你拆解一步步思路.md	电商销售数据分析怎么做？BI大神带你拆解一步步思路		K4+K5	locator-only	synthesis/2026-09-12-obsidian-scan/W4-wechat-1546-snapshot.md	
wechat-9f413af6a776	vault:processed/微信知识库/木木自由/01_数据分析必备/2025-03-11 收藏！「网店数据分析指南」：网店经营分析及指标体系、网店数据分析方法、网店客户数据分析、网店转化率数据分析、网店运营管理指南··.md	收藏！「网店数据分析指南」：网店经营分析及指标体系、网店数据分析方法、网店客户数据分析、网店转化率数据分析、网店运营管理指南··		K4+K6+K8	locator-only	synthesis/2026-09-12-obsidian-scan/W4-wechat-1546-snapshot.md	
wechat-9f79631b6944	vault:processed/微信知识库/数据熊/02_财务管理/2026-01-15 2025年应收账款分析模型（附Excel模板）.md	2025年应收账款分析模型（附Excel模板）		K2+K4+K6	locator-only	synthesis/2026-09-12-obsidian-scan/W4-wechat-1546-snapshot.md	
wechat-9f85a77f3bcd	vault:processed/微信知识库/宸帆海财会咨询服务/01_会计/2024-08-26 在工作中，常用的 Excel 函数有哪些？.md	在工作中，常用的 Excel 函数有哪些？		K8	locator-only	synthesis/2026-09-12-obsidian-scan/W4-wechat-1546-snapshot.md	
wechat-9fa563e2537f	vault:processed/微信知识库/木木自由/07_数据分析/2024-02-06 思维 底层思维框架梳理，提升分析能力（附167页PPT麦肯锡管理咨询顾问逻辑思维材料下载）.md	思维 | 底层思维框架梳理，提升分析能力（附167页PPT麦肯锡管理咨询顾问逻辑思维材料下载）		K4+K6	locator-only	synthesis/2026-09-12-obsidian-scan/W4-wechat-1546-snapshot.md	
wechat-9fa6879f1f25	vault:processed/微信知识库/数据熊/02_财务管理/2025-04-14 资产负债表，真的很简单！.md	资产负债表，真的很简单！		K1+K4+K6	locator-only	synthesis/2026-09-12-obsidian-scan/W4-wechat-1546-snapshot.md	
wechat-9fd1cc7db921	vault:processed/微信知识库/奔向自由的果/02_图解经营分析/【图解财务干货】成本人员如何正确划分支出和费用的界限？.md	【图解财务干货】成本人员如何正确划分支出和费用的界限？		K4+K6	locator-only	synthesis/2026-09-12-obsidian-scan/W4-wechat-1546-snapshot.md	
wechat-a00d75559c86	vault:processed/微信知识库/木木自由/07_数据分析/2023-11-13 干货 数据分析的基础：做好数据埋点（附埋点体系搭建方法相关资料下载）.md	干货 | 数据分析的基础：做好数据埋点（附埋点体系搭建方法相关资料下载）		K4+K8	locator-only	synthesis/2026-09-12-obsidian-scan/W4-wechat-1546-snapshot.md	
wechat-a083628c5b51	vault:processed/微信知识库/数据熊/04_经营分析/2025-06-30 总经理年中述职报告PPT模板.md	总经理年中述职报告PPT模板		K3+K4+K5+K6	locator-only	synthesis/2026-09-12-obsidian-scan/W4-wechat-1546-snapshot.md	
wechat-a0c497c41062	vault:processed/微信知识库/木木自由/02_数据说/2021-09-12 数据分析师如何用项目管理推进业务.md	数据分析师如何用项目管理推进业务		K4+K8	locator-only	synthesis/2026-09-12-obsidian-scan/W4-wechat-1546-snapshot.md	
wechat-a0e1f5244e50	vault:processed/微信知识库/木木自由/01_数据分析必备/2024-12-26 「数据治理全攻略」，建议收藏！数据治理体系、实施案例、组织架构、质量治理、安全治理、全生命周期治理···.md	「数据治理全攻略」，建议收藏！数据治理体系、实施案例、组织架构、质量治理、安全治理、全生命周期治理···		K4+K8	locator-only	synthesis/2026-09-12-obsidian-scan/W4-wechat-1546-snapshot.md	
wechat-a127c215efef	vault:processed/微信知识库/木木自由/01_数据分析必备/2024-09-19 指标管理：方法论、指标体系梳理、实践指南、管理规范···（附 PPT 可编辑下载）.md	指标管理：方法论、指标体系梳理、实践指南、管理规范···（附 PPT 可编辑下载）		K4+K5+K6+K8	locator-only	synthesis/2026-09-12-obsidian-scan/W4-wechat-1546-snapshot.md	
wechat-a1a6eab06537	vault:processed/微信知识库/宸帆海财会咨询服务/02_企业所得税/2025-03-09 别再懵了！一文搞懂增值税与企业所得税收入差异.md	别再懵了！一文搞懂增值税与企业所得税收入差异		K1+K6	locator-only	synthesis/2026-09-12-obsidian-scan/W4-wechat-1546-snapshot.md	
wechat-a1c3a7ad15df	vault:processed/微信知识库/数据熊/05_货币资金/2025-11-17 资金缺口测算：五大模型及案例（附Excel模板）.md	资金缺口测算：五大模型及案例（附Excel模板）		K1+K5+K8	locator-only	synthesis/2026-09-12-obsidian-scan/W4-wechat-1546-snapshot.md	
wechat-a1c881222d7e	vault:processed/微信知识库/木木自由/01_数据分析必备/2025-03-06 数据治理与数据指标库规划指南（54页 PPT）.md	数据治理与数据指标库规划指南（54页 PPT）		K4+K8	locator-only	synthesis/2026-09-12-obsidian-scan/W4-wechat-1546-snapshot.md	
wechat-a1d01788e590	vault:processed/微信知识库/数据分析不是个事儿/04_数据分析师/2026-02-27 数据BP的出路到底在哪？.md	数据BP的出路到底在哪？		K4+K6	locator-only	synthesis/2026-09-12-obsidian-scan/W4-wechat-1546-snapshot.md	
wechat-a20e4992a2fa	vault:processed/微信知识库/数据熊/05_货币资金/2025-12-27 资金缺口测算：五大模型及案例（附excel模板）.md	资金缺口测算：五大模型及案例（附excel模板）		K3+K4+K6+K7+K8	locator-only	synthesis/2026-09-12-obsidian-scan/W4-wechat-1546-snapshot.md	
wechat-a25b176d98b3	vault:processed/微信知识库/木木自由/01_数据分析必备/2022-01-10 【原创】对数据挖掘基本概念的一些梳理.md	【原创】对数据挖掘基本概念的一些梳理		K4+K8	locator-only	synthesis/2026-09-12-obsidian-scan/W4-wechat-1546-snapshot.md	
wechat-a25f78b22200	vault:processed/微信知识库/数据熊/04_经营分析/2026-02-25 2026年1月经营分析报告（案例）.md	2026年1月经营分析报告（案例）		K4+K6	locator-only	synthesis/2026-09-12-obsidian-scan/W4-wechat-1546-snapshot.md	
wechat-a283d9aad07b	vault:processed/微信知识库/奔向自由的果/01_报表模板与看板/2026-05-30 财务预算分析：预算执行进度跟踪报表.md	财务预算分析：预算执行进度跟踪报表		K4+K5+K6	locator-only	synthesis/2026-09-12-obsidian-scan/W4-wechat-1546-snapshot.md	
wechat-a2903c7fb2a3	vault:processed/微信知识库/木木自由/01_数据分析必备/2024-12-16 经营分析4大框架‍体系：指标体系、经营分析会体系、报告体系、监督体系···.md	经营分析4大框架‍体系：指标体系、经营分析会体系、报告体系、监督体系···		K1+K2+K4+K6+K7+K8	locator-only	synthesis/2026-09-12-obsidian-scan/W4-wechat-1546-snapshot.md	
wechat-a2c57fa2ff53	vault:processed/微信知识库/宸帆海财会咨询服务/08_财务管理/2025-03-15 财务人速看！“六税两费”减免优惠全解析.md	财务人速看！“六税两费”减免优惠全解析		K4+K6+K7	locator-only	synthesis/2026-09-12-obsidian-scan/W4-wechat-1546-snapshot.md	
wechat-a376a8ec27c4	vault:processed/微信知识库/奔向自由的果/03_财务职场进阶/2026-06-27 会计核算岗位年中总结怎么写？七个岗位，一套“准稳快省改”框架讲透.md	会计核算岗位年中总结怎么写？七个岗位，一套“准稳快省改”框架讲透		K4+K6	locator-only	synthesis/2026-09-12-obsidian-scan/W4-wechat-1546-snapshot.md	
wechat-a39e8cfb1bb6	vault:processed/微信知识库/数据熊/02_财务管理/2026-05-07 数据熊 财务分析驾驶舱.md	数据熊 | 财务分析驾驶舱		K4+K5	locator-only	synthesis/2026-09-12-obsidian-scan/W4-wechat-1546-snapshot.md	
wechat-a3c79ce8fe30	vault:processed/微信知识库/木木自由/02_数据说/2023-11-29 收藏 如何着手数据指标异常分析？（附数据异常监控模板及相关资料下载）.md	收藏 | 如何着手数据指标异常分析？（附数据异常监控模板及相关资料下载）		K2+K4+K5+K8	locator-only	synthesis/2026-09-12-obsidian-scan/W4-wechat-1546-snapshot.md	
wechat-a3dd1942f601	vault:processed/微信知识库/数据熊/01_财务分析/2026-04-21 财务分析报告，这样写更有价值（附财务分析报告.pptx）.md	财务分析报告，这样写更有价值（附财务分析报告.pptx）		K2+K4+K6	locator-only	synthesis/2026-09-12-obsidian-scan/W4-wechat-1546-snapshot.md	
wechat-a3f38ee2284a	vault:processed/微信知识库/数据分析不是个事儿/01_数据分析/2025-12-08 想学数据分析？其实你每天都在用数据分析思维.md	想学数据分析？其实你每天都在用数据分析思维		K4+K6	locator-only	synthesis/2026-09-12-obsidian-scan/W4-wechat-1546-snapshot.md	
wechat-a4195cd76ee6	vault:processed/微信知识库/奔向自由的果/01_报表模板与看板/2026-06-10 财务成本分析：成本费用管控-偏差分析报表.md	财务成本分析：成本费用管控-偏差分析报表		K4+K5+K6+K7	locator-only	synthesis/2026-09-12-obsidian-scan/W4-wechat-1546-snapshot.md	
wechat-a42add84ab46	vault:processed/微信知识库/木木自由/01_数据分析必备/2025-02-17 「财务指标体系及分析指南」建议收藏，财务分析的基本步骤与方法、财务指标分析体系、财务分析六大体系···.md	「财务指标体系及分析指南」建议收藏，财务分析的基本步骤与方法、财务指标分析体系、财务分析六大体系···		K2+K3+K4+K6+K7+K8	locator-only	synthesis/2026-09-12-obsidian-scan/W4-wechat-1546-snapshot.md	
wechat-a42ebb2f6149	vault:processed/微信知识库/数据熊/04_经营分析/2026-02-12 做好经营分析的10个关键点.md	做好经营分析的10个关键点		K4+K5+K6	locator-only	synthesis/2026-09-12-obsidian-scan/W4-wechat-1546-snapshot.md	
wechat-a4870cf79c4d	vault:processed/微信知识库/奔向自由的果/01_报表模板与看板/2026-03-29 财务分析-应收账款深度分析与优化策略模板.md	财务分析-应收账款深度分析与优化策略模板		K4+K5+K6	locator-only	synthesis/2026-09-12-obsidian-scan/W4-wechat-1546-snapshot.md	
wechat-a50dce17add9	vault:processed/微信知识库/数据分析不是个事儿/01_数据分析/2025-04-14 财务人转型必看：从基础核算到战略决策的转型指南.md	财务人转型必看：从基础核算到战略决策的转型指南		K4+K6+K8	locator-only	synthesis/2026-09-12-obsidian-scan/W4-wechat-1546-snapshot.md	
wechat-a51170130860	vault:processed/微信知识库/木木自由/01_数据分析必备/2020-12-31 从0-1构建用户画像数据分析流程.md	从0-1构建用户画像数据分析流程		K4+K5+K8	locator-only	synthesis/2026-09-12-obsidian-scan/W4-wechat-1546-snapshot.md	
wechat-a53a86562e38	vault:processed/微信知识库/木木自由/07_数据分析/2020-11-18 建议收藏 极简SaaS创业手册.md	[建议收藏]极简SaaS创业手册		K4+K6+K8	locator-only	synthesis/2026-09-12-obsidian-scan/W4-wechat-1546-snapshot.md	
wechat-a5549532f521	vault:processed/微信知识库/数据分析不是个事儿/03_模型/2024-01-12 实战篇：基于RFM模型的用户价值分析.md	实战篇：基于RFM模型的用户价值分析		K4+K6	locator-only	synthesis/2026-09-12-obsidian-scan/W4-wechat-1546-snapshot.md	
wechat-a564698d12dc	vault:processed/微信知识库/宸帆海财会咨询服务/01_会计/2025-08-25 会计调账的5种方法.md	会计调账的5种方法		K1+K6	locator-only	synthesis/2026-09-12-obsidian-scan/W4-wechat-1546-snapshot.md	
wechat-a5fe78416f1e	vault:processed/微信知识库/木木自由/01_数据分析必备/2020-12-10 数据分析必备——概率论基础知识 (2).md	数据分析必备——概率论基础知识		K4+K6+K8	locator-only	synthesis/2026-09-12-obsidian-scan/W4-wechat-1546-snapshot.md	
wechat-a629f052fd15	vault:processed/微信知识库/宸帆海财会咨询服务/07_财务报表/2025-02-23 必看！11种外贸成交方式收入确认全解析.md	必看！11种外贸成交方式收入确认全解析		K6+K7	locator-only	synthesis/2026-09-12-obsidian-scan/W4-wechat-1546-snapshot.md	
wechat-a677688ebdea	vault:processed/微信知识库/数据分析不是个事儿/01_数据分析/2024-04-02 门店销售分析进阶篇：如何用数据分析验证品类策略调整的有效性？.md	门店销售分析进阶篇：如何用数据分析验证品类策略调整的有效性？		K4+K5	locator-only	synthesis/2026-09-12-obsidian-scan/W4-wechat-1546-snapshot.md	
wechat-a69085eab727	vault:processed/微信知识库/奔向自由的果/01_报表模板与看板/2026-07-05 2026 年 总账会计岗 年中工作总结看板报告.md	2026 年 总账会计岗 年中工作总结看板报告		K4+K5	locator-only	synthesis/2026-09-12-obsidian-scan/W4-wechat-1546-snapshot.md	
wechat-a6999e0f58eb	vault:processed/微信知识库/木木自由/01_数据分析必备/2020-11-15 带你用数据分析看透美国总统大选.md	带你用数据分析看透美国总统大选		K4+K6+K8	locator-only	synthesis/2026-09-12-obsidian-scan/W4-wechat-1546-snapshot.md	
wechat-a6e2caf8cbbc	vault:processed/微信知识库/木木自由/01_数据分析必备/2025-04-10 《数据中台建设指南》：集团数据中台应用技术方案、企业级数据中台技术规范、数据中台架构规划方案···.md	《数据中台建设指南》：集团数据中台应用技术方案、企业级数据中台技术规范、数据中台架构规划方案···		K2+K4+K8	locator-only	synthesis/2026-09-12-obsidian-scan/W4-wechat-1546-snapshot.md	
wechat-a6e2ec35b2ef	vault:processed/微信知识库/木木自由/01_数据分析必备/2025-01-02 「数据资产和数据管理发展趋势」，建议收藏！数据管理体系、数据资产实操宝典、管理制度、知识地图···.md	「数据资产和数据管理发展趋势」，建议收藏！数据管理体系、数据资产实操宝典、管理制度、知识地图···		K4+K5+K6+K8	locator-only	synthesis/2026-09-12-obsidian-scan/W4-wechat-1546-snapshot.md	
wechat-a6ef58d88ed2	vault:processed/微信知识库/木木自由/01_数据分析必备/2020-09-22 数据分析必备——统计学入门基础知识.md	数据分析必备——统计学入门基础知识		K4+K6	locator-only	synthesis/2026-09-12-obsidian-scan/W4-wechat-1546-snapshot.md	
wechat-a6ef691b75c3	vault:processed/微信知识库/木木自由/01_数据分析必备/2025-02-14 「如何制定年度经营计划&预算指南」全攻略来了！经营计划和预算编制流程、案例和模版、全面预算及经营计划表目录模板、差异分析···.md	「如何制定年度经营计划&预算指南」全攻略来了！经营计划和预算编制流程、案例和模版、全面预算及经营计划表目录模板、差异分析···		K4+K6+K8	locator-only	synthesis/2026-09-12-obsidian-scan/W4-wechat-1546-snapshot.md	
wechat-a729b46e5d48	vault:processed/微信知识库/宸帆海财会咨询服务/03_出口退税/2025-04-03 出口退税政策全解析，一文读懂关键要点！.md	出口退税政策全解析，一文读懂关键要点！		K4+K6	locator-only	synthesis/2026-09-12-obsidian-scan/W4-wechat-1546-snapshot.md	
wechat-a74c5fbaed84	vault:processed/微信知识库/木木自由/01_数据分析必备/2025-01-20 经营分析方法和思路指南：经营管理SWOT分析法、经营分析和预警、经营盈利能力分析、经营模型···.md	经营分析方法和思路指南：经营管理SWOT分析法、经营分析和预警、经营盈利能力分析、经营模型···		K1+K2+K3+K4+K6	locator-only	synthesis/2026-09-12-obsidian-scan/W4-wechat-1546-snapshot.md	
wechat-a7893d80c47b	vault:processed/微信知识库/数据熊/02_财务管理/2026-05-18 一文讲透ROE、ROI、IRR、ROA、ROIC：五大R系财务指标到底差在哪？.md	一文讲透ROE、ROI、IRR、ROA、ROIC：五大R系财务指标到底差在哪？		K3+K4	locator-only	synthesis/2026-09-12-obsidian-scan/W4-wechat-1546-snapshot.md	
wechat-a795066e1037	vault:processed/微信知识库/木木自由/01_数据分析必备/2025-02-26 「经营分析方法论指南」：经营分析体系设计、案例、经营分析报表模板、月度经营分析报告PPT模板···.md	「经营分析方法论指南」：经营分析体系设计、案例、经营分析报表模板、月度经营分析报告PPT模板···		K2+K3+K4+K6+K7+K8	locator-only	synthesis/2026-09-12-obsidian-scan/W4-wechat-1546-snapshot.md	
wechat-a7b9f4627076	vault:processed/微信知识库/数据分析不是个事儿/02_可视化/2021-08-11 数据分析实例：母婴零售销售分析与探索.md	数据分析实例：母婴零售销售分析与探索		K4+K5	locator-only	synthesis/2026-09-12-obsidian-scan/W4-wechat-1546-snapshot.md	
wechat-a7df9410d388	vault:processed/微信知识库/木木自由/01_数据分析必备/2024-12-17 银行业数据分析指南：最全银行数据指标体系、银行业务场景实践、银行网点数据分析、银行数据治理···.md	银行业数据分析指南：最全银行数据指标体系、银行业务场景实践、银行网点数据分析、银行数据治理···		K4+K6+K8	locator-only	synthesis/2026-09-12-obsidian-scan/W4-wechat-1546-snapshot.md	
wechat-a7dfe8f0a5fb	vault:processed/微信知识库/数据分析不是个事儿/01_数据分析/2025-05-15 三分钟！手把手教你学会地图可视化怎么做！.md	三分钟！手把手教你学会地图可视化怎么做！		K4+K5	locator-only	synthesis/2026-09-12-obsidian-scan/W4-wechat-1546-snapshot.md	
wechat-a7faf7584173	vault:processed/微信知识库/宸帆海财会咨询服务/10_财务/2025-12-03 财务负责人面试问题.md	财务负责人面试问题		K3+K4+K6	locator-only	synthesis/2026-09-12-obsidian-scan/W4-wechat-1546-snapshot.md	
wechat-a83df20d245d	vault:processed/微信知识库/木木自由/01_数据分析必备/2025-02-18 电商数据课程完整版课件全套(700页 PPT).md	电商数据课程完整版课件全套(700页 PPT)		K4+K6+K8	locator-only	synthesis/2026-09-12-obsidian-scan/W4-wechat-1546-snapshot.md	
wechat-a85425df1785	vault:processed/微信知识库/数据分析不是个事儿/01_数据分析/2025-03-26 人效分析怎么做？一文构建人效管理黄金体系！.md	人效分析怎么做？一文构建人效管理黄金体系！		K4+K6	locator-only	synthesis/2026-09-12-obsidian-scan/W4-wechat-1546-snapshot.md	
wechat-a85f11556375	vault:processed/微信知识库/奔向自由的果/03_财务职场进阶/2026-03-08 会计加上哪些技能，才能走上职业天花板.md	会计加上哪些技能，才能走上职业天花板		K1+K4+K6+K7+K8	locator-only	synthesis/2026-09-12-obsidian-scan/W4-wechat-1546-snapshot.md	
wechat-a86939107593	vault:processed/微信知识库/数据分析不是个事儿/01_数据分析/2024-01-08 理论篇：人力资源数据分析不得不说的事！.md	理论篇：人力资源数据分析不得不说的事！		K4+K6	locator-only	synthesis/2026-09-12-obsidian-scan/W4-wechat-1546-snapshot.md	
wechat-a86ffe37a8c7	vault:processed/微信知识库/宸帆海财会咨询服务/09_税务/2025-04-20 财务必学！DeepSeek公司股权架构深度剖析.md	财务必学！DeepSeek公司股权架构深度剖析		K1+K2+K3+K4+K6+K7+K8	locator-only	synthesis/2026-09-12-obsidian-scan/W4-wechat-1546-snapshot.md	
wechat-a89d576971df	vault:processed/微信知识库/奔向自由的果/01_报表模板与看板/2026-08-07 全面预算看板：营收预算执行与产品 区域 客户结构分析报表.md	全面预算看板：营收预算执行与产品/区域/客户结构分析报表		K2+K4+K5+K6+K7	locator-only	synthesis/2026-09-12-obsidian-scan/W4-wechat-1546-snapshot.md	
wechat-a89d89bda76d	vault:processed/微信知识库/数据熊/04_经营分析/2025-12-14 2025年12月经营分析要点：算总账、定生死、看未来.md	2025年12月经营分析要点：算总账、定生死、看未来		K4+K5+K6	locator-only	synthesis/2026-09-12-obsidian-scan/W4-wechat-1546-snapshot.md	
wechat-a89e7f6e4fa8	vault:processed/微信知识库/木木自由/02_数据说/2020-07-30 【数据说·第十七期】如何分析“商品数据”，提高门店的营收能力？.md	【数据说·第十七期】如何分析“商品数据”，提高门店的营收能力？		K2+K3+K4+K6+K8	locator-only	synthesis/2026-09-12-obsidian-scan/W4-wechat-1546-snapshot.md	
wechat-a8f55fc61375	vault:processed/微信知识库/数据熊/04_经营分析/2026-07-11 2026年上半年销售分析报告.pptx.md	2026年上半年销售分析报告.pptx		K4	locator-only	synthesis/2026-09-12-obsidian-scan/W4-wechat-1546-snapshot.md	
wechat-a94fa36d1da6	vault:processed/微信知识库/宸帆海财会咨询服务/01_会计/2025-02-12 注意！2025公积金政策大调整，这些要点能省几十万.md	注意！2025公积金政策大调整，这些要点能省几十万		K6	locator-only	synthesis/2026-09-12-obsidian-scan/W4-wechat-1546-snapshot.md	
wechat-a966a2ae10e1	vault:processed/微信知识库/宸帆海财会咨询服务/01_会计/2025-02-20 个体户速看！17项税前扣除政策详解，轻松省下真金白银.md	个体户速看！17项税前扣除政策详解，轻松省下真金白银		K4+K6	locator-only	synthesis/2026-09-12-obsidian-scan/W4-wechat-1546-snapshot.md	
wechat-a96e3d8f0f68	vault:processed/微信知识库/数据熊/04_经营分析/2026-01-17 真正的经营分析，必须回答这三个根本性问题.md	真正的经营分析，必须回答这三个根本性问题		K2+K4+K6	locator-only	synthesis/2026-09-12-obsidian-scan/W4-wechat-1546-snapshot.md	
wechat-a9748e3bdf45	vault:processed/微信知识库/宸帆海财会咨询服务/02_企业所得税/2024-04-10 企业所得税扣除项目主要包括哪几项？.md	企业所得税扣除项目主要包括哪几项？		K4+K6	locator-only	synthesis/2026-09-12-obsidian-scan/W4-wechat-1546-snapshot.md	
wechat-a9ec90205951	vault:processed/微信知识库/宸帆海财会咨询服务/03_出口退税/2024-07-04 出口货物报关流程是怎样的？.md	出口货物报关流程是怎样的？		K4+K6	locator-only	synthesis/2026-09-12-obsidian-scan/W4-wechat-1546-snapshot.md	
wechat-aa07a6396ebb	vault:processed/微信知识库/木木自由/01_数据分析必备/2021-07-18 从《隆中对》中，挖掘对数据分析的一些启示.md	从《隆中对》中，挖掘对数据分析的一些启示		K4	locator-only	synthesis/2026-09-12-obsidian-scan/W4-wechat-1546-snapshot.md	
wechat-aa0e70bbc5ed	vault:processed/微信知识库/数据熊/04_经营分析/2026-04-20 2026年1季度市场分析报告.md	2026年1季度市场分析报告		K4+K6	locator-only	synthesis/2026-09-12-obsidian-scan/W4-wechat-1546-snapshot.md	
wechat-aa225bd66680	vault:processed/微信知识库/宸帆海财会咨询服务/07_财务报表/2025-04-05 企业福利！2025年税收优惠政策大盘点.md	企业福利！2025年税收优惠政策大盘点		K4	locator-only	synthesis/2026-09-12-obsidian-scan/W4-wechat-1546-snapshot.md	
wechat-aa22d1c4bc01	vault:processed/微信知识库/数据熊/04_经营分析/2026-02-26 美的集团经营指标体系（附excel）.md	美的集团经营指标体系（附excel）		K2+K4+K6	locator-only	synthesis/2026-09-12-obsidian-scan/W4-wechat-1546-snapshot.md	
wechat-aa848644292d	vault:processed/微信知识库/木木自由/01_数据分析必备/2023-07-16 面试经验分享 如何打造优秀的个人简历.md	面试经验分享 | 如何打造优秀的个人简历		K4+K8	locator-only	synthesis/2026-09-12-obsidian-scan/W4-wechat-1546-snapshot.md	
wechat-aa9d53978c61	vault:processed/微信知识库/数据分析不是个事儿/04_数据分析师/2025-06-26 数据分析师的出路在哪里？3阶段未来职业规划路径.md	数据分析师的出路在哪里？3阶段未来职业规划路径		K4+K5+K6	locator-only	synthesis/2026-09-12-obsidian-scan/W4-wechat-1546-snapshot.md	
wechat-aaa2a9a65b65	vault:processed/微信知识库/数据分析不是个事儿/01_数据分析/2024-10-10 数据分析实操篇：产品销售分析怎么做，以棒球行业为例.md	数据分析实操篇：产品销售分析怎么做，以棒球行业为例		K4+K5	locator-only	synthesis/2026-09-12-obsidian-scan/W4-wechat-1546-snapshot.md	
wechat-aac02b1d7b2d	vault:processed/微信知识库/木木自由/01_数据分析必备/2024-10-25 数据标签 VS 数据指标：相关概念、区别、应用···（附相关材料下载）.md	数据标签 VS 数据指标：相关概念、区别、应用···（附相关材料下载）		K4+K8	locator-only	synthesis/2026-09-12-obsidian-scan/W4-wechat-1546-snapshot.md	
wechat-ab2045a3717c	vault:processed/微信知识库/宸帆海财会咨询服务/02_企业所得税/2025-03-07 申报期已至！这些企业所得税年报易错点你知道吗？.md	申报期已至！这些企业所得税年报易错点你知道吗？		K1+K6	locator-only	synthesis/2026-09-12-obsidian-scan/W4-wechat-1546-snapshot.md	
wechat-aba4649aba40	vault:processed/微信知识库/数据分析不是个事儿/01_数据分析/2024-11-20 年度报告还不会？挑战用9行数据写8000字的分析报告！.md	年度报告还不会？挑战用9行数据写8000字的分析报告！		K4+K5+K6	locator-only	synthesis/2026-09-12-obsidian-scan/W4-wechat-1546-snapshot.md	
wechat-abbe3667fe6f	vault:processed/微信知识库/宸帆海财会咨询服务/01_会计/2025-09-21 成本会计面试常见问题.md	成本会计面试常见问题		K3+K6	locator-only	synthesis/2026-09-12-obsidian-scan/W4-wechat-1546-snapshot.md	
wechat-abe445450f9d	vault:processed/微信知识库/木木自由/07_数据分析/2024-02-22 分析思维提升-著名认知思维模型【85页 附下载】.md	分析思维提升-著名认知思维模型【85页 附下载】		K4+K5	locator-only	synthesis/2026-09-12-obsidian-scan/W4-wechat-1546-snapshot.md	
wechat-ac0b03f699cf	vault:processed/微信知识库/木木自由/07_数据分析/2026-01-28 《行业分析标准实践手册》：定义、价值、分析框架与工具、案例···（附相关材料下载）.md	《行业分析标准实践手册》：定义、价值、分析框架与工具、案例···（附相关材料下载）		K4+K6+K8	locator-only	synthesis/2026-09-12-obsidian-scan/W4-wechat-1546-snapshot.md	
wechat-ac74cb13aeda	vault:processed/微信知识库/奔向自由的果/02_图解经营分析/【财务经营分析干货图解】不同层级的经营分析怎么写？老板关心全局，总监盯着落地，主管解决具体问题.md	【财务经营分析干货图解】不同层级的经营分析怎么写？老板关心全局，总监盯着落地，主管解决具体问题		K3+K4+K6	locator-only	synthesis/2026-09-12-obsidian-scan/W4-wechat-1546-snapshot.md	
wechat-ac7695701081	vault:processed/微信知识库/数据熊/02_财务管理/2025-04-07 经营分析会，财务的四争、四不争.md	经营分析会，财务的四争、四不争		K3+K4+K6	locator-only	synthesis/2026-09-12-obsidian-scan/W4-wechat-1546-snapshot.md	
wechat-acb08e4df799	vault:processed/微信知识库/木木自由/01_数据分析必备/2025-02-19 「会员分析指南」：会员生命周期各阶段分析、会员分析模型、会员数据分析结构、会员体系搭建···.md	「会员分析指南」：会员生命周期各阶段分析、会员分析模型、会员数据分析结构、会员体系搭建···		K4+K6+K8	locator-only	synthesis/2026-09-12-obsidian-scan/W4-wechat-1546-snapshot.md	
wechat-acccc45ee854	vault:processed/微信知识库/宸帆海财会咨询服务/09_税务/2025-02-13 2025年，发工资的这些“坑”，一踩就违法.md	2025年，发工资的这些“坑”，一踩就违法		K4+K7	locator-only	synthesis/2026-09-12-obsidian-scan/W4-wechat-1546-snapshot.md	
wechat-ace363947b4b	vault:processed/微信知识库/木木自由/01_数据分析必备/2025-04-15 战略分析与经营分析，企业发展的双轮驱动：战略评估框架、战略分析框架与工具、经营分析方法论、经营分析框架···.md	战略分析与经营分析，企业发展的双轮驱动：战略评估框架、战略分析框架与工具、经营分析方法论、经营分析框架···		K4+K6+K8	locator-only	synthesis/2026-09-12-obsidian-scan/W4-wechat-1546-snapshot.md	
wechat-acfc2e2da1ef	vault:processed/微信知识库/数据熊/04_经营分析/2026-02-02 「经营分析驾驶舱」终于做好了：一场会议看清收入、利润和现金流.md	「经营分析驾驶舱」终于做好了：一场会议看清收入、利润和现金流		K4+K5+K6	locator-only	synthesis/2026-09-12-obsidian-scan/W4-wechat-1546-snapshot.md	
wechat-ad12b4d5319b	vault:processed/微信知识库/木木自由/02_数据说/2021-08-22 如何把数据思维应用到业务经营中.md	如何把数据思维应用到业务经营中		K4+K6	locator-only	synthesis/2026-09-12-obsidian-scan/W4-wechat-1546-snapshot.md	
wechat-ad432c27c582	vault:processed/微信知识库/木木自由/01_数据分析必备/2025-03-17 《电商平台销售情况全维度经营分析指南》四大模型、关键指标、分析维度及思路、销售分析报表模板···.md	《电商平台销售情况全维度经营分析指南》四大模型、关键指标、分析维度及思路、销售分析报表模板···		K1+K4+K6+K8	locator-only	synthesis/2026-09-12-obsidian-scan/W4-wechat-1546-snapshot.md	
wechat-ad65b2682e76	vault:processed/微信知识库/数据分析不是个事儿/01_数据分析/2025-03-31 从概念到落地，一文讲清数字化转型全部知识点！.md	从概念到落地，一文讲清数字化转型全部知识点！		K4+K6	locator-only	synthesis/2026-09-12-obsidian-scan/W4-wechat-1546-snapshot.md	
wechat-ad9320ce8d58	vault:processed/微信知识库/数据熊/04_经营分析/2025-10-31 2025年10月经营分析PPT框架（可下载PPT模板）.md	2025年10月经营分析PPT框架（可下载PPT模板）		K4+K6	locator-only	synthesis/2026-09-12-obsidian-scan/W4-wechat-1546-snapshot.md	
wechat-adae770d0ffd	vault:processed/微信知识库/宸帆海财会咨询服务/08_财务管理/2025-02-11 别等“爆雷”才后悔！营业执照注销必知的六大风险.md	别等“爆雷”才后悔！营业执照注销必知的六大风险		K4+K6	locator-only	synthesis/2026-09-12-obsidian-scan/W4-wechat-1546-snapshot.md	
wechat-adb2a150dfb7	vault:processed/微信知识库/数据熊/04_经营分析/2025-02-13 20个库存分析DeepSeek提问公式.md	20个库存分析DeepSeek提问公式		K3+K4+K6+K8	locator-only	synthesis/2026-09-12-obsidian-scan/W4-wechat-1546-snapshot.md	
wechat-adbfa65826b6	vault:processed/微信知识库/数据分析不是个事儿/01_数据分析/2025-03-12 99%的新媒体运营都不会做数据分析？一文讲清！.md	99%的新媒体运营都不会做数据分析？一文讲清！		K4+K6	locator-only	synthesis/2026-09-12-obsidian-scan/W4-wechat-1546-snapshot.md	
wechat-ade26b8e5959	vault:processed/微信知识库/木木自由/01_数据分析必备/2025-03-14 《盈亏平衡分析指南》.md	《盈亏平衡分析指南》		K4+K6+K8	locator-only	synthesis/2026-09-12-obsidian-scan/W4-wechat-1546-snapshot.md	
wechat-ae51097c0e0e	vault:processed/微信知识库/木木自由/01_数据分析必备/2025-04-19 《如何搭建数据增长体系指南》.md	《如何搭建数据增长体系指南》		K4+K8	locator-only	synthesis/2026-09-12-obsidian-scan/W4-wechat-1546-snapshot.md	
wechat-af267e1eb9c9	vault:processed/微信知识库/木木自由/01_数据分析必备/2024-11-21 经营分析之客户价值分析：客户价值分析模型、RFM模型、客户生命周期、案例应用··（附经营分析相关资料下载）.md	经营分析之客户价值分析：客户价值分析模型、RFM模型、客户生命周期、案例应用··（附经营分析相关资料下载）		K4+K6+K8	locator-only	synthesis/2026-09-12-obsidian-scan/W4-wechat-1546-snapshot.md	
wechat-af3ffe2f5753	vault:processed/微信知识库/木木自由/01_数据分析必备/2023-08-15 收藏 如何根据现有产品，做一次优秀的数据分析？（附资料下载）.md	收藏 | 如何根据现有产品，做一次优秀的数据分析？（附资料下载）		K4+K8	locator-only	synthesis/2026-09-12-obsidian-scan/W4-wechat-1546-snapshot.md	
wechat-af60d87fd7e5	vault:processed/微信知识库/宸帆海财会咨询服务/02_企业所得税/2024-12-30 企业所得税预缴纳税申报表填报方法！！！.md	企业所得税预缴纳税申报表填报方法！！！		K4+K6+K8	locator-only	synthesis/2026-09-12-obsidian-scan/W4-wechat-1546-snapshot.md	
wechat-afbc06e359eb	vault:processed/微信知识库/木木自由/01_数据分析必备/2025-04-17 《AI+数据治理指南》：AI 在主数据治理中应用、基于DeepSeek数据治理方案、大模型赋能数据治理、数据治理全过程域工具包.md	《AI+数据治理指南》：AI 在主数据治理中应用、基于DeepSeek数据治理方案、大模型赋能数据治理、数据治理全过程域工具包		K4+K6+K7+K8	locator-only	synthesis/2026-09-12-obsidian-scan/W4-wechat-1546-snapshot.md	
wechat-afbc11a6c38e	vault:processed/微信知识库/奔向自由的果/03_财务职场进阶/2025-10-21 财务人的职场进阶：如何从“做账高手”到“管理能手”？.md	财务人的职场进阶：如何从“做账高手”到“管理能手”？		K6	locator-only	synthesis/2026-09-12-obsidian-scan/W4-wechat-1546-snapshot.md	
wechat-affa33f55ca9	vault:processed/微信知识库/木木自由/02_数据说/2020-06-28 【数据说第十四期】必须全面了解线下门店核心数据指标有哪些？.md	【数据说第十四期】必须全面了解线下门店核心数据指标有哪些？		K3+K4+K6	locator-only	synthesis/2026-09-12-obsidian-scan/W4-wechat-1546-snapshot.md	
wechat-b007aef9e894	vault:processed/微信知识库/奔向自由的果/03_财务职场进阶/2025-12-12 会计职场自保指南：五个好习惯让你远离背锅风险.md	会计职场自保指南：五个好习惯让你远离背锅风险			locator-only	synthesis/2026-09-12-obsidian-scan/W4-wechat-1546-snapshot.md	
wechat-b023811a8717	vault:processed/微信知识库/宸帆海财会咨询服务/02_企业所得税/2025-02-09 2025开年大事件！出口企业财务速览2月关键政策.md	2025开年大事件！出口企业财务速览2月关键政策		K4+K6+K7+K8	locator-only	synthesis/2026-09-12-obsidian-scan/W4-wechat-1546-snapshot.md	
wechat-b097147d7db1	vault:processed/微信知识库/宸帆海财会咨询服务/09_税务/2025-03-16 干货！股权转让税务处理全解析.md	干货！股权转让税务处理全解析		K4+K6	locator-only	synthesis/2026-09-12-obsidian-scan/W4-wechat-1546-snapshot.md	
wechat-b098c348c409	vault:processed/微信知识库/木木自由/02_数据说/2020-04-25 【数据说第五期】你知道的数据指标有哪些呢？哪些又是好的数据指标？.md	【数据说第五期】你知道的数据指标有哪些呢？哪些又是好的数据指标？		K4+K5+K6	locator-only	synthesis/2026-09-12-obsidian-scan/W4-wechat-1546-snapshot.md	
wechat-b09f638ff374	vault:processed/微信知识库/数据熊/02_财务管理/2026-07-31 2026年7月应收账款分析报告.pptx.md	2026年7月应收账款分析报告.pptx		K6	locator-only	synthesis/2026-09-12-obsidian-scan/W4-wechat-1546-snapshot.md	
wechat-b0abe480c657	vault:processed/微信知识库/木木自由/07_数据分析/2023-08-24 干货 经营分析定义、价值、方法、模型（附经营分析手册相关资料参考）.md	干货 | 经营分析定义、价值、方法、模型（附经营分析手册相关资料参考）		K1+K2+K4+K6	locator-only	synthesis/2026-09-12-obsidian-scan/W4-wechat-1546-snapshot.md	
wechat-b0aed9e77073	vault:processed/微信知识库/木木自由/07_数据分析/2024-06-25 经营分析系统 平台规划指南：规划思路、构架、数据字典、数仓架构、指标说明、应用全景图···【68页 附下载】.md	经营分析系统/平台规划指南：规划思路、构架、数据字典、数仓架构、指标说明、应用全景图···【68页 附下载】		K4+K5+K6+K8	locator-only	synthesis/2026-09-12-obsidian-scan/W4-wechat-1546-snapshot.md	
wechat-b0b159692fea	vault:processed/微信知识库/木木自由/01_数据分析必备/2024-05-30 产品数据分析指南：分析方法、产品获客能力【68页 附下载及麦肯锡产品战略规划手册、产品报告案例等材料】.md	产品数据分析指南：分析方法、产品获客能力【68页 附下载及麦肯锡产品战略规划手册、产品报告案例等材料】		K2+K4+K6+K8	locator-only	synthesis/2026-09-12-obsidian-scan/W4-wechat-1546-snapshot.md	
wechat-b0db737dd3e4	vault:processed/微信知识库/数据熊/03_财务报表/2024-12-16 三步搞清 EBIT、EBITDA 和净利润的区别，新手也能读懂！.md	三步搞清 EBIT、EBITDA 和净利润的区别，新手也能读懂！		K3+K4+K6	locator-only	synthesis/2026-09-12-obsidian-scan/W4-wechat-1546-snapshot.md	
wechat-b0e638e5ae4d	vault:processed/微信知识库/宸帆海财会咨询服务/07_财务报表/2025-03-06 财务必看！20招搞定企业“其他应付款”余额过大难题.md	财务必看！20招搞定企业“其他应付款”余额过大难题		K4+K6+K7	locator-only	synthesis/2026-09-12-obsidian-scan/W4-wechat-1546-snapshot.md	
wechat-b0eb47cdb849	vault:processed/微信知识库/数据熊/04_经营分析/2025-06-05 毛利率分析的三个维度：行业、区域和产品（附PPT模板）.md	毛利率分析的三个维度：行业、区域和产品（附PPT模板）		K3+K4+K5+K6	locator-only	synthesis/2026-09-12-obsidian-scan/W4-wechat-1546-snapshot.md	
wechat-b116e47d5c75	vault:processed/微信知识库/数据分析不是个事儿/01_数据分析/2025-02-12 一个案例教会你，怎么分析毛利率.md	一个案例教会你，怎么分析毛利率		K2+K3+K4+K6	locator-only	synthesis/2026-09-12-obsidian-scan/W4-wechat-1546-snapshot.md	
wechat-b14517dd4345	vault:processed/微信知识库/奔向自由的果/01_报表模板与看板/2026-04-03 财务应收应付往来款管理分析—应收账款全生命周期监控看板.md	财务应收应付往来款管理分析—应收账款全生命周期监控看板		K4+K5+K6	locator-only	synthesis/2026-09-12-obsidian-scan/W4-wechat-1546-snapshot.md	
wechat-b1bdb71cc9ff	vault:processed/微信知识库/宸帆海财会咨询服务/09_税务/2025-03-09 别只看月薪！实发工资才是关键.md	别只看月薪！实发工资才是关键		K6	locator-only	synthesis/2026-09-12-obsidian-scan/W4-wechat-1546-snapshot.md	
wechat-b1e283b06b09	vault:processed/微信知识库/数据熊/01_财务分析/2025-04-17 经营分析和财务分析，关键区别在这五点.md	经营分析和财务分析，关键区别在这五点		K1+K2+K3+K4+K6	locator-only	synthesis/2026-09-12-obsidian-scan/W4-wechat-1546-snapshot.md	
wechat-b22c609fc948	vault:processed/微信知识库/木木自由/01_数据分析必备/2023-08-18 数据敏感度、 数据中台、企业数字化转型实践与探索、企业数据指标与标签体系和应用场景、罗兰贝格行业和战略分析框架·· 本周精华.md	数据敏感度、 数据中台、企业数字化转型实践与探索、企业数据指标与标签体系和应用场景、罗兰贝格行业和战略分析框架·· | 本周精华		K4+K6+K8	locator-only	synthesis/2026-09-12-obsidian-scan/W4-wechat-1546-snapshot.md	
wechat-b24af01c5bd6	vault:processed/微信知识库/数据分析不是个事儿/01_数据分析/2024-12-03 当BI碰上Python，直播电商用户流失分析怎么做？.md	当BI碰上Python，直播电商用户流失分析怎么做？		K4+K5+K6	locator-only	synthesis/2026-09-12-obsidian-scan/W4-wechat-1546-snapshot.md	
wechat-b2a9d8407d7f	vault:processed/微信知识库/数据熊/02_财务管理/2025-04-20 投资测算：五个关键公式和三大底层逻辑（含案例）.md	投资测算：五个关键公式和三大底层逻辑（含案例）		K1+K6	locator-only	synthesis/2026-09-12-obsidian-scan/W4-wechat-1546-snapshot.md	
wechat-b2c477ddf6d4	vault:processed/微信知识库/奔向自由的果/01_报表模板与看板/2026-07-22 财务成本管控制度—成本授权与审批权限分级管理制度.md	财务成本管控制度—成本授权与审批权限分级管理制度		K5+K6	locator-only	synthesis/2026-09-12-obsidian-scan/W4-wechat-1546-snapshot.md	
wechat-b2c7c9f05b5d	vault:processed/微信知识库/木木自由/01_数据分析必备/2024-05-10 项目管理实战：华为项目管理方法论【126页 附下载】.md	项目管理实战：华为项目管理方法论【126页  附下载】		K4+K6	locator-only	synthesis/2026-09-12-obsidian-scan/W4-wechat-1546-snapshot.md	
wechat-b2cddbfa3c56	vault:processed/微信知识库/木木自由/07_数据分析/2026-01-14 《商业分析标准实践手册》：定义、价值、商业思维模型与商业分析能力及实操手册···（附相关材料下载）.md	《商业分析标准实践手册》：定义、价值、商业思维模型与商业分析能力及实操手册···（附相关材料下载）		K2+K3+K4+K5+K8	locator-only	synthesis/2026-09-12-obsidian-scan/W4-wechat-1546-snapshot.md	
wechat-b3104f9db036	vault:processed/微信知识库/数据熊/02_财务管理/2026-06-27 2026年上半年库存分析报告.md	2026年上半年库存分析报告			locator-only	synthesis/2026-09-12-obsidian-scan/W4-wechat-1546-snapshot.md	
wechat-b320af9ff149	vault:processed/微信知识库/宸帆海财会咨询服务/01_会计/2025-02-20 干货！财务相关人士必知的15个财税要点.md	干货！财务相关人士必知的15个财税要点		K4+K6+K7	locator-only	synthesis/2026-09-12-obsidian-scan/W4-wechat-1546-snapshot.md	
wechat-b338580cc196	vault:processed/微信知识库/数据熊/04_经营分析/2025-05-15 经营分析：三流报告摆数字，二流报告讲故事，一流报告促决策.md	经营分析：三流报告摆数字，二流报告讲故事，一流报告促决策		K1+K3+K4+K6	locator-only	synthesis/2026-09-12-obsidian-scan/W4-wechat-1546-snapshot.md	
wechat-b365cd761bdb	vault:processed/微信知识库/奔向自由的果/01_报表模板与看板/2026-07-09 财务BP经营分析—月度现金流及资金缺口分析报表.md	财务BP经营分析—月度现金流及资金缺口分析报表		K4+K5	locator-only	synthesis/2026-09-12-obsidian-scan/W4-wechat-1546-snapshot.md	
wechat-b36e1658e572	vault:processed/微信知识库/数据熊/01_财务分析/2025-04-29 财务指标的内在联系.md	财务指标的内在联系		K1+K2+K3+K4+K6	locator-only	synthesis/2026-09-12-obsidian-scan/W4-wechat-1546-snapshot.md	
wechat-b395387bdbec	vault:processed/微信知识库/数据熊/02_财务管理/2024-11-03 全面预算管理的实质.md	全面预算管理的实质		K4+K6	locator-only	synthesis/2026-09-12-obsidian-scan/W4-wechat-1546-snapshot.md	
wechat-b449987ff2a0	vault:processed/微信知识库/宸帆海财会咨询服务/03_出口退税/2025-04-14 必看！出口退税全流程操作指南.md	必看！出口退税全流程操作指南		K4+K6+K7+K8	locator-only	synthesis/2026-09-12-obsidian-scan/W4-wechat-1546-snapshot.md	
wechat-b4522ae44b81	vault:processed/微信知识库/木木自由/01_数据分析必备/2023-02-08 经典 麦肯锡解决问题的方法论，七步成诗！.md	经典| 麦肯锡解决问题的方法论，七步成诗！		K4	locator-only	synthesis/2026-09-12-obsidian-scan/W4-wechat-1546-snapshot.md	
wechat-b48f5fea2833	vault:processed/微信知识库/木木自由/01_数据分析必备/2023-09-01 归因分析、相关分析法、企业经营数据分析、《AI大数据分析师》面试攻略、数据产品经理的能力图谱与成长路径·· 本周精华.md	归因分析、相关分析法、企业经营数据分析、《AI大数据分析师》面试攻略、数据产品经理的能力图谱与成长路径·· | 本周精华		K4+K6+K8	locator-only	synthesis/2026-09-12-obsidian-scan/W4-wechat-1546-snapshot.md	
wechat-b4b6244e8926	vault:processed/微信知识库/数据分析不是个事儿/01_数据分析/2025-12-03 产品需求总打架？1个核心模型搞定！.md	产品需求总打架？1个核心模型搞定！			locator-only	synthesis/2026-09-12-obsidian-scan/W4-wechat-1546-snapshot.md	
wechat-b4b95d51a8f3	vault:processed/微信知识库/宸帆海财会咨询服务/01_会计/2024-09-08 面对新《公司法》企业如何应对？.md	面对新《公司法》企业如何应对？		K4	locator-only	synthesis/2026-09-12-obsidian-scan/W4-wechat-1546-snapshot.md	
wechat-b52b2b1ecb34	vault:processed/微信知识库/宸帆海财会咨询服务/01_会计/2025-09-27 预收款项与合同负债的区别.md	预收款项与合同负债的区别			locator-only	synthesis/2026-09-12-obsidian-scan/W4-wechat-1546-snapshot.md	
wechat-b52fa69d676a	vault:processed/微信知识库/宸帆海财会咨询服务/01_会计/2025-10-18 餐饮业会计分录大全.md	餐饮业会计分录大全		K1+K6	locator-only	synthesis/2026-09-12-obsidian-scan/W4-wechat-1546-snapshot.md	
wechat-b53096aaa83a	vault:processed/微信知识库/宸帆海财会咨询服务/09_税务/2025-09-16 往来款清理全流程指导.md	往来款清理全流程指导		K1+K4+K6	locator-only	synthesis/2026-09-12-obsidian-scan/W4-wechat-1546-snapshot.md	
wechat-b545406de53e	vault:processed/微信知识库/宸帆海财会咨询服务/01_会计/2024-08-17 你了解政府补助吗？.md	你了解政府补助吗？		K1+K4+K6	locator-only	synthesis/2026-09-12-obsidian-scan/W4-wechat-1546-snapshot.md	
wechat-b574f83e8598	vault:processed/微信知识库/数据分析不是个事儿/01_数据分析/2024-11-29 黑五来临！跨境电商该如何做数据分析？需要关注哪些指标？.md	黑五来临！跨境电商该如何做数据分析？需要关注哪些指标？		K2+K4+K5+K6	locator-only	synthesis/2026-09-12-obsidian-scan/W4-wechat-1546-snapshot.md	
wechat-b584d6afc659	vault:processed/微信知识库/数据熊/02_财务管理/2025-06-01 国有企业“十五五”规划编制指南（附完整案例）.md	国有企业“十五五”规划编制指南（附完整案例）		K4+K5+K6+K8	locator-only	synthesis/2026-09-12-obsidian-scan/W4-wechat-1546-snapshot.md	
wechat-b59bb054f8b0	vault:processed/微信知识库/数据分析不是个事儿/01_数据分析/2025-03-25 如何快速上手成本管理？电商行业必看的分析方法！.md	如何快速上手成本管理？电商行业必看的分析方法！		K2+K4+K6	locator-only	synthesis/2026-09-12-obsidian-scan/W4-wechat-1546-snapshot.md	
wechat-b5a70a643621	vault:processed/微信知识库/宸帆海财会咨询服务/03_出口退税/2025-03-17 收藏！出口退税实操全解析.md	收藏！出口退税实操全解析		K4+K6+K7+K8	locator-only	synthesis/2026-09-12-obsidian-scan/W4-wechat-1546-snapshot.md	
wechat-b5be7519884e	vault:processed/微信知识库/奔向自由的果/03_财务职场进阶/2026-08-02 那个准时下班的财务同事，偷偷用了这8个Excel函数组合.md	那个准时下班的财务同事，偷偷用了这8个Excel函数组合		K6	locator-only	synthesis/2026-09-12-obsidian-scan/W4-wechat-1546-snapshot.md	
wechat-b5cea3e89722	vault:processed/微信知识库/木木自由/07_数据分析/2024-07-04 企业指标设计方法指南：数据指标与标签体系应用架构、经营指标、指标体系平台设计思路、指标产品功能架构···【55页 附下载】.md	企业指标设计方法指南：数据指标与标签体系应用架构、经营指标、指标体系平台设计思路、指标产品功能架构···【55页 附下载】		K4+K8	locator-only	synthesis/2026-09-12-obsidian-scan/W4-wechat-1546-snapshot.md	
wechat-b5d4eee86bd8	vault:processed/微信知识库/木木自由/07_数据分析/2024-03-12 深度拆解小红书分析报告（含产品结构、“种草 ”经济、增长模式、对标···等）【61页 附下载】.md	深度拆解小红书分析报告（含产品结构、“种草 ”经济、增长模式、对标···等）【61页 附下载】		K4+K8	locator-only	synthesis/2026-09-12-obsidian-scan/W4-wechat-1546-snapshot.md	
wechat-b5e67f89c85a	vault:processed/微信知识库/数据分析不是个事儿/05_入门精选/2020-11-04 大数据预测、数据分析、民调全都失误？扒一扒今年的美国大选到底有多扯.md	大数据预测、数据分析、民调全都失误？扒一扒今年的美国大选到底有多扯			locator-only	synthesis/2026-09-12-obsidian-scan/W4-wechat-1546-snapshot.md	
wechat-b6266e2823f0	vault:processed/微信知识库/木木自由/01_数据分析必备/2023-01-15 数据大佬的成长经验分享 ​我的非典型数据分析之路.md	数据大佬的成长经验分享 | ​我的非典型数据分析之路		K4+K5+K8	locator-only	synthesis/2026-09-12-obsidian-scan/W4-wechat-1546-snapshot.md	
wechat-b67fccfbbd2e	vault:processed/微信知识库/宸帆海财会咨询服务/01_会计/2025-08-11 新会计准则下：劳务派遣企业账务处理分录.md	新会计准则下：劳务派遣企业账务处理分录		K1+K4+K6+K7	locator-only	synthesis/2026-09-12-obsidian-scan/W4-wechat-1546-snapshot.md	
wechat-b6b35c92bdd1	vault:processed/微信知识库/奔向自由的果/02_图解经营分析/【财务成本管控干货图解】财务内控不是“管得严”，是帮企业“不丢钱”“会赚钱”.md	【财务成本管控干货图解】财务内控不是“管得严”，是帮企业“不丢钱”“会赚钱”		K4+K6	locator-only	synthesis/2026-09-12-obsidian-scan/W4-wechat-1546-snapshot.md	
wechat-b6f769b43b17	vault:processed/微信知识库/数据熊/01_财务分析/2025-05-23 会计利润、财务利润和管理利润，有什么不一样？.md	会计利润、财务利润和管理利润，有什么不一样？		K1+K3+K4+K6	locator-only	synthesis/2026-09-12-obsidian-scan/W4-wechat-1546-snapshot.md	
wechat-b6fc921ec592	vault:processed/微信知识库/奔向自由的果/01_报表模板与看板/2026-07-17 财务经营分析可视化—营收结构与产品毛利分析报表 看板.md	财务经营分析可视化—营收结构与产品毛利分析报表/看板		K4+K5+K6	locator-only	synthesis/2026-09-12-obsidian-scan/W4-wechat-1546-snapshot.md	
wechat-b716ccc822dd	vault:processed/微信知识库/木木自由/01_数据分析必备/2024-09-20 数据治理与数据管理能力成熟度评估模型···（附 PPT 可编辑下载）.md	数据治理与数据管理能力成熟度评估模型···（附 PPT 可编辑下载）		K4+K8	locator-only	synthesis/2026-09-12-obsidian-scan/W4-wechat-1546-snapshot.md	
wechat-b72e185afdcf	vault:processed/微信知识库/宸帆海财会咨询服务/09_税务/2025-09-20 金四税务稽查6项重点.md	金四税务稽查6项重点		K4+K6	locator-only	synthesis/2026-09-12-obsidian-scan/W4-wechat-1546-snapshot.md	
wechat-b776898ad189	vault:processed/微信知识库/数据熊/01_财务分析/2025-06-05 一流的财务总监是这样看现金流量表的.md	一流的财务总监是这样看现金流量表的		K1+K3+K4+K6	locator-only	synthesis/2026-09-12-obsidian-scan/W4-wechat-1546-snapshot.md	
wechat-b7b226052427	vault:processed/微信知识库/数据分析不是个事儿/01_数据分析/2024-09-11 离职赛道挤爆了？！离职率分析怎么做？这篇文章写得最清楚.md	离职赛道挤爆了？！离职率分析怎么做？这篇文章写得最清楚		K4	locator-only	synthesis/2026-09-12-obsidian-scan/W4-wechat-1546-snapshot.md	
wechat-b7b5d346ff18	vault:processed/微信知识库/宸帆海财会咨询服务/02_企业所得税/2024-06-29 小微企业、小型微利企业、小规模纳税人，有什么区别？.md	小微企业、小型微利企业、小规模纳税人，有什么区别？		K4+K6	locator-only	synthesis/2026-09-12-obsidian-scan/W4-wechat-1546-snapshot.md	
wechat-b7bfe115bca5	vault:processed/微信知识库/宸帆海财会咨询服务/02_企业所得税/2024-11-04 面对主流跨境电商平台，商家如何抉择？.md	面对主流跨境电商平台，商家如何抉择？		K4+K6+K8	locator-only	synthesis/2026-09-12-obsidian-scan/W4-wechat-1546-snapshot.md	
wechat-b7de1b98af44	vault:processed/微信知识库/木木自由/01_数据分析必备/2025-04-24 《多模态数据治理指南》智能时代的数据新范式：多模态数据治理实践及技术架构设计方案、数据治理自查清单、AI原生多模态数据、权威指南.md	《多模态数据治理指南》智能时代的数据新范式：多模态数据治理实践及技术架构设计方案、数据治理自查清单、AI原生多模态数据、权威指南		K4+K6+K8	locator-only	synthesis/2026-09-12-obsidian-scan/W4-wechat-1546-snapshot.md	
wechat-b81052ee20a4	vault:processed/微信知识库/宸帆海财会咨询服务/01_会计/2025-08-18 新会计准则科目完整版.md	新会计准则科目完整版		K4+K6+K7	locator-only	synthesis/2026-09-12-obsidian-scan/W4-wechat-1546-snapshot.md	
wechat-b85b52ddd4e2	vault:processed/微信知识库/木木自由/01_数据分析必备/2025-02-12 「目标市场分析指南」，建议收藏！市场洞察指导书、市场管理及产品规划（MM）、华为市场管理全景解析、市场调研理论与实践方案（MM）.md	「目标市场分析指南」，建议收藏！市场洞察指导书、市场管理及产品规划（MM）、华为市场管理全景解析、市场调研理论与实践方案（MM）		K2+K4+K6+K8	locator-only	synthesis/2026-09-12-obsidian-scan/W4-wechat-1546-snapshot.md	
wechat-b85c45c97154	vault:processed/微信知识库/宸帆海财会咨询服务/02_企业所得税/2024-04-11 不能入账的发票主要包括哪些？.md	不能入账的发票主要包括哪些？		K6+K8	locator-only	synthesis/2026-09-12-obsidian-scan/W4-wechat-1546-snapshot.md	
wechat-b86ffa5e67fb	vault:processed/微信知识库/木木自由/01_数据分析必备/2024-12-09 如何理解指标：概念、构成、常见的指标、指标体系梳理 、13个行业数据指标体系···.md	如何理解指标：概念、构成、常见的指标、指标体系梳理 、13个行业数据指标体系···		K4+K6+K8	locator-only	synthesis/2026-09-12-obsidian-scan/W4-wechat-1546-snapshot.md	
wechat-b8dc9caae3f5	vault:processed/微信知识库/数据熊/02_财务管理/2025-06-19 权责清单：董事长、总经理、财务总监如何分工？.md	权责清单：董事长、总经理、财务总监如何分工？		K1+K4+K6	locator-only	synthesis/2026-09-12-obsidian-scan/W4-wechat-1546-snapshot.md	
wechat-b901225992e0	vault:processed/微信知识库/宸帆海财会咨询服务/01_会计/2024-09-19 生产企业申请出口退税需要准备哪些材料？.md	生产企业申请出口退税需要准备哪些材料？		K4+K7	locator-only	synthesis/2026-09-12-obsidian-scan/W4-wechat-1546-snapshot.md	
wechat-b9060554976f	vault:processed/微信知识库/木木自由/01_数据分析必备/2024-11-05 电商数据分析指标体系详解···（附相关资料下载）.md	电商数据分析指标体系详解···（附相关资料下载）		K2+K3+K4+K6+K8	locator-only	synthesis/2026-09-12-obsidian-scan/W4-wechat-1546-snapshot.md	
wechat-b907666b8ea6	vault:processed/微信知识库/数据熊/05_货币资金/2026-04-16 2026年1季度资金与现金流分析报告.md	2026年1季度资金与现金流分析报告		K2+K4	locator-only	synthesis/2026-09-12-obsidian-scan/W4-wechat-1546-snapshot.md	
wechat-b973df998c53	vault:processed/微信知识库/数据分析不是个事儿/01_数据分析/2025-04-03 电商运营15个分析模型，学会销量暴涨80%！.md	电商运营15个分析模型，学会销量暴涨80%！		K3+K4+K5+K6	locator-only	synthesis/2026-09-12-obsidian-scan/W4-wechat-1546-snapshot.md	
wechat-b9924ed195c6	vault:processed/微信知识库/数据熊/02_财务管理/2025-01-24 ​成本核算如何影响公司战略.md	​成本核算如何影响公司战略		K2+K4+K6	locator-only	synthesis/2026-09-12-obsidian-scan/W4-wechat-1546-snapshot.md	
wechat-b9fa169ead9c	vault:processed/微信知识库/宸帆海财会咨询服务/09_税务/2025-12-12 2026年个人专项附加扣除.md	2026年个人专项附加扣除		K4+K6	locator-only	synthesis/2026-09-12-obsidian-scan/W4-wechat-1546-snapshot.md	
wechat-ba1e9d55714d	vault:processed/微信知识库/数据分析不是个事儿/01_数据分析/2024-12-13 一套渠道降本增效通用方案，零售企业做明年规划必看！.md	一套渠道降本增效通用方案，零售企业做明年规划必看！		K4+K6	locator-only	synthesis/2026-09-12-obsidian-scan/W4-wechat-1546-snapshot.md	
wechat-ba439e6e2118	vault:processed/微信知识库/数据熊/02_财务管理/2025-04-23 八项规定80条&财务审核对照表.xlsx.md	八项规定80条&财务审核对照表.xlsx		K1+K4+K6	locator-only	synthesis/2026-09-12-obsidian-scan/W4-wechat-1546-snapshot.md	
wechat-ba76b8572763	vault:processed/微信知识库/奔向自由的果/02_图解经营分析/【财务经营分析干货图解】应付账款周转天数怎么算？财务必懂的资金占用密码.md	【财务经营分析干货图解】应付账款周转天数怎么算？财务必懂的资金占用密码		K1+K4+K6	locator-only	synthesis/2026-09-12-obsidian-scan/W4-wechat-1546-snapshot.md	
wechat-ba803112e527	vault:processed/微信知识库/数据熊/01_财务分析/2025-03-12 如何通俗的看懂财务三大报表？.md	如何通俗的看懂财务三大报表？		K1+K4+K6	locator-only	synthesis/2026-09-12-obsidian-scan/W4-wechat-1546-snapshot.md	
wechat-babd7be27bd7	vault:processed/微信知识库/数据熊/04_经营分析/2025-05-21 真正的经营分析，要回答这三个根本性问题.md	真正的经营分析，要回答这三个根本性问题		K2+K4+K6	locator-only	synthesis/2026-09-12-obsidian-scan/W4-wechat-1546-snapshot.md	
wechat-bae695d421e3	vault:processed/微信知识库/宸帆海财会咨询服务/01_会计/2025-02-24 必知！7种成交方式如何影响主营业务收入.md	必知！7种成交方式如何影响主营业务收入		K1+K6	locator-only	synthesis/2026-09-12-obsidian-scan/W4-wechat-1546-snapshot.md	
wechat-bafd9695eca5	vault:processed/微信知识库/木木自由/01_数据分析必备/2024-08-09 数据分析工具SQL入门指南：超详细「取数拆解」和「提速方案」···（附20个SQL 优化方法···等相关材料下载）.md	数据分析工具SQL入门指南：超详细「取数拆解」和「提速方案」···（附20个SQL 优化方法···等相关材料下载）		K4+K8	locator-only	synthesis/2026-09-12-obsidian-scan/W4-wechat-1546-snapshot.md	
wechat-bb633c234f5a	vault:processed/微信知识库/宸帆海财会咨询服务/01_会计/2025-10-19 财务和会计的区别.md	财务和会计的区别		K4+K6+K7	locator-only	synthesis/2026-09-12-obsidian-scan/W4-wechat-1546-snapshot.md	
wechat-bb7d2a192a37	vault:processed/微信知识库/奔向自由的果/02_图解经营分析/【财务干货图解】避开这些坑！『盈利能力』分析的实战避坑指南.md	【财务干货图解】避开这些坑！『盈利能力』分析的实战避坑指南		K2+K3+K4+K6	locator-only	synthesis/2026-09-12-obsidian-scan/W4-wechat-1546-snapshot.md	
wechat-bb9eea283add	vault:processed/微信知识库/宸帆海财会咨询服务/02_企业所得税/2025-03-25 财务人必看！差旅费入账的25个关键要点.md	财务人必看！差旅费入账的25个关键要点		K4+K6+K7	locator-only	synthesis/2026-09-12-obsidian-scan/W4-wechat-1546-snapshot.md	
wechat-bbb42fc44d25	vault:processed/微信知识库/宸帆海财会咨询服务/01_会计/2025-03-15 收藏！财务人必备的50个实用Excel快捷键.md	收藏！财务人必备的50个实用Excel快捷键		K3+K6+K8	locator-only	synthesis/2026-09-12-obsidian-scan/W4-wechat-1546-snapshot.md	
wechat-bbb8ad3f4c88	vault:processed/微信知识库/数据熊/02_财务管理/2025-05-25 国企十五五规划，财务部分写作思路（附模板）.md	国企十五五规划，财务部分写作思路（附模板）		K3+K4+K5+K6+K7+K8	locator-only	synthesis/2026-09-12-obsidian-scan/W4-wechat-1546-snapshot.md	
wechat-bbc1bb1a71c3	vault:processed/微信知识库/奔向自由的果/01_报表模板与看板/2026-08-17 财务绩效管理组织与职责分工制度.md	财务绩效管理组织与职责分工制度		K5	locator-only	synthesis/2026-09-12-obsidian-scan/W4-wechat-1546-snapshot.md	
wechat-bc4d3e5ea777	vault:processed/微信知识库/宸帆海财会咨询服务/09_税务/2026-01-08 会计必知的6个财税常识.md	会计必知的6个财税常识		K4+K6	locator-only	synthesis/2026-09-12-obsidian-scan/W4-wechat-1546-snapshot.md	
wechat-bc5f47ffff3f	vault:processed/微信知识库/木木自由/01_数据分析必备/2025-02-13 电商运营之商品分析的4大模型：ABC库存管理、购物篮、二八原理、选品矩阵.md	电商运营之商品分析的4大模型：ABC库存管理、购物篮、二八原理、选品矩阵		K2+K4+K6+K8	locator-only	synthesis/2026-09-12-obsidian-scan/W4-wechat-1546-snapshot.md	
wechat-bc6704e83ab5	vault:processed/微信知识库/宸帆海财会咨询服务/01_会计/2025-03-08 别拿前程开玩笑！财务会计人员绝不能触碰的30件事儿.md	别拿前程开玩笑！财务会计人员绝不能触碰的30件事儿		K6+K7	locator-only	synthesis/2026-09-12-obsidian-scan/W4-wechat-1546-snapshot.md	
wechat-bcecdbca9c20	vault:processed/微信知识库/数据熊/04_经营分析/2026-04-14 经营分析，全流程sop.md	经营分析，全流程sop		K4	locator-only	synthesis/2026-09-12-obsidian-scan/W4-wechat-1546-snapshot.md	
wechat-bcf4c8aab00e	vault:processed/微信知识库/木木自由/01_数据分析必备/2024-02-21 数据分析学习路径（2.0版）— 搭建数据分析体系.md	数据分析学习路径（2.0版）— 搭建数据分析体系		K4+K6+K8	locator-only	synthesis/2026-09-12-obsidian-scan/W4-wechat-1546-snapshot.md	
wechat-bcf8f8e3e0ee	vault:processed/微信知识库/奔向自由的果/01_报表模板与看板/2026-09-02 全面预算管理报表——资本性支出预算执行与投资效益分析.md	全面预算管理报表——资本性支出预算执行与投资效益分析		K4+K5+K6	locator-only	synthesis/2026-09-12-obsidian-scan/W4-wechat-1546-snapshot.md	
wechat-bd11a88960e9	vault:processed/微信知识库/奔向自由的果/01_报表模板与看板/2026-06-01 财务预算管理制度《全面预算管理总则》.md	财务预算管理制度《全面预算管理总则》		K5+K6	locator-only	synthesis/2026-09-12-obsidian-scan/W4-wechat-1546-snapshot.md	
wechat-bd1a79450fc4	vault:processed/微信知识库/木木自由/07_数据分析/2024-04-17 收藏 数据分类分级怎么搞？国家标准来了！（附相关资料下载）.md	收藏 | 数据分类分级怎么搞？国家标准来了！（附相关资料下载）		K4+K8	locator-only	synthesis/2026-09-12-obsidian-scan/W4-wechat-1546-snapshot.md	
wechat-bd2701e598c9	vault:processed/微信知识库/数据熊/04_经营分析/2026-03-12 经营分析，一定要有系统性思维.md	经营分析，一定要有系统性思维		K4+K6	locator-only	synthesis/2026-09-12-obsidian-scan/W4-wechat-1546-snapshot.md	
wechat-bd3351756734	vault:processed/微信知识库/木木自由/07_数据分析/2025-05-07 公司财务分析之--“财报六看”（看战略，看成长，看效益，看效率，看资产质量，看风险）.md	公司财务分析之--“财报六看”（看战略，看成长，看效益，看效率，看资产质量，看风险）		K1+K2+K4+K6+K8	locator-only	synthesis/2026-09-12-obsidian-scan/W4-wechat-1546-snapshot.md	
wechat-bd44f99550cc	vault:processed/微信知识库/木木自由/01_数据分析必备/2024-06-17 收藏 关于数据挖掘，你了解多少？（附学习路径、应用案例、案例分析、数据挖掘技术···等材料下载）.md	收藏 | 关于数据挖掘，你了解多少？（附学习路径、应用案例、案例分析、数据挖掘技术···等材料下载）		K4+K6+K8	locator-only	synthesis/2026-09-12-obsidian-scan/W4-wechat-1546-snapshot.md	
wechat-bda15894a7c8	vault:processed/微信知识库/木木自由/01_数据分析必备/2022-02-28 数据分析中的“产品思维”经验讲解.md	数据分析中的“产品思维”经验讲解		K5+K8	locator-only	synthesis/2026-09-12-obsidian-scan/W4-wechat-1546-snapshot.md	
wechat-bda6398108ea	vault:processed/微信知识库/数据熊/04_经营分析/2025-01-26 不同商业模式下的关键业务指标.md	不同商业模式下的关键业务指标		K4+K6	locator-only	synthesis/2026-09-12-obsidian-scan/W4-wechat-1546-snapshot.md	
wechat-be196a7fbfb6	vault:processed/微信知识库/数据分析不是个事儿/01_数据分析/2024-12-06 从数据分析的角度看：消费降级，大家还有钱去旅游吗？.md	从数据分析的角度看：消费降级，大家还有钱去旅游吗？		K4+K5	locator-only	synthesis/2026-09-12-obsidian-scan/W4-wechat-1546-snapshot.md	
wechat-be1c3b5bf80c	vault:processed/微信知识库/宸帆海财会咨询服务/01_会计/2026-01-21 “以前年度损益调整”科目 应用指南（一）.md	“以前年度损益调整”科目 应用指南（一）		K1+K4+K6+K7	locator-only	synthesis/2026-09-12-obsidian-scan/W4-wechat-1546-snapshot.md	
wechat-be309d6ed39b	vault:processed/微信知识库/宸帆海财会咨询服务/01_会计/2025-03-31 从财务视角解读【小米集团2024年财报】.md	从财务视角解读【小米集团2024年财报】		K2+K3+K4+K6+K7	locator-only	synthesis/2026-09-12-obsidian-scan/W4-wechat-1546-snapshot.md	
wechat-be6bc3b84cb6	vault:processed/微信知识库/数据熊/04_经营分析/2025-10-30 经营分析会，这几个指标必须要讲清楚（附PPT模板）.md	经营分析会，这几个指标必须要讲清楚（附PPT模板）		K4	locator-only	synthesis/2026-09-12-obsidian-scan/W4-wechat-1546-snapshot.md	
wechat-be9372b15abc	vault:processed/微信知识库/数据分析不是个事儿/01_数据分析/2024-11-13 业财一体化是什么？一文详解业财一体化如何落地！.md	业财一体化是什么？一文详解业财一体化如何落地！		K1+K2+K3+K4+K5+K6+K7	locator-only	synthesis/2026-09-12-obsidian-scan/W4-wechat-1546-snapshot.md	
wechat-bea9643dafa1	vault:processed/微信知识库/木木自由/01_数据分析必备/2025-01-06 「电商数据指标体系建设」，建议收藏！数据指标体系建设实践、指标管理、消费体系、应用···.md	「电商数据指标体系建设」，建议收藏！数据指标体系建设实践、指标管理、消费体系、应用···		K4+K6+K8	locator-only	synthesis/2026-09-12-obsidian-scan/W4-wechat-1546-snapshot.md	
wechat-bf3b528f8298	vault:processed/微信知识库/宸帆海财会咨询服务/01_会计/2025-07-30 新会计准则下：租赁企业账务处理分录.md	新会计准则下：租赁企业账务处理分录		K1+K4+K6	locator-only	synthesis/2026-09-12-obsidian-scan/W4-wechat-1546-snapshot.md	
wechat-bf9eeebba048	vault:processed/微信知识库/木木自由/07_数据分析/2024-03-27 收藏 数据分析必备的统计基本概念（附相关材料下载）.md	收藏 | 数据分析必备的统计基本概念（附相关材料下载）		K4+K5+K8	locator-only	synthesis/2026-09-12-obsidian-scan/W4-wechat-1546-snapshot.md	
wechat-bfae6e641778	vault:processed/微信知识库/数据分析不是个事儿/01_数据分析/2025-12-02 想靠数据分析升职加薪？先搞懂这3大核心真相！.md	想靠数据分析升职加薪？先搞懂这3大核心真相！		K4	locator-only	synthesis/2026-09-12-obsidian-scan/W4-wechat-1546-snapshot.md	
wechat-bfd256d9b2f2	vault:processed/微信知识库/奔向自由的果/02_图解经营分析/【财务资金管理干货图解】财务资金管理：说清楚企业生存的 钱规则.md	"【财务资金管理干货图解】财务资金管理：说清楚企业生存的""钱规则"		K3+K4+K6	locator-only	synthesis/2026-09-12-obsidian-scan/W4-wechat-1546-snapshot.md	
wechat-c008b1faa6b3	vault:processed/微信知识库/宸帆海财会咨询服务/10_财务/2026-01-14 年终关账自查清单（30项）.md	年终关账自查清单（30项）		K1+K6	locator-only	synthesis/2026-09-12-obsidian-scan/W4-wechat-1546-snapshot.md	
wechat-c024ea577623	vault:processed/微信知识库/数据分析不是个事儿/01_数据分析/2025-03-05 Excel高阶技巧与动态图表实战指南！拯救95%报表民工！.md	Excel高阶技巧与动态图表实战指南！拯救95%报表民工！		K1+K6	locator-only	synthesis/2026-09-12-obsidian-scan/W4-wechat-1546-snapshot.md	
wechat-c026d358a4f2	vault:processed/微信知识库/奔向自由的果/01_报表模板与看板/2026-07-10 财务 BP 管理总则（纲领性文件，明确财务 BP 定位与价值）.md	财务 BP 管理总则（纲领性文件，明确财务 BP 定位与价值）		K5	locator-only	synthesis/2026-09-12-obsidian-scan/W4-wechat-1546-snapshot.md	
wechat-c057c872b8a0	vault:processed/微信知识库/木木自由/01_数据分析必备/2023-11-01 收藏 如何撰写数据分析报告？（附案例及数据源下载）.md	收藏 | 如何撰写数据分析报告？（附案例及数据源下载）		K4+K8	locator-only	synthesis/2026-09-12-obsidian-scan/W4-wechat-1546-snapshot.md	
wechat-c082592e17de	vault:processed/微信知识库/宸帆海财会咨询服务/10_财务/2025-10-27 经营分析会 8个关键指标.md	经营分析会 8个关键指标		K3+K4+K6	locator-only	synthesis/2026-09-12-obsidian-scan/W4-wechat-1546-snapshot.md	
wechat-c0aea6440c55	vault:processed/微信知识库/木木自由/01_数据分析必备/2024-07-14 AI赋能各行各业精讲（附AI赋能案例以及相关报告···等材料下载）.md	AI赋能各行各业精讲（附AI赋能案例以及相关报告···等材料下载）		K4+K6+K8	locator-only	synthesis/2026-09-12-obsidian-scan/W4-wechat-1546-snapshot.md	
wechat-c0ff70f2b10e	vault:processed/微信知识库/数据熊/04_经营分析/2026-07-08 2026年上半年经营分析报告.pptx.md	2026年上半年经营分析报告.pptx		K4	locator-only	synthesis/2026-09-12-obsidian-scan/W4-wechat-1546-snapshot.md	
wechat-c10db2b94fba	vault:processed/微信知识库/木木自由/01_数据分析必备/2024-09-11 BI项目相关指南：框架设计、项目核心要素、技术+数据架构、建设地图、应用案例···（附相关材料下载）.md	BI项目相关指南：框架设计、项目核心要素、技术+数据架构、建设地图、应用案例···（附相关材料下载）		K4+K5+K6+K8	locator-only	synthesis/2026-09-12-obsidian-scan/W4-wechat-1546-snapshot.md	
wechat-c134bfa0a303	vault:processed/微信知识库/数据熊/05_货币资金/2026-07-03 2026年上半年资金及现金流分析报告.md	2026年上半年资金及现金流分析报告		K2	locator-only	synthesis/2026-09-12-obsidian-scan/W4-wechat-1546-snapshot.md	
wechat-c15ecd1fd337	vault:processed/微信知识库/数据熊/01_财务分析/2026-07-04 2026年上半年财务分析报告.md	2026年上半年财务分析报告			locator-only	synthesis/2026-09-12-obsidian-scan/W4-wechat-1546-snapshot.md	
wechat-c18985c55090	vault:processed/微信知识库/木木自由/01_数据分析必备/2025-03-13 《数据资产盘点及治理关指南》.md	《数据资产盘点及治理关指南》		K4+K8	locator-only	synthesis/2026-09-12-obsidian-scan/W4-wechat-1546-snapshot.md	
wechat-c198305788b7	vault:processed/微信知识库/木木自由/02_数据说/2021-01-14 精选“数据分析”好问题汇总·第二期.md	精选“数据分析”好问题汇总·第二期		K4+K8	locator-only	synthesis/2026-09-12-obsidian-scan/W4-wechat-1546-snapshot.md	
wechat-c1bcba97c250	vault:processed/微信知识库/木木自由/01_数据分析必备/2021-06-20 【原创】数据分析报告撰写概览.md	【原创】数据分析报告撰写概览		K4	locator-only	synthesis/2026-09-12-obsidian-scan/W4-wechat-1546-snapshot.md	
wechat-c1cff7f19f18	vault:processed/微信知识库/数据熊/03_财务报表/2024-10-03 如何通俗的理解资产负债表各个科目.md	如何通俗的理解资产负债表各个科目		K1+K4+K6	locator-only	synthesis/2026-09-12-obsidian-scan/W4-wechat-1546-snapshot.md	
wechat-c1e0b52cc57a	vault:processed/微信知识库/数据分析不是个事儿/01_数据分析/2024-09-25 门店管理怎么做？一文讲清门店经营分析的核心业务场景！.md	门店管理怎么做？一文讲清门店经营分析的核心业务场景！		K3+K4+K5+K6	locator-only	synthesis/2026-09-12-obsidian-scan/W4-wechat-1546-snapshot.md	
wechat-c22757b8cab6	vault:processed/微信知识库/木木自由/01_数据分析必备/2023-07-27 收藏 3种常见的数据分析场景梳理（附案例）.md	收藏 | 3种常见的数据分析场景梳理（附案例）		K2+K4+K6+K8	locator-only	synthesis/2026-09-12-obsidian-scan/W4-wechat-1546-snapshot.md	
wechat-c25fd1ab1b95	vault:processed/微信知识库/数据熊/02_财务管理/2025-03-24 产品成本是规划出来的.md	产品成本是规划出来的		K1+K2+K3+K4+K6	locator-only	synthesis/2026-09-12-obsidian-scan/W4-wechat-1546-snapshot.md	
wechat-c2bd64d1c7a3	vault:processed/微信知识库/奔向自由的果/03_财务职场进阶/2026-06-18 财务高手必备的 5 个沟通技巧.md	财务高手必备的 5 个沟通技巧		K1+K4+K6+K8	locator-only	synthesis/2026-09-12-obsidian-scan/W4-wechat-1546-snapshot.md	
wechat-c2ee1d0ca795	vault:processed/微信知识库/数据熊/04_经营分析/2026-01-23 2025年经营分析报告（简约版）.md	2025年经营分析报告（简约版）		K4+K6	locator-only	synthesis/2026-09-12-obsidian-scan/W4-wechat-1546-snapshot.md	
wechat-c2fc869ef2c2	vault:processed/微信知识库/数据分析不是个事儿/01_数据分析/2024-01-18 这才是人力资源数据分析，你那只是做报表！.md	这才是人力资源数据分析，你那只是做报表！		K2+K4+K5+K6	locator-only	synthesis/2026-09-12-obsidian-scan/W4-wechat-1546-snapshot.md	
wechat-c306e7787488	vault:processed/微信知识库/数据熊/04_经营分析/2025-08-24 经营分析，一定要有系统性思维.md	经营分析，一定要有系统性思维		K3+K4+K6	locator-only	synthesis/2026-09-12-obsidian-scan/W4-wechat-1546-snapshot.md	
wechat-c32fa7880a6b	vault:processed/微信知识库/奔向自由的果/01_报表模板与看板/2026-08-03 全面预算管理报表—月度 经营利润预算执行与损益分析报表.md	全面预算管理报表—月度/经营利润预算执行与损益分析报表		K4+K5+K6+K8	locator-only	synthesis/2026-09-12-obsidian-scan/W4-wechat-1546-snapshot.md	
wechat-c3875f19c1aa	vault:processed/微信知识库/数据熊/04_经营分析/2025-12-19 一张看板搞定零售经营分析：动销率、流转率、售空率、售罄SKU占比.md	一张看板搞定零售经营分析：动销率、流转率、售空率、售罄SKU占比		K3+K4+K5+K6	locator-only	synthesis/2026-09-12-obsidian-scan/W4-wechat-1546-snapshot.md	
wechat-c3a3d82dc18e	vault:processed/微信知识库/奔向自由的果/01_报表模板与看板/2026-06-05 财务经营分析·同比环比预算比·多维度盈利分析看板.md	财务经营分析·同比环比预算比·多维度盈利分析看板		K3+K4+K5+K6+K7	locator-only	synthesis/2026-09-12-obsidian-scan/W4-wechat-1546-snapshot.md	
wechat-c3d83e4ca802	vault:processed/微信知识库/木木自由/01_数据分析必备/2025-01-08 「市场营销分析模型」，建议收藏！PESTLE模型、内容5A营销模型、波特的三个基本战略、漏斗分析模型、AIDMA模型···.md	「市场营销分析模型」，建议收藏！PESTLE模型、内容5A营销模型、波特的三个基本战略、漏斗分析模型、AIDMA模型···		K4+K8	locator-only	synthesis/2026-09-12-obsidian-scan/W4-wechat-1546-snapshot.md	
wechat-c40a4ba2e7c6	vault:processed/微信知识库/数据分析不是个事儿/01_数据分析/2025-03-20 产品分析怎么做？90%的产品经理都在用的五大分析模型！.md	产品分析怎么做？90%的产品经理都在用的五大分析模型！		K4+K5+K6	locator-only	synthesis/2026-09-12-obsidian-scan/W4-wechat-1546-snapshot.md	
wechat-c415ce394c55	vault:processed/微信知识库/奔向自由的果/03_财务职场进阶/2026-08-12 财务人要离职必办的 32 件事.md	财务人要离职必办的 32 件事		K1+K4	locator-only	synthesis/2026-09-12-obsidian-scan/W4-wechat-1546-snapshot.md	
wechat-c437b2a2b746	vault:processed/微信知识库/木木自由/01_数据分析必备/2021-06-06 【原创】以互联网行业为背景下的数据分析通识（上）.md	【原创】以互联网行业为背景下的数据分析通识（上）		K4+K6	locator-only	synthesis/2026-09-12-obsidian-scan/W4-wechat-1546-snapshot.md	
wechat-c4ab425d4fc6	vault:processed/微信知识库/木木自由/01_数据分析必备/2024-05-27 运营数据分析指南：流量数据、客户数据、渠道数据···等分析思路【106页 附运营分析案例报告下载】.md	运营数据分析指南：流量数据、客户数据、渠道数据···等分析思路【106页  附运营分析案例报告下载】		K4+K6+K8	locator-only	synthesis/2026-09-12-obsidian-scan/W4-wechat-1546-snapshot.md	
wechat-c4b395cbe8a9	vault:processed/微信知识库/奔向自由的果/01_报表模板与看板/2026-09-07 财务内控看板-费用报销合规性 与 异常预警.md	财务内控看板-费用报销合规性 与 异常预警		K5+K6+K7	locator-only	synthesis/2026-09-12-obsidian-scan/W4-wechat-1546-snapshot.md	
wechat-c4b66cbe5e81	vault:processed/微信知识库/宸帆海财会咨询服务/01_会计/2025-02-03 会计调账全攻略！.md	会计调账全攻略！		K1+K4+K6+K7	locator-only	synthesis/2026-09-12-obsidian-scan/W4-wechat-1546-snapshot.md	
wechat-c4e70d3a37e1	vault:processed/微信知识库/数据熊/04_经营分析/2025-02-01 15个行业225个关键分析指标.md	15个行业225个关键分析指标		K2+K3+K4+K6	locator-only	synthesis/2026-09-12-obsidian-scan/W4-wechat-1546-snapshot.md	
wechat-c4f3bffdf522	vault:processed/微信知识库/数据熊/04_经营分析/2025-12-21 经营分析，到底是财务的事还是业务的？.md	经营分析，到底是财务的事还是业务的？		K4	locator-only	synthesis/2026-09-12-obsidian-scan/W4-wechat-1546-snapshot.md	
wechat-c507988a831e	vault:processed/微信知识库/奔向自由的果/01_报表模板与看板/2026-08-30 财务资金管理组织与职责分工制度.md	财务资金管理组织与职责分工制度		K5+K6	locator-only	synthesis/2026-09-12-obsidian-scan/W4-wechat-1546-snapshot.md	
wechat-c53314bd1e7a	vault:processed/微信知识库/木木自由/01_数据分析必备/2022-09-12 如何在业务数据分析过程中应用“机器学习”技术.md	如何在业务数据分析过程中应用“机器学习”技术		K4+K5+K6+K8	locator-only	synthesis/2026-09-12-obsidian-scan/W4-wechat-1546-snapshot.md	
wechat-c5690c4d6c17	vault:processed/微信知识库/数据熊/04_经营分析/2026-07-26 经营分析会，必须用好这4个清单！（附Excel模板）.md	经营分析会，必须用好这4个清单！（附Excel模板）		K4	locator-only	synthesis/2026-09-12-obsidian-scan/W4-wechat-1546-snapshot.md	
wechat-c5798d952fa9	vault:processed/微信知识库/数据熊/04_经营分析/2025-11-12 经营分析，三个核心维度及关键指标.md	经营分析，三个核心维度及关键指标		K4	locator-only	synthesis/2026-09-12-obsidian-scan/W4-wechat-1546-snapshot.md	
wechat-c593ab1c962b	vault:processed/微信知识库/奔向自由的果/03_财务职场进阶/2026-05-23 财务人的职业天花板，这 6 个核心角色才是破局关键.md	财务人的职业天花板，这 6 个核心角色才是破局关键		K4+K6+K7+K8	locator-only	synthesis/2026-09-12-obsidian-scan/W4-wechat-1546-snapshot.md	
wechat-c5c31a702df8	vault:processed/微信知识库/奔向自由的果/02_图解经营分析/【财务干货图解】财务岗必看！经营分析闭环思维，让报告从“纸上”到“落地”.md	【财务干货图解】财务岗必看！经营分析闭环思维，让报告从“纸上”到“落地”		K4	locator-only	synthesis/2026-09-12-obsidian-scan/W4-wechat-1546-snapshot.md	
wechat-c5d1c7023c09	vault:processed/微信知识库/数据熊/04_经营分析/2026-02-09 美的集团经营指标体系（附excel）.md	美的集团经营指标体系（附excel）		K2+K4+K6	locator-only	synthesis/2026-09-12-obsidian-scan/W4-wechat-1546-snapshot.md	
wechat-c601645853d2	vault:processed/微信知识库/木木自由/01_数据分析必备/2024-06-04 收藏 数据治理：12张图详解数据安全分类分级（附数据治理应用案例、构架···等相关资料下载）.md	收藏 | 数据治理：12张图详解数据安全分类分级（附数据治理应用案例、构架···等相关资料下载）		K4+K8	locator-only	synthesis/2026-09-12-obsidian-scan/W4-wechat-1546-snapshot.md	
wechat-c604a1278bb8	vault:processed/微信知识库/数据熊/02_财务管理/2026-07-28 2026年上半年财务总监工作总结.pptx.md	2026年上半年财务总监工作总结.pptx			locator-only	synthesis/2026-09-12-obsidian-scan/W4-wechat-1546-snapshot.md	
wechat-c657979c4ca7	vault:processed/微信知识库/木木自由/01_数据分析必备/2024-05-13 干货 数据中台知识体系总结（附相关材料下载）.md	干货 | 数据中台知识体系总结（附相关材料下载）		K4+K6+K8	locator-only	synthesis/2026-09-12-obsidian-scan/W4-wechat-1546-snapshot.md	
wechat-c66d3d93aec1	vault:processed/微信知识库/数据熊/03_财务报表/2024-11-30 通过财务报表预判经营业绩的几个关键技巧.md	通过财务报表预判经营业绩的几个关键技巧		K1+K4+K6+K7	locator-only	synthesis/2026-09-12-obsidian-scan/W4-wechat-1546-snapshot.md	
wechat-c6822b9bb329	vault:processed/微信知识库/宸帆海财会咨询服务/09_税务/2025-03-30 一文秒懂！法人、法人代表、法定代表人的10大区别.md	一文秒懂！法人、法人代表、法定代表人的10大区别		K1+K4	locator-only	synthesis/2026-09-12-obsidian-scan/W4-wechat-1546-snapshot.md	
wechat-c6c0ffbda460	vault:processed/微信知识库/数据熊/02_财务管理/2026-08-24 2026年8月库存分析报告.pptx.md	2026年8月库存分析报告.pptx			locator-only	synthesis/2026-09-12-obsidian-scan/W4-wechat-1546-snapshot.md	
wechat-c6d17f76749f	vault:processed/微信知识库/宸帆海财会咨询服务/02_企业所得税/2024-07-15 增值税和企业所得税税会差异应如何调整？.md	增值税和企业所得税税会差异应如何调整？		K6	locator-only	synthesis/2026-09-12-obsidian-scan/W4-wechat-1546-snapshot.md	
wechat-c6d698ae25b0	vault:processed/微信知识库/木木自由/01_数据分析必备/2025-04-15 经营指标培训PPT.md	经营指标培训PPT		K1+K2+K3+K4+K6+K8	locator-only	synthesis/2026-09-12-obsidian-scan/W4-wechat-1546-snapshot.md	
wechat-c6d95e9ee059	vault:processed/微信知识库/数据熊/02_财务管理/2025-06-18 费用报销审批流程及附件清单.md	费用报销审批流程及附件清单		K1+K6+K7	locator-only	synthesis/2026-09-12-obsidian-scan/W4-wechat-1546-snapshot.md	
wechat-c70a8ba6708e	vault:processed/微信知识库/数据分析不是个事儿/03_模型/2024-01-22 数据分析的必备利器：高阶函数的用法模型.md	数据分析的必备利器：高阶函数的用法模型		K4+K5+K6	locator-only	synthesis/2026-09-12-obsidian-scan/W4-wechat-1546-snapshot.md	
wechat-c714b64d3cc3	vault:processed/微信知识库/宸帆海财会咨询服务/01_会计/2024-10-09 印花税的征税对象与税率是怎样规定的呢？.md	印花税的征税对象与税率是怎样规定的呢？		K4	locator-only	synthesis/2026-09-12-obsidian-scan/W4-wechat-1546-snapshot.md	
wechat-c786d7a4bd8e	vault:processed/微信知识库/奔向自由的果/02_图解经营分析/【财务干货图解】经营分析不是套模板！用存货周转率讲透问题导向思维.md	【财务干货图解】经营分析不是套模板！用存货周转率讲透问题导向思维		K3+K4+K6	locator-only	synthesis/2026-09-12-obsidian-scan/W4-wechat-1546-snapshot.md	
wechat-c7b90385afb9	vault:processed/微信知识库/木木自由/01_数据分析必备/2024-08-22 经营分析四大要点+三大日常工作内容（附相关材料下载）.md	经营分析四大要点+三大日常工作内容（附相关材料下载）		K4+K6+K8	locator-only	synthesis/2026-09-12-obsidian-scan/W4-wechat-1546-snapshot.md	
wechat-c7edc93b49da	vault:processed/微信知识库/木木自由/01_数据分析必备/2023-09-25 收藏 数据挖掘及入门应用方法（附数据挖掘案例下载）.md	收藏 | 数据挖掘及入门应用方法（附数据挖掘案例下载）		K4+K8	locator-only	synthesis/2026-09-12-obsidian-scan/W4-wechat-1546-snapshot.md	
wechat-c802e1033fa5	vault:processed/微信知识库/数据熊/04_经营分析/2026-04-22 经营分析报告，要抓住主要矛盾（附经营分析报告.pptx).md	经营分析报告，要抓住主要矛盾（附经营分析报告.pptx)		K4	locator-only	synthesis/2026-09-12-obsidian-scan/W4-wechat-1546-snapshot.md	
wechat-c81fb50def75	vault:processed/微信知识库/宸帆海财会咨询服务/03_出口退税/2025-03-23 一文读懂！出口退税计算方法.md	一文读懂！出口退税计算方法		K6+K7	locator-only	synthesis/2026-09-12-obsidian-scan/W4-wechat-1546-snapshot.md	
wechat-c88cfc1e108d	vault:processed/微信知识库/数据熊/02_财务管理/2025-01-08 财务部门的KPI该如何设定？.md	财务部门的KPI该如何设定？		K3+K4+K6	locator-only	synthesis/2026-09-12-obsidian-scan/W4-wechat-1546-snapshot.md	
wechat-c8ed95b39f90	vault:processed/微信知识库/数据熊/05_货币资金/2025-12-19 手搓一个“动态资金看板”（可下载）.md	手搓一个“动态资金看板”（可下载）		K2+K4+K5+K6	locator-only	synthesis/2026-09-12-obsidian-scan/W4-wechat-1546-snapshot.md	
wechat-c90765be7d3c	vault:processed/微信知识库/木木自由/01_数据分析必备/2022-11-07 数据分析学习路径（1.0版）.md	数据分析学习路径（1.0版）		K4+K5+K6+K8	locator-only	synthesis/2026-09-12-obsidian-scan/W4-wechat-1546-snapshot.md	
wechat-c908b1466869	vault:processed/微信知识库/奔向自由的果/02_图解经营分析/预算真的是我们财务去做的吗？.md	预算真的是我们财务去做的吗？		K4+K6	locator-only	synthesis/2026-09-12-obsidian-scan/W4-wechat-1546-snapshot.md	
wechat-c91ef78c1194	vault:processed/微信知识库/宸帆海财会咨询服务/02_企业所得税/2025-03-03 企业账面未分配利润过高怎么解决？这10招赶紧用起来.md	企业账面未分配利润过高怎么解决？这10招赶紧用起来		K6+K7	locator-only	synthesis/2026-09-12-obsidian-scan/W4-wechat-1546-snapshot.md	
wechat-c937d89db30b	vault:processed/微信知识库/数据分析不是个事儿/01_数据分析/2024-12-05 帆软实践：财务领域的BI 应用创新.md	帆软实践：财务领域的BI 应用创新		K4+K5+K6+K7	locator-only	synthesis/2026-09-12-obsidian-scan/W4-wechat-1546-snapshot.md	
wechat-c95586216067	vault:processed/微信知识库/木木自由/07_数据分析/2025-12-31 数据分析学习路径（3.0版）—2026AI时代零基础转行数据分析学习8步走.md	数据分析学习路径（3.0版）—2026AI时代零基础转行数据分析学习8步走		K4+K5+K8	locator-only	synthesis/2026-09-12-obsidian-scan/W4-wechat-1546-snapshot.md	
wechat-c99a05a4de48	vault:processed/微信知识库/宸帆海财会咨询服务/03_出口退税/2025-04-08 一文看懂！出口退税涉及的3大核心税种.md	一文看懂！出口退税涉及的3大核心税种		K4+K6+K7	locator-only	synthesis/2026-09-12-obsidian-scan/W4-wechat-1546-snapshot.md	
wechat-c9a0adef76a4	vault:processed/微信知识库/奔向自由的果/01_报表模板与看板/2026-08-20 财务部月度现金流滚动预测 与 资金缺口预警 报表.md	财务部月度现金流滚动预测 与 资金缺口预警 报表		K4+K5+K6	locator-only	synthesis/2026-09-12-obsidian-scan/W4-wechat-1546-snapshot.md	
wechat-c9a29c967c39	vault:processed/微信知识库/宸帆海财会咨询服务/03_出口退税/2025-01-21 外币收汇与结汇账务处理全解析！！！.md	外币收汇与结汇账务处理全解析！！！		K1+K4+K6+K7	locator-only	synthesis/2026-09-12-obsidian-scan/W4-wechat-1546-snapshot.md	
wechat-c9acd61390ac	vault:processed/微信知识库/木木自由/01_数据分析必备/2024-12-06 统计学中常用的数据分析方法大总结：描述统计、假设检验、信度分析、相关分析···.md	统计学中常用的数据分析方法大总结：描述统计、假设检验、信度分析、相关分析···		K2+K4+K8	locator-only	synthesis/2026-09-12-obsidian-scan/W4-wechat-1546-snapshot.md	
wechat-c9b48539fac5	vault:processed/微信知识库/奔向自由的果/03_财务职场进阶/2026-03-12 一张财务总监核心工作清单.md	一张财务总监核心工作清单		K1+K3+K4+K6	locator-only	synthesis/2026-09-12-obsidian-scan/W4-wechat-1546-snapshot.md	
wechat-c9c1b8eb9fdd	vault:processed/微信知识库/数据熊/02_财务管理/2025-01-12 应收账款管理，财务部门应该承担哪些责任？.md	应收账款管理，财务部门应该承担哪些责任？		K4+K6+K7	locator-only	synthesis/2026-09-12-obsidian-scan/W4-wechat-1546-snapshot.md	
wechat-c9cac14da872	vault:processed/微信知识库/数据熊/04_经营分析/2025-09-13 经营分析的关键，从来不是数据复盘（附PPT模板）.md	经营分析的关键，从来不是数据复盘（附PPT模板）		K4+K5	locator-only	synthesis/2026-09-12-obsidian-scan/W4-wechat-1546-snapshot.md	
wechat-c9cb9f8bde96	vault:processed/微信知识库/数据熊/04_经营分析/2025-09-11 经营分析会：要先谈生意，再谈管理（附ppt模板）.md	经营分析会：要先谈生意，再谈管理（附ppt模板）		K4+K5	locator-only	synthesis/2026-09-12-obsidian-scan/W4-wechat-1546-snapshot.md	
wechat-c9ec4155170a	vault:processed/微信知识库/数据熊/01_财务分析/2025-09-08 财务BP的三张底牌：能影响业务，才能走向管理岗.md	财务BP的三张底牌：能影响业务，才能走向管理岗		K3+K4+K6	locator-only	synthesis/2026-09-12-obsidian-scan/W4-wechat-1546-snapshot.md	
wechat-ca2429e5bc4d	vault:processed/微信知识库/数据分析不是个事儿/01_数据分析/2025-01-17 看懂利润表原来这么简单？一文讲清利润表分析要点！.md	看懂利润表原来这么简单？一文讲清利润表分析要点！		K1+K2+K3+K4+K6+K7	locator-only	synthesis/2026-09-12-obsidian-scan/W4-wechat-1546-snapshot.md	
wechat-ca9158b4d211	vault:processed/微信知识库/奔向自由的果/01_报表模板与看板/2026-04-08 业财融合专属分析—应收款与客户信用管控看板（PPT,EXCEL）.md	业财融合专属分析—应收款与客户信用管控看板（PPT,EXCEL）		K4+K5+K6+K7	locator-only	synthesis/2026-09-12-obsidian-scan/W4-wechat-1546-snapshot.md	
wechat-ca936f26e06a	vault:processed/微信知识库/数据熊/04_经营分析/2024-12-24 总经理2024年度工作总结及2025年工作计划（典型话术、免费ppt模板）.md	总经理2024年度工作总结及2025年工作计划（典型话术、免费ppt模板）		K3+K4+K6	locator-only	synthesis/2026-09-12-obsidian-scan/W4-wechat-1546-snapshot.md	
wechat-ca9bdf6fd036	vault:processed/微信知识库/木木自由/01_数据分析必备/2025-01-03 数据分析必备「RFM模型」，建议收藏！用户精细化运营、量化用户价值···.md	数据分析必备「RFM模型」，建议收藏！用户精细化运营、量化用户价值···		K4+K8	locator-only	synthesis/2026-09-12-obsidian-scan/W4-wechat-1546-snapshot.md	
wechat-caa9a8e0b5dd	vault:processed/微信知识库/木木自由/02_数据说/2021-09-21 精选“数据分析”好问题汇总·第三期.md	精选“数据分析”好问题汇总·第三期		K4+K6+K8	locator-only	synthesis/2026-09-12-obsidian-scan/W4-wechat-1546-snapshot.md	
wechat-cabd12cbd249	vault:processed/微信知识库/数据分析不是个事儿/01_数据分析/2024-10-24 这是我见过最完整的汽车销售数据分析看板，直接套用！.md	这是我见过最完整的汽车销售数据分析看板，直接套用！		K4+K5+K6	locator-only	synthesis/2026-09-12-obsidian-scan/W4-wechat-1546-snapshot.md	
wechat-caf06a7be1af	vault:processed/微信知识库/数据熊/04_经营分析/2026-06-02 2026年5月销售分析报告.md	2026年5月销售分析报告		K4+K6	locator-only	synthesis/2026-09-12-obsidian-scan/W4-wechat-1546-snapshot.md	
wechat-cb1e1123cd6d	vault:processed/微信知识库/木木自由/01_数据分析必备/2025-02-18 经营分析之「库存分析指南」：库存四大层级分析、核心公式、库存分析与控制、制造业库存分析、动态库存数据分析透视表、案例应用···.md	经营分析之「库存分析指南」：库存四大层级分析、核心公式、库存分析与控制、制造业库存分析、动态库存数据分析透视表、案例应用···		K3+K4+K6+K8	locator-only	synthesis/2026-09-12-obsidian-scan/W4-wechat-1546-snapshot.md	
wechat-cb40a3906d9f	vault:processed/微信知识库/木木自由/02_数据说/2024-01-17 观点 数据分析是行业，还是技能？（附数据分析学习路径相关资料下载）.md	观点 | 数据分析是行业，还是技能？（附数据分析学习路径相关资料下载）		K4+K8	locator-only	synthesis/2026-09-12-obsidian-scan/W4-wechat-1546-snapshot.md	
wechat-cb62168f2709	vault:processed/微信知识库/数据熊/01_财务分析/2025-04-28 成本与费用的本质区别：案例详解.md	成本与费用的本质区别：案例详解		K1+K3+K4+K5+K6	locator-only	synthesis/2026-09-12-obsidian-scan/W4-wechat-1546-snapshot.md	
wechat-cb7856b84ee2	vault:processed/微信知识库/宸帆海财会咨询服务/01_会计/2025-02-15 别错过！2025 年个人所得税专项附加扣除，让你多拿一笔钱.md	别错过！2025 年个人所得税专项附加扣除，让你多拿一笔钱		K6	locator-only	synthesis/2026-09-12-obsidian-scan/W4-wechat-1546-snapshot.md	
wechat-cb817621477c	vault:processed/微信知识库/宸帆海财会咨询服务/03_出口退税/2025-03-12 收藏！外贸企业出口退税实操指南.md	收藏！外贸企业出口退税实操指南		K1+K4+K6+K8	locator-only	synthesis/2026-09-12-obsidian-scan/W4-wechat-1546-snapshot.md	
wechat-cb827b6147fb	vault:processed/微信知识库/宸帆海财会咨询服务/02_企业所得税/2025-03-27 收藏！公司股权转让线上办理实操指南.md	收藏！公司股权转让线上办理实操指南		K4+K6+K8	locator-only	synthesis/2026-09-12-obsidian-scan/W4-wechat-1546-snapshot.md	
wechat-cb9411203e7a	vault:processed/微信知识库/数据分析不是个事儿/01_数据分析/2024-07-30 BI替代PPT？销售数据分析怎么做，这篇文章给你新思路.md	BI替代PPT？销售数据分析怎么做，这篇文章给你新思路		K2+K4+K5+K6	locator-only	synthesis/2026-09-12-obsidian-scan/W4-wechat-1546-snapshot.md	
wechat-cc08a228da96	vault:processed/微信知识库/宸帆海财会咨询服务/01_会计/2025-02-19 必知！25个常用财务分析指标.md	必知！25个常用财务分析指标		K2+K3+K4+K6	locator-only	synthesis/2026-09-12-obsidian-scan/W4-wechat-1546-snapshot.md	
wechat-cc16fe63c0db	vault:processed/微信知识库/奔向自由的果/03_财务职场进阶/2026-03-14 业财融合：财务有业务思维和业务有财务思维，哪个更重要？.md	业财融合：财务有业务思维和业务有财务思维，哪个更重要？		K3+K4+K6+K7	locator-only	synthesis/2026-09-12-obsidian-scan/W4-wechat-1546-snapshot.md	
wechat-cc1b5af29a2a	vault:processed/微信知识库/木木自由/02_数据说/2020-08-18 数据驱动业务增长的底层逻辑2.0.md	数据驱动业务增长的底层逻辑2.0		K4+K5+K6+K8	locator-only	synthesis/2026-09-12-obsidian-scan/W4-wechat-1546-snapshot.md	
wechat-cc2aecc1daa4	vault:processed/微信知识库/数据熊/04_经营分析/2026-07-01 2026年上半年销售分析报告.md	2026年上半年销售分析报告		K4	locator-only	synthesis/2026-09-12-obsidian-scan/W4-wechat-1546-snapshot.md	
wechat-cc5d639f035d	vault:processed/微信知识库/数据熊/01_财务分析/2025-06-06 资产负债表分析：如何快速摸清企业家底？.md	资产负债表分析：如何快速摸清企业家底？		K1+K3+K4+K6	locator-only	synthesis/2026-09-12-obsidian-scan/W4-wechat-1546-snapshot.md	
wechat-cc683e35a64a	vault:processed/微信知识库/数据熊/04_经营分析/2025-07-01 经营分析，要把问题拆到拆不动为止.md	经营分析，要把问题拆到拆不动为止		K1+K2+K3+K4+K6+K7+K8	locator-only	synthesis/2026-09-12-obsidian-scan/W4-wechat-1546-snapshot.md	
wechat-ccdb8b26d53c	vault:processed/微信知识库/木木自由/02_数据说/2022-05-29 数据分析师如何才能具备较强的业务敏感度.md	数据分析师如何才能具备较强的业务敏感度		K4+K5+K6+K8	locator-only	synthesis/2026-09-12-obsidian-scan/W4-wechat-1546-snapshot.md	
wechat-cd19c2cd1eb6	vault:processed/微信知识库/木木自由/07_数据分析/2023-08-03 思维 麦肯锡结构化战略思维（附资料下载）.md	思维 | 麦肯锡结构化战略思维（附资料下载）		K4+K6+K8	locator-only	synthesis/2026-09-12-obsidian-scan/W4-wechat-1546-snapshot.md	
wechat-cd7e0b9b04a9	vault:processed/微信知识库/奔向自由的果/02_图解经营分析/【图解】成本费用率深度解析.md	【图解】成本费用率深度解析		K4+K6	locator-only	synthesis/2026-09-12-obsidian-scan/W4-wechat-1546-snapshot.md	
wechat-cd99482e3409	vault:processed/微信知识库/木木自由/01_数据分析必备/2024-02-18 干货 如何做好财务分析（附72页财务工作中的数据分析解析材料下载）.md	干货 | 如何做好财务分析（附72页财务工作中的数据分析解析材料下载）		K1+K2+K4+K6+K7	locator-only	synthesis/2026-09-12-obsidian-scan/W4-wechat-1546-snapshot.md	
wechat-cdb43f2e3e4c	vault:processed/微信知识库/奔向自由的果/03_财务职场进阶/2026-03-28 财务主管述职报告：这 4 个核心模块，才是老板真正想看的.md	财务主管述职报告：这 4 个核心模块，才是老板真正想看的		K4+K6	locator-only	synthesis/2026-09-12-obsidian-scan/W4-wechat-1546-snapshot.md	
wechat-cdb84f7ea192	vault:processed/微信知识库/宸帆海财会咨询服务/05_进出口/2025-07-05 福利！出口退税实操指南.md	福利！出口退税实操指南		K4+K6+K8	locator-only	synthesis/2026-09-12-obsidian-scan/W4-wechat-1546-snapshot.md	
wechat-cdca5409d539	vault:processed/微信知识库/木木自由/01_数据分析必备/2024-10-11 项目思维及项目管理的道、法、术（附相关材料下载）.md	项目思维及项目管理的道、法、术（附相关材料下载）		K4+K8	locator-only	synthesis/2026-09-12-obsidian-scan/W4-wechat-1546-snapshot.md	
wechat-cdd1f5c77fc1	vault:processed/微信知识库/木木自由/01_数据分析必备/2024-06-12 收藏 数据治理支撑资产化入表与价值实现+数据资产入表问题系统学习指南（附数据治理应用案例、资产化入表指南等材料下载）.md	收藏 | 数据治理支撑资产化入表与价值实现+数据资产入表问题系统学习指南（附数据治理应用案例、资产化入表指南等材料下载）		K4+K8	locator-only	synthesis/2026-09-12-obsidian-scan/W4-wechat-1546-snapshot.md	
wechat-cdf4c80f3674	vault:processed/微信知识库/数据分析不是个事儿/01_数据分析/2024-10-01 用户复购行为，如何分析？.md	用户复购行为，如何分析？		K4+K5	locator-only	synthesis/2026-09-12-obsidian-scan/W4-wechat-1546-snapshot.md	
wechat-ce445e257c6e	vault:processed/微信知识库/木木自由/01_数据分析必备/2025-02-25 餐饮企业数据分析体系+餐饮企业Python数据分析案例（150+页 PPT）.md	餐饮企业数据分析体系+餐饮企业Python数据分析案例（150+页 PPT）		K4+K8	locator-only	synthesis/2026-09-12-obsidian-scan/W4-wechat-1546-snapshot.md	
wechat-ce6774b3b52b	vault:processed/微信知识库/数据熊/01_财务分析/2025-06-26 35岁的财务，就不要迷恋CPA了.md	35岁的财务，就不要迷恋CPA了		K4+K5+K6+K7+K8	locator-only	synthesis/2026-09-12-obsidian-scan/W4-wechat-1546-snapshot.md	
wechat-ce82583600b0	vault:processed/微信知识库/木木自由/02_数据说/2022-07-12 《数据化管理》：洞悉零售及电子商务运营.md	《数据化管理》：洞悉零售及电子商务运营		K4+K6+K8	locator-only	synthesis/2026-09-12-obsidian-scan/W4-wechat-1546-snapshot.md	
wechat-cea7debdf6af	vault:processed/微信知识库/数据熊/01_财务分析/2026-05-31 2026年5月财务分析报告.md	2026年5月财务分析报告		K4+K6	locator-only	synthesis/2026-09-12-obsidian-scan/W4-wechat-1546-snapshot.md	
wechat-cebb90fd885e	vault:processed/微信知识库/宸帆海财会咨询服务/01_会计/2024-10-09 企业改制、合并、分立、增资时，需要缴纳哪些印花税？.md	企业改制、合并、分立、增资时，需要缴纳哪些印花税？		K1+K4+K6	locator-only	synthesis/2026-09-12-obsidian-scan/W4-wechat-1546-snapshot.md	
wechat-cede03601c01	vault:processed/微信知识库/木木自由/01_数据分析必备/2024-05-14 行业分析框架：思路、方法模型、报告模版···等【52页 附下载】.md	行业分析框架：思路、方法模型、报告模版···等【52页  附下载】		K4+K8	locator-only	synthesis/2026-09-12-obsidian-scan/W4-wechat-1546-snapshot.md	
wechat-cef6cc575b13	vault:processed/微信知识库/奔向自由的果/01_报表模板与看板/2026-07-04 2026年上半年 应收 应付会计岗位 年中总结及可视化看板.md	2026年上半年 应收 / 应付会计岗位 年中总结及可视化看板		K4+K5+K6	locator-only	synthesis/2026-09-12-obsidian-scan/W4-wechat-1546-snapshot.md	
wechat-cf32bf1665b3	vault:processed/微信知识库/木木自由/01_数据分析必备/2023-03-10 销售数据分析方法、如何写好一个专题分析报告、Hive大数据知识体系教程、大数据分析平台总体架构方案…… 本周精华.md	销售数据分析方法、如何写好一个专题分析报告、Hive大数据知识体系教程、大数据分析平台总体架构方案……| 本周精华		K4+K6+K8	locator-only	synthesis/2026-09-12-obsidian-scan/W4-wechat-1546-snapshot.md	
wechat-cf439aa41c0f	vault:processed/微信知识库/数据分析不是个事儿/01_数据分析/2024-12-18 六大数据分析模型，帮助财务真正融入业务！.md	六大数据分析模型，帮助财务真正融入业务！		K4+K5+K6+K7	locator-only	synthesis/2026-09-12-obsidian-scan/W4-wechat-1546-snapshot.md	
wechat-cf78ca1aa3ff	vault:processed/微信知识库/数据熊/04_经营分析/2025-12-27 经营分析，到底应该由谁来写.md	经营分析，到底应该由谁来写		K4+K6	locator-only	synthesis/2026-09-12-obsidian-scan/W4-wechat-1546-snapshot.md	
wechat-cf79fccc3a61	vault:processed/微信知识库/数据熊/04_经营分析/2026-01-22 美的集团经营指标体系（附excel）.md	美的集团经营指标体系（附excel）		K2+K4+K6	locator-only	synthesis/2026-09-12-obsidian-scan/W4-wechat-1546-snapshot.md	
wechat-cf8c7635fe61	vault:processed/微信知识库/数据熊/02_财务管理/2025-04-05 十种典型融资模式（附案例）.md	十种典型融资模式（附案例）		K4+K6	locator-only	synthesis/2026-09-12-obsidian-scan/W4-wechat-1546-snapshot.md	
wechat-d058814c392e	vault:processed/微信知识库/宸帆海财会咨询服务/02_企业所得税/2025-04-09 必知！企业所得税汇算清缴15大关键易错点.md	必知！企业所得税汇算清缴15大关键易错点		K1+K4+K6	locator-only	synthesis/2026-09-12-obsidian-scan/W4-wechat-1546-snapshot.md	
wechat-d095f94f63b8	vault:processed/微信知识库/数据分析不是个事儿/01_数据分析/2024-12-07 电商数据分析师打卡营，限时3天报名，免费上车.md	电商数据分析师打卡营，限时3天报名，免费上车		K4+K6+K7	locator-only	synthesis/2026-09-12-obsidian-scan/W4-wechat-1546-snapshot.md	
wechat-d0b667f813cd	vault:processed/微信知识库/数据熊/02_财务管理/2026-02-06 财务审核合同的关键要点清单.md	财务审核合同的关键要点清单		K5	locator-only	synthesis/2026-09-12-obsidian-scan/W4-wechat-1546-snapshot.md	
wechat-d0bf33654c0e	vault:processed/微信知识库/奔向自由的果/01_报表模板与看板/2026-09-08 公司财务BP与财务共享中心-核算部职责划分制度.md	公司财务BP与财务共享中心-核算部职责划分制度		K5	locator-only	synthesis/2026-09-12-obsidian-scan/W4-wechat-1546-snapshot.md	
wechat-d0d339366f3e	vault:processed/微信知识库/木木自由/01_数据分析必备/2024-06-15 魔法数字、增长思维、数据资产入表、数据流通 治理 安全、财务综合分析 人力成本分析 文本分析 Python、SAS、R 本周精华.md	魔法数字、增长思维、数据资产入表、数据流通/治理/安全、财务综合分析/人力成本分析/文本分析/Python、SAS、R|本周精华		K4+K5+K6+K8	locator-only	synthesis/2026-09-12-obsidian-scan/W4-wechat-1546-snapshot.md	
wechat-d0d5503bbdf4	vault:processed/微信知识库/木木自由/02_数据说/2020-06-14 【数据说第十二期】如何在留存数据中，找到业务的提升点？.md	【数据说第十二期】如何在留存数据中，找到业务的提升点？		K4+K6	locator-only	synthesis/2026-09-12-obsidian-scan/W4-wechat-1546-snapshot.md	
wechat-d0eb92c790c7	vault:processed/微信知识库/数据熊/04_经营分析/2026-03-12 2026年2月销售分析报告.md	2026年2月销售分析报告		K4+K6	locator-only	synthesis/2026-09-12-obsidian-scan/W4-wechat-1546-snapshot.md	
wechat-d108497f0cda	vault:processed/微信知识库/木木自由/07_数据分析/2024-07-26 如何定制一套数据分析&行业指标&数据治理&数据中台&数据管理&元数据···制度与规范方案？（附案例+文档+30个方案等材料下载）.md	如何定制一套数据分析&行业指标&数据治理&数据中台&数据管理&元数据···制度与规范方案？（附案例+文档+30个方案等材料下载）		K4+K7+K8	locator-only	synthesis/2026-09-12-obsidian-scan/W4-wechat-1546-snapshot.md	
wechat-d1658bd2c455	vault:processed/微信知识库/奔向自由的果/02_图解经营分析/【财务经营分析干货图解】本量利分析：财务人必学的“经营决策计算器”.md	【财务经营分析干货图解】本量利分析：财务人必学的“经营决策计算器”		K4+K6	locator-only	synthesis/2026-09-12-obsidian-scan/W4-wechat-1546-snapshot.md	
wechat-d18907ac8ad2	vault:processed/微信知识库/数据熊/01_财务分析/2025-06-12 盈利能力分析，别停留在指标层.md	盈利能力分析，别停留在指标层		K1+K2+K3+K4+K5+K6	locator-only	synthesis/2026-09-12-obsidian-scan/W4-wechat-1546-snapshot.md	
wechat-d198fc5d82b5	vault:processed/微信知识库/木木自由/01_数据分析必备/2024-10-24 数据标签体系构建方法···（附相关材料下载）.md	数据标签体系构建方法···（附相关材料下载）		K4+K6+K8	locator-only	synthesis/2026-09-12-obsidian-scan/W4-wechat-1546-snapshot.md	
wechat-d1a42d9731db	vault:processed/微信知识库/木木自由/01_数据分析必备/2024-08-08 基于AI大模型的数据治理：数据治理顶层架构设计、人工智能数据治理实践指南、项目案例···（附元数据治理···等相关材料下载）.md	基于AI大模型的数据治理：数据治理顶层架构设计、人工智能数据治理实践指南、项目案例···（附元数据治理···等相关材料下载）		K4+K6+K8	locator-only	synthesis/2026-09-12-obsidian-scan/W4-wechat-1546-snapshot.md	
wechat-d1ca8c2c34c0	vault:processed/微信知识库/木木自由/01_数据分析必备/2023-03-02 APP数据分析常规思路、数据分析如何更好地应用ChatGPT、8D根因分析方法分享、精通Project项目管理…… 本周精华.md	APP数据分析常规思路、数据分析如何更好地应用ChatGPT、8D根因分析方法分享、精通Project项目管理……| 本周精华		K4+K5+K8	locator-only	synthesis/2026-09-12-obsidian-scan/W4-wechat-1546-snapshot.md	
wechat-d1d823e244ee	vault:processed/微信知识库/宸帆海财会咨询服务/02_企业所得税/2024-11-15 税务机关是如何知道企业偷税漏税的？.md	税务机关是如何知道企业偷税漏税的？		K4+K6	locator-only	synthesis/2026-09-12-obsidian-scan/W4-wechat-1546-snapshot.md	
wechat-d1f26ba7568c	vault:processed/微信知识库/木木自由/02_数据说/2020-06-21 【数据说第十三期】数据驱动业务增长的底层逻辑.md	【数据说第十三期】数据驱动业务增长的底层逻辑		K4+K5+K6+K8	locator-only	synthesis/2026-09-12-obsidian-scan/W4-wechat-1546-snapshot.md	
wechat-d20516ce82ff	vault:processed/微信知识库/数据熊/02_财务管理/2025-01-13 管理费用管控，关键要做好这几点.md	管理费用管控，关键要做好这几点		K6	locator-only	synthesis/2026-09-12-obsidian-scan/W4-wechat-1546-snapshot.md	
wechat-d25502057971	vault:processed/微信知识库/宸帆海财会咨询服务/01_会计/2025-02-23 出纳、会计、财务？别再傻傻分不清！.md	出纳、会计、财务？别再傻傻分不清！		K1+K2+K4+K6+K7+K8	locator-only	synthesis/2026-09-12-obsidian-scan/W4-wechat-1546-snapshot.md	
wechat-d26a5b5cbe51	vault:processed/微信知识库/木木自由/07_数据分析/2024-06-24 需求分析指南：分析流程、方法、案例、表格 WORD模版···【55页 附下载】.md	需求分析指南：分析流程、方法、案例、表格/WORD模版···【55页 附下载】		K4+K6	locator-only	synthesis/2026-09-12-obsidian-scan/W4-wechat-1546-snapshot.md	
wechat-d26c296f9b61	vault:processed/微信知识库/数据熊/03_财务报表/2025-06-11 会计利润、财务利润和管理利润，有什么不一样？.md	会计利润、财务利润和管理利润，有什么不一样？		K1+K2+K4+K6	locator-only	synthesis/2026-09-12-obsidian-scan/W4-wechat-1546-snapshot.md	
wechat-d276e6f292f9	vault:processed/微信知识库/木木自由/01_数据分析必备/2025-04-09 《目标市场分析指南》.md	《目标市场分析指南》		K4+K8	locator-only	synthesis/2026-09-12-obsidian-scan/W4-wechat-1546-snapshot.md	
wechat-d315804fa0c1	vault:processed/微信知识库/木木自由/01_数据分析必备/2024-03-20 干货 如何看穿数据可视化的谎言（附相关材料下载）.md	干货 | 如何看穿数据可视化的谎言（附相关材料下载）		K4+K5+K8	locator-only	synthesis/2026-09-12-obsidian-scan/W4-wechat-1546-snapshot.md	
wechat-d319145ffe9f	vault:processed/微信知识库/木木自由/01_数据分析必备/2025-03-21 《财务指标体系》：重要财务指标、财务报表指标体系、15个行业财务指标参考值、财务公式大全···.md	《财务指标体系》：重要财务指标、财务报表指标体系、15个行业财务指标参考值、财务公式大全···		K3+K4+K6+K7+K8	locator-only	synthesis/2026-09-12-obsidian-scan/W4-wechat-1546-snapshot.md	
wechat-d31c42d78e19	vault:processed/微信知识库/数据熊/01_财务分析/2025-10-03 2025年三季度财务分析报告模板（word版）.md	2025年三季度财务分析报告模板（word版）		K3+K4+K6	locator-only	synthesis/2026-09-12-obsidian-scan/W4-wechat-1546-snapshot.md	
wechat-d330d93e0af9	vault:processed/微信知识库/奔向自由的果/01_报表模板与看板/2026-06-11 【制度文件】财务预算管理组织与职责分工制度.md	【制度文件】财务预算管理组织与职责分工制度		K5+K6	locator-only	synthesis/2026-09-12-obsidian-scan/W4-wechat-1546-snapshot.md	
wechat-d34bba24a216	vault:processed/微信知识库/木木自由/01_数据分析必备/2023-12-20 干货 产品数据分析的方法论梳理（附产品分析案例及资料下载）.md	干货 | 产品数据分析的方法论梳理（附产品分析案例及资料下载）		K2+K4+K8	locator-only	synthesis/2026-09-12-obsidian-scan/W4-wechat-1546-snapshot.md	
wechat-d3545da52c57	vault:processed/微信知识库/数据熊/05_货币资金/2026-06-08 2026年5月资金及现金流分析报告.md	2026年5月资金及现金流分析报告		K2	locator-only	synthesis/2026-09-12-obsidian-scan/W4-wechat-1546-snapshot.md	
wechat-d3ba09cc884f	vault:processed/微信知识库/奔向自由的果/03_财务职场进阶/2026-03-13 财务经理与财务总监的5个本质区别，看完清醒了.md	财务经理与财务总监的5个本质区别，看完清醒了		K1+K4+K6+K7	locator-only	synthesis/2026-09-12-obsidian-scan/W4-wechat-1546-snapshot.md	
wechat-d3c5f3b73e9b	vault:processed/微信知识库/宸帆海财会咨询服务/01_会计/2025-03-21 自查自纠！2025税局抽查20条红线，违规必罚.md	自查自纠！2025税局抽查20条红线，违规必罚		K4+K6+K7+K8	locator-only	synthesis/2026-09-12-obsidian-scan/W4-wechat-1546-snapshot.md	
wechat-d41943cd4a5d	vault:processed/微信知识库/木木自由/01_数据分析必备/2024-11-28 一文说透数据治理的角色、要素、流程和最佳实践（附相关资料下载）.md	一文说透数据治理的角色、要素、流程和最佳实践（附相关资料下载）		K4+K5+K6+K8	locator-only	synthesis/2026-09-12-obsidian-scan/W4-wechat-1546-snapshot.md	
wechat-d424a246df8f	vault:processed/微信知识库/数据熊/04_经营分析/2026-01-01 从数据到动作：经营分析全流程.md	从数据到动作：经营分析全流程		K4+K6	locator-only	synthesis/2026-09-12-obsidian-scan/W4-wechat-1546-snapshot.md	
wechat-d45b659fa2a7	vault:processed/微信知识库/木木自由/01_数据分析必备/2021-04-06 【数据说·第二十一期】洞察细节深究业务—数据分析的进阶.md	【数据说·第二十一期】洞察细节深究业务—数据分析的进阶		K4+K6+K8	locator-only	synthesis/2026-09-12-obsidian-scan/W4-wechat-1546-snapshot.md	
wechat-d4f5329ec17d	vault:processed/微信知识库/宸帆海财会咨询服务/09_税务/2025-04-07 财务必看！工资计提未发放，税务与会计处理全解析.md	财务必看！工资计提未发放，税务与会计处理全解析		K1+K4+K6+K7	locator-only	synthesis/2026-09-12-obsidian-scan/W4-wechat-1546-snapshot.md	
wechat-d5a550c7684d	vault:processed/微信知识库/数据分析不是个事儿/01_数据分析/2025-09-25 茶饮会员管理攻略：3 个模型 + 4 步策略，建议收藏！.md	茶饮会员管理攻略：3 个模型 + 4 步策略，建议收藏！		K4+K5+K6	locator-only	synthesis/2026-09-12-obsidian-scan/W4-wechat-1546-snapshot.md	
wechat-d5bc996f075b	vault:processed/微信知识库/木木自由/01_数据分析必备/2025-04-08 《如何建立数据分析的思维框架指南》.md	《如何建立数据分析的思维框架指南》		K4+K8	locator-only	synthesis/2026-09-12-obsidian-scan/W4-wechat-1546-snapshot.md	
wechat-d5cc9679a62c	vault:processed/微信知识库/宸帆海财会咨询服务/02_企业所得税/2025-04-07 必看！2025最新税务风险自查清单.md	必看！2025最新税务风险自查清单			locator-only	synthesis/2026-09-12-obsidian-scan/W4-wechat-1546-snapshot.md	
wechat-d5d0a90f1ae1	vault:processed/微信知识库/数据熊/04_经营分析/2025-09-01 经营指标体系，要抓住主要矛盾（附PPT模板）.md	经营指标体系，要抓住主要矛盾（附PPT模板）		K3+K4+K5+K6	locator-only	synthesis/2026-09-12-obsidian-scan/W4-wechat-1546-snapshot.md	
wechat-d5d0cfa68878	vault:processed/微信知识库/木木自由/07_数据分析/2024-04-09 财务分析指南：思路、方法以及重要指标等【80页 附下载】.md	财务分析指南：思路、方法以及重要指标等【80页 附下载】		K2+K4+K7+K8	locator-only	synthesis/2026-09-12-obsidian-scan/W4-wechat-1546-snapshot.md	
wechat-d5ec4c3180fb	vault:processed/微信知识库/宸帆海财会咨询服务/08_财务管理/2024-07-13 财务证据链缺失会给企业带来哪些风险？.md	财务证据链缺失会给企业带来哪些风险？		K1+K2+K4+K6+K7	locator-only	synthesis/2026-09-12-obsidian-scan/W4-wechat-1546-snapshot.md	
wechat-d60c4668e95a	vault:processed/微信知识库/数据分析不是个事儿/01_数据分析/2025-03-11 这才是老板想看的经营分析报告！6步法模板直接套用！.md	这才是老板想看的经营分析报告！6步法模板直接套用！		K2+K3+K4+K6	locator-only	synthesis/2026-09-12-obsidian-scan/W4-wechat-1546-snapshot.md	
wechat-d617c57fbf3d	vault:processed/微信知识库/木木自由/02_数据说/2020-05-24 【数据说第九期】如何分析用户行为数据，来驱动业务增长？.md	【数据说第九期】如何分析用户行为数据，来驱动业务增长？		K4+K6+K8	locator-only	synthesis/2026-09-12-obsidian-scan/W4-wechat-1546-snapshot.md	
wechat-d675e781c494	vault:processed/微信知识库/木木自由/01_数据分析必备/2020-10-27 我为什么选择了数据分析（5000字心得总结）.md	我为什么选择了数据分析（5000字心得总结）		K4+K8	locator-only	synthesis/2026-09-12-obsidian-scan/W4-wechat-1546-snapshot.md	
wechat-d68d1e7a5134	vault:processed/微信知识库/数据熊/04_经营分析/2026-06-14 2026年5月人效分析报告.md	2026年5月人效分析报告		K4	locator-only	synthesis/2026-09-12-obsidian-scan/W4-wechat-1546-snapshot.md	
wechat-d6e419876617	vault:processed/微信知识库/宸帆海财会咨询服务/10_财务/2024-12-23 五市互通后，深圳公积金贷款的额度和利率有何变化？.md	五市互通后，深圳公积金贷款的额度和利率有何变化？		K6	locator-only	synthesis/2026-09-12-obsidian-scan/W4-wechat-1546-snapshot.md	
wechat-d6ea7dfbab51	vault:processed/微信知识库/宸帆海财会咨询服务/01_会计/2025-12-04 大学学会计，未来哪些出路比较好？.md	大学学会计，未来哪些出路比较好？		K7	locator-only	synthesis/2026-09-12-obsidian-scan/W4-wechat-1546-snapshot.md	
wechat-d6fbe12fdc59	vault:processed/微信知识库/数据熊/04_经营分析/2026-07-07 2026年总经理年中工作总结.pptx.md	2026年总经理年中工作总结.pptx		K4	locator-only	synthesis/2026-09-12-obsidian-scan/W4-wechat-1546-snapshot.md	
wechat-d72811b9c215	vault:processed/微信知识库/奔向自由的果/03_财务职场进阶/2026-01-17 财务述职报告怎么写？高分模板来了.md	财务述职报告怎么写？高分模板来了		K3+K4+K6	locator-only	synthesis/2026-09-12-obsidian-scan/W4-wechat-1546-snapshot.md	
wechat-d78e5295f30b	vault:processed/微信知识库/数据熊/01_财务分析/2025-04-01 2025年1季度经营分析报告模板（含ppt模板）.md	2025年1季度经营分析报告模板（含ppt模板）		K1+K2+K3+K4+K6+K8	locator-only	synthesis/2026-09-12-obsidian-scan/W4-wechat-1546-snapshot.md	
wechat-d792db4377e6	vault:processed/微信知识库/数据熊/02_财务管理/2024-11-02 财务管理的核心框架：通俗解读.md	财务管理的核心框架：通俗解读		K1+K2+K4+K6+K7	locator-only	synthesis/2026-09-12-obsidian-scan/W4-wechat-1546-snapshot.md	
wechat-d7ad1ce723cc	vault:processed/微信知识库/宸帆海财会咨询服务/03_出口退税/2025-02-10 外贸企业必看！出口退税申报系统实操全攻略.md	外贸企业必看！出口退税申报系统实操全攻略		K4+K6+K7+K8	locator-only	synthesis/2026-09-12-obsidian-scan/W4-wechat-1546-snapshot.md	
wechat-d87e80a7a69c	vault:processed/微信知识库/数据熊/01_财务分析/2025-03-13 从财务分析到经营分析：财务BP应该实现的7个思维转变.md	从财务分析到经营分析：财务BP应该实现的7个思维转变		K1+K3+K4+K6	locator-only	synthesis/2026-09-12-obsidian-scan/W4-wechat-1546-snapshot.md	
wechat-d88daed4a5b8	vault:processed/微信知识库/宸帆海财会咨询服务/01_会计/2025-02-05 银行里的钱，究竟如何“跑”起来？.md	银行里的钱，究竟如何“跑”起来？		K1+K7+K8	locator-only	synthesis/2026-09-12-obsidian-scan/W4-wechat-1546-snapshot.md	
wechat-d8aa83a124f7	vault:processed/微信知识库/数据分析不是个事儿/01_数据分析/2024-10-17 一文讲清零售商超数字化怎么做！.md	一文讲清零售商超数字化怎么做！		K4+K5+K6	locator-only	synthesis/2026-09-12-obsidian-scan/W4-wechat-1546-snapshot.md	
wechat-d8b7cb07be66	vault:processed/微信知识库/数据分析不是个事儿/01_数据分析/2024-12-16 明年供应链战略可以这样做！.md	明年供应链战略可以这样做！		K3+K4+K6	locator-only	synthesis/2026-09-12-obsidian-scan/W4-wechat-1546-snapshot.md	
wechat-d8cf69dbedb4	vault:processed/微信知识库/数据分析不是个事儿/03_模型/2023-07-07 5mins看懂数据分析师必备的「波士顿模型」.md	5mins看懂数据分析师必备的「波士顿模型」		K4+K5	locator-only	synthesis/2026-09-12-obsidian-scan/W4-wechat-1546-snapshot.md	
wechat-d8ea30e9bb4e	vault:processed/微信知识库/木木自由/01_数据分析必备/2025-03-27 企业数据架构数据治理顶层规划方案（81页PPT）.md	企业数据架构数据治理顶层规划方案（81页PPT）		K4+K8	locator-only	synthesis/2026-09-12-obsidian-scan/W4-wechat-1546-snapshot.md	
wechat-d8f45c00c073	vault:processed/微信知识库/数据分析星球/2026-09-06 财务分析必看10个指标：毛利率、费用率、净利率、ROE、现金流一次讲清.md	财务分析必看10个指标：毛利率、费用率、净利率、ROE、现金流一次讲清		K1+K2+K3+K5+K6+K8	locator-only	synthesis/2026-09-12-obsidian-scan/W4-wechat-1546-snapshot.md	
wechat-d8fa015751b4	vault:processed/微信知识库/木木自由/01_数据分析必备/2021-06-27 《关键对话》：高效沟通与数据分析的意义不言而喻.md	《关键对话》：高效沟通与数据分析的意义不言而喻			locator-only	synthesis/2026-09-12-obsidian-scan/W4-wechat-1546-snapshot.md	
wechat-d91461662510	vault:processed/微信知识库/木木自由/07_数据分析/2024-02-19 收藏 三分钟快速理解数据治理、数据要素、数据资源、数据资产、数字资产（附资相关材料下载）.md	收藏 | 三分钟快速理解数据治理、数据要素、数据资源、数据资产、数字资产（附资相关材料下载）		K4+K6+K8	locator-only	synthesis/2026-09-12-obsidian-scan/W4-wechat-1546-snapshot.md	
wechat-d9837130024d	vault:processed/微信知识库/数据熊/01_财务分析/2025-05-07 2025年4月成本分析PPT框架（附PPT模板）.md	2025年4月成本分析PPT框架（附PPT模板）		K1+K4+K5+K6	locator-only	synthesis/2026-09-12-obsidian-scan/W4-wechat-1546-snapshot.md	
wechat-d992ce703765	vault:processed/微信知识库/宸帆海财会咨询服务/09_税务/2025-12-15 2026年税务稽查重点（6类）.md	2026年税务稽查重点（6类）		K4+K6	locator-only	synthesis/2026-09-12-obsidian-scan/W4-wechat-1546-snapshot.md	
wechat-d99f62562cad	vault:processed/微信知识库/数据熊/02_财务管理/2025-04-05 35岁还未当上领导的财务，需要着重提升这几项能力.md	35岁还未当上领导的财务，需要着重提升这几项能力		K4	locator-only	synthesis/2026-09-12-obsidian-scan/W4-wechat-1546-snapshot.md	
wechat-d9bfd8fe4ede	vault:processed/微信知识库/宸帆海财会咨询服务/02_企业所得税/2024-12-29 科目余额表数据准确性自查指南！！！.md	科目余额表数据准确性自查指南！！！		K1+K2+K3+K4+K6+K7	locator-only	synthesis/2026-09-12-obsidian-scan/W4-wechat-1546-snapshot.md	
wechat-d9d9449deb33	vault:processed/微信知识库/宸帆海财会咨询服务/10_财务/2024-11-15 金价持续下跌会影响哪些行业？.md	金价持续下跌会影响哪些行业？		K3+K4+K6	locator-only	synthesis/2026-09-12-obsidian-scan/W4-wechat-1546-snapshot.md	
wechat-da26ca8b9a6a	vault:processed/微信知识库/木木自由/01_数据分析必备/2023-10-22 数字化转型升级必备—数据思维与应用.md	数字化转型升级必备—数据思维与应用		K4+K5+K8	locator-only	synthesis/2026-09-12-obsidian-scan/W4-wechat-1546-snapshot.md	
wechat-da445fe7b230	vault:processed/微信知识库/宸帆海财会咨询服务/01_会计/2024-09-26 开办公司，哪种类型才是你的最佳选择？.md	开办公司，哪种类型才是你的最佳选择？		K2+K4+K6	locator-only	synthesis/2026-09-12-obsidian-scan/W4-wechat-1546-snapshot.md	
wechat-da54b4e4213e	vault:processed/微信知识库/数据熊/01_财务分析/2026-08-03 多年度财务分析模型.xlsx.md	多年度财务分析模型.xlsx			locator-only	synthesis/2026-09-12-obsidian-scan/W4-wechat-1546-snapshot.md	
wechat-da6a6f619edb	vault:processed/微信知识库/木木自由/01_数据分析必备/2022-03-27 【原创】数据指标体系应用的一些基本思考与见解.md	【原创】数据指标体系应用的一些基本思考与见解		K4+K5+K6	locator-only	synthesis/2026-09-12-obsidian-scan/W4-wechat-1546-snapshot.md	
wechat-da7472c660f6	vault:processed/微信知识库/奔向自由的果/03_财务职场进阶/2026-03-21 财务人必看：从主管到总监的完整进阶路径.md	财务人必看：从主管到总监的完整进阶路径		K4+K6	locator-only	synthesis/2026-09-12-obsidian-scan/W4-wechat-1546-snapshot.md	
wechat-db04d44682d9	vault:processed/微信知识库/宸帆海财会咨询服务/08_财务管理/2025-03-02 财务圈疯传！DeepSeek开启高效新时代.md	财务圈疯传！DeepSeek开启高效新时代		K1+K2+K3+K4+K6+K7+K8	locator-only	synthesis/2026-09-12-obsidian-scan/W4-wechat-1546-snapshot.md	
wechat-db48bc2f417a	vault:processed/微信知识库/数据熊/04_经营分析/2026-03-23 经营分析报告，别写成了数据流水账.md	经营分析报告，别写成了数据流水账		K4	locator-only	synthesis/2026-09-12-obsidian-scan/W4-wechat-1546-snapshot.md	
wechat-db580e6db3b2	vault:processed/微信知识库/木木自由/01_数据分析必备/2024-11-18 数据分析必知必会，一文搞懂用户画像：维度、场景、标签体系···（附相关资料下载）.md	数据分析必知必会，一文搞懂用户画像：维度、场景、标签体系···（附相关资料下载）		K4+K6+K8	locator-only	synthesis/2026-09-12-obsidian-scan/W4-wechat-1546-snapshot.md	
wechat-db7cd72a3892	vault:processed/微信知识库/宸帆海财会咨询服务/01_会计/2025-04-01 必知！财务分析中常用的30个经典公式.md	必知！财务分析中常用的30个经典公式		K2+K3+K4+K6+K7	locator-only	synthesis/2026-09-12-obsidian-scan/W4-wechat-1546-snapshot.md	
wechat-db81a53ec216	vault:processed/微信知识库/木木自由/01_数据分析必备/2024-02-26 收藏 3大数据分析方法论（附资相关材料下载）.md	收藏 | 3大数据分析方法论（附资相关材料下载）		K4+K6+K8	locator-only	synthesis/2026-09-12-obsidian-scan/W4-wechat-1546-snapshot.md	
wechat-dbb19b1db0c0	vault:processed/微信知识库/奔向自由的果/01_报表模板与看板/2026-08-29 月度纳税申报与综合税负率监控报表.md	月度纳税申报与综合税负率监控报表		K1+K4+K5+K6	locator-only	synthesis/2026-09-12-obsidian-scan/W4-wechat-1546-snapshot.md	
wechat-dbd08bd87ca8	vault:processed/微信知识库/宸帆海财会咨询服务/10_财务/2026-01-26 35个财务报表分析常用公式.md	35个财务报表分析常用公式		K2+K3+K4+K6+K7	locator-only	synthesis/2026-09-12-obsidian-scan/W4-wechat-1546-snapshot.md	
wechat-dbdbb478ff97	vault:processed/微信知识库/数据熊/04_经营分析/2025-05-03 2025年4月经营分析PPT框架（含PPT模板）.md	2025年4月经营分析PPT框架（含PPT模板）		K2+K3+K4+K5+K6	locator-only	synthesis/2026-09-12-obsidian-scan/W4-wechat-1546-snapshot.md	
wechat-dc0974505bc1	vault:processed/微信知识库/奔向自由的果/03_财务职场进阶/2025-10-04 钱变“死钱”还是“活钱”？财务创新思维的3个关键.md	钱变“死钱”还是“活钱”？财务创新思维的3个关键		K3+K6	locator-only	synthesis/2026-09-12-obsidian-scan/W4-wechat-1546-snapshot.md	
wechat-dc2ae1662629	vault:processed/微信知识库/奔向自由的果/02_图解经营分析/【财务报表分析干货图解】营业利润vs净利润：财务人必懂的“利润真相”，避免踩雷！.md	【财务报表分析干货图解】营业利润vs净利润：财务人必懂的“利润真相”，避免踩雷！		K1+K4+K6	locator-only	synthesis/2026-09-12-obsidian-scan/W4-wechat-1546-snapshot.md	
wechat-dc5e99a5f7bc	vault:processed/微信知识库/数据熊/01_财务分析/2025-08-01 财务分析，必须基于业务逻辑.md	财务分析，必须基于业务逻辑		K1+K3+K4+K6	locator-only	synthesis/2026-09-12-obsidian-scan/W4-wechat-1546-snapshot.md	
wechat-dc62a3711be4	vault:processed/微信知识库/数据熊/04_经营分析/2026-06-26 2026年上半年经营分析报告.md	2026年上半年经营分析报告		K4	locator-only	synthesis/2026-09-12-obsidian-scan/W4-wechat-1546-snapshot.md	
wechat-dc699fc769ef	vault:processed/微信知识库/宸帆海财会咨询服务/09_税务/2025-08-21 增值税申报流程.md	增值税申报流程			locator-only	synthesis/2026-09-12-obsidian-scan/W4-wechat-1546-snapshot.md	
wechat-dcab2bfb66a8	vault:processed/微信知识库/数据熊/04_经营分析/2026-06-21 2026年年中经营复盘及下半年经营方案.md	2026年年中经营复盘及下半年经营方案		K4	locator-only	synthesis/2026-09-12-obsidian-scan/W4-wechat-1546-snapshot.md	
wechat-dcb6c32d765c	vault:processed/微信知识库/木木自由/01_数据分析必备/2023-09-14 用户生命周期价值-LTV、PEST分析、集团战略规划方案、麦肯锡的市场研究方法、数据规划架构设计··· 本周精华.md	用户生命周期价值-LTV、PEST分析、集团战略规划方案、麦肯锡的市场研究方法、数据规划架构设计··· | 本周精华		K4+K6+K7+K8	locator-only	synthesis/2026-09-12-obsidian-scan/W4-wechat-1546-snapshot.md	
wechat-dd0a3ecc4c8e	vault:processed/微信知识库/木木自由/07_数据分析/2024-02-27 经营分析手册+经营分析报告框架及案例【105页 附下载】.md	经营分析手册+经营分析报告框架及案例【105页 附下载】		K1+K2+K4+K6	locator-only	synthesis/2026-09-12-obsidian-scan/W4-wechat-1546-snapshot.md	
wechat-dd3903ae976c	vault:processed/微信知识库/数据熊/05_货币资金/2026-01-16 2025年资金与现金流分析报告.md	2025年资金与现金流分析报告		K2+K4+K6	locator-only	synthesis/2026-09-12-obsidian-scan/W4-wechat-1546-snapshot.md	
wechat-dd72af5fc65d	vault:processed/微信知识库/奔向自由的果/01_报表模板与看板/2026-06-14 《财务经营分析 · 事业部_产品线业绩考核报表》.md	《财务经营分析 · 事业部_产品线业绩考核报表》		K4+K5+K6	locator-only	synthesis/2026-09-12-obsidian-scan/W4-wechat-1546-snapshot.md	
wechat-ddf340082f09	vault:processed/微信知识库/木木自由/01_数据分析必备/2022-01-23 实操分享 ：从0开始构建仪表盘 图表可视化之道.md	实操分享 ：从0开始构建仪表盘  图表可视化之道		K4+K5+K8	locator-only	synthesis/2026-09-12-obsidian-scan/W4-wechat-1546-snapshot.md	
wechat-ddf689e543f5	vault:processed/微信知识库/奔向自由的果/02_图解经营分析/【财务经营分析干货图解】从华为学来的财报分析框架：检查-诊断-解决，一步到位.md	【财务经营分析干货图解】从华为学来的财报分析框架：检查-诊断-解决，一步到位		K4	locator-only	synthesis/2026-09-12-obsidian-scan/W4-wechat-1546-snapshot.md	
wechat-de544c9c1bde	vault:processed/微信知识库/木木自由/01_数据分析必备/2023-11-30 探索性分析、聚类分析、专题分析类报告模版、经营分析 产品分析 运营分析等资料报告、商业模型大全商业分析··· 本周精华.md	探索性分析、聚类分析、专题分析类报告模版、经营分析/产品分析/运营分析等资料报告、商业模型大全商业分析··· | 本周精华		K4+K8	locator-only	synthesis/2026-09-12-obsidian-scan/W4-wechat-1546-snapshot.md	
wechat-de782536f512	vault:processed/微信知识库/奔向自由的果/03_财务职场进阶/2026-09-05 建议财务新人：别等准备好了，先混进去再说.md	建议财务新人：别等准备好了，先混进去再说		K1+K6	locator-only	synthesis/2026-09-12-obsidian-scan/W4-wechat-1546-snapshot.md	
wechat-de9fd2dd8e9b	vault:processed/微信知识库/数据熊/04_经营分析/2025-11-13 详解美的集团经营分析体系（附经营指标体系.xlsx）.md	详解美的集团经营分析体系（附经营指标体系.xlsx）		K4+K6	locator-only	synthesis/2026-09-12-obsidian-scan/W4-wechat-1546-snapshot.md	
wechat-decbb3db84e8	vault:processed/微信知识库/战略领航家/2026-07-17 半年度经营分析报告万能写作框架.md	半年度经营分析报告万能写作框架		K4+K5+K8	locator-only	synthesis/2026-09-12-obsidian-scan/W4-wechat-1546-snapshot.md	
wechat-deefeee9d15c	vault:processed/微信知识库/奔向自由的果/02_图解经营分析/【财务成本管控干货图解】完工产品与在产品成本分配如何分配？试试约当产量法+定额比例法.md	【财务成本管控干货图解】完工产品与在产品成本分配如何分配？试试约当产量法+定额比例法		K4+K6	locator-only	synthesis/2026-09-12-obsidian-scan/W4-wechat-1546-snapshot.md	
wechat-df181858b2e6	vault:processed/微信知识库/奔向自由的果/03_财务职场进阶/2026-07-03 成本会计7步出师路，照着走就升职.md	成本会计7步出师路，照着走就升职		K2+K4+K6+K8	locator-only	synthesis/2026-09-12-obsidian-scan/W4-wechat-1546-snapshot.md	
wechat-df1bd408e3f5	vault:processed/微信知识库/数据熊/02_财务管理/2026-03-22 2026年2月应收账款分析报告.md	2026年2月应收账款分析报告		K4+K6	locator-only	synthesis/2026-09-12-obsidian-scan/W4-wechat-1546-snapshot.md	
wechat-df1f16f3d961	vault:processed/微信知识库/宸帆海财会咨询服务/02_企业所得税/2025-02-21 速藏！常见18种税种计算公式大全.md	速藏！常见18种税种计算公式大全		K3+K4+K6+K8	locator-only	synthesis/2026-09-12-obsidian-scan/W4-wechat-1546-snapshot.md	
wechat-df68a54286ce	vault:processed/微信知识库/宸帆海财会咨询服务/07_财务报表/2024-05-02 财务报表的构成及作用有哪些？.md	财务报表的构成及作用有哪些？		K1+K2+K3+K4+K6+K7	locator-only	synthesis/2026-09-12-obsidian-scan/W4-wechat-1546-snapshot.md	
wechat-dfc6ba1c0576	vault:processed/微信知识库/数据分析不是个事儿/01_数据分析/2024-11-08 业务必学：有了这套可滚动反映运营全局的可视化看板，年终奖稳了！.md	业务必学：有了这套可滚动反映运营全局的可视化看板，年终奖稳了！		K4+K5+K6	locator-only	synthesis/2026-09-12-obsidian-scan/W4-wechat-1546-snapshot.md	
wechat-dfe3de6e278d	vault:processed/微信知识库/木木自由/01_数据分析必备/2024-12-11 Python数据分析与应用指南：十六种常见Python数据分析算法、Python可视化指南···.md	Python数据分析与应用指南：十六种常见Python数据分析算法、Python可视化指南···		K4+K5+K8	locator-only	synthesis/2026-09-12-obsidian-scan/W4-wechat-1546-snapshot.md	
wechat-e003583f1ebe	vault:processed/微信知识库/木木自由/03_小飞象交流会/2022-07-25 从“数据中台”的视角，来认知“数据分析”.md	从“数据中台”的视角，来认知“数据分析”		K4+K5+K6+K8	locator-only	synthesis/2026-09-12-obsidian-scan/W4-wechat-1546-snapshot.md	
wechat-e01462975f22	vault:processed/微信知识库/数据熊/05_货币资金/2026-03-05 手搓一个“动态资金看板”（可下载）.md	手搓一个“动态资金看板”（可下载）		K2+K4+K5+K6	locator-only	synthesis/2026-09-12-obsidian-scan/W4-wechat-1546-snapshot.md	
wechat-e01cc26ba9c4	vault:processed/微信知识库/宸帆海财会咨询服务/03_出口退税/2025-04-10 收藏！出口退税超全解析.md	收藏！出口退税超全解析		K4+K6+K8	locator-only	synthesis/2026-09-12-obsidian-scan/W4-wechat-1546-snapshot.md	
wechat-e033e96f5c45	vault:processed/微信知识库/木木自由/07_数据分析/2025-12-01 零售行业经营分析的底层逻辑：构建驱动增长的零售分析体系、12份零售行业经营指标逻辑图、15份零售行业经营数据分析套表···.md	零售行业经营分析的底层逻辑：构建驱动增长的零售分析体系、12份零售行业经营指标逻辑图、15份零售行业经营数据分析套表···		K1+K4+K6+K8	locator-only	synthesis/2026-09-12-obsidian-scan/W4-wechat-1546-snapshot.md	
wechat-e0358448b389	vault:processed/微信知识库/数据熊/02_财务管理/2025-03-26 采购降本：末流企业靠压榨，一流企业靠共赢.md	采购降本：末流企业靠压榨，一流企业靠共赢		K1+K2+K3+K4+K6	locator-only	synthesis/2026-09-12-obsidian-scan/W4-wechat-1546-snapshot.md	
wechat-e0adfea32678	vault:processed/微信知识库/数据熊/02_财务管理/2026-01-06 2025年应收账款分析报告.md	2025年应收账款分析报告		K5+K6	locator-only	synthesis/2026-09-12-obsidian-scan/W4-wechat-1546-snapshot.md	
wechat-e0db9f3afe43	vault:processed/微信知识库/数据熊/04_经营分析/2025-08-07 酒店经营分析，不能只看入住率！（附ppt模板）.md	酒店经营分析，不能只看入住率！（附ppt模板）		K1+K3+K4+K6	locator-only	synthesis/2026-09-12-obsidian-scan/W4-wechat-1546-snapshot.md	
wechat-e0e36ca74fe5	vault:processed/微信知识库/数据熊/04_经营分析/2025-06-03 2025年5月经营分析PPT模板.md	2025年5月经营分析PPT模板		K3+K4+K5+K6	locator-only	synthesis/2026-09-12-obsidian-scan/W4-wechat-1546-snapshot.md	
wechat-e0f16510c662	vault:processed/微信知识库/木木自由/01_数据分析必备/2024-11-01 行业分析到底应该怎么做：基本思路、框架、应用案例、五力分析、战略分析···（附相关资料下载）.md	行业分析到底应该怎么做：基本思路、框架、应用案例、五力分析、战略分析···（附相关资料下载）		K4+K6+K8	locator-only	synthesis/2026-09-12-obsidian-scan/W4-wechat-1546-snapshot.md	
wechat-e11f724aad8b	vault:processed/微信知识库/奔向自由的果/01_报表模板与看板/2026-05-16 财务经营分析：多维度产品客户渠道盈利分析报表（PPT+EXCEL）.md	财务经营分析：多维度产品客户渠道盈利分析报表（PPT+EXCEL）		K4+K5	locator-only	synthesis/2026-09-12-obsidian-scan/W4-wechat-1546-snapshot.md	
wechat-e14180065f92	vault:processed/微信知识库/宸帆海财会咨询服务/01_会计/2025-02-18 一文读懂跨境电商海外仓“离境即退税”操作指南！.md	一文读懂跨境电商海外仓“离境即退税”操作指南！		K8	locator-only	synthesis/2026-09-12-obsidian-scan/W4-wechat-1546-snapshot.md	
wechat-e14644f2fe19	vault:processed/微信知识库/宸帆海财会咨询服务/02_企业所得税/2025-03-22 注意！新版电子税务局出现申报比对了.md	注意！新版电子税务局出现申报比对了		K4+K6+K7+K8	locator-only	synthesis/2026-09-12-obsidian-scan/W4-wechat-1546-snapshot.md	
wechat-e14949fef1bf	vault:processed/微信知识库/奔向自由的果/03_财务职场进阶/2025-12-23 老会计掏心窝子的话：会计新人一定要先上岗再精通！.md	老会计掏心窝子的话：会计新人一定要先上岗再精通！		K1+K4+K6+K7	locator-only	synthesis/2026-09-12-obsidian-scan/W4-wechat-1546-snapshot.md	
wechat-e15a29e59119	vault:processed/微信知识库/宸帆海财会咨询服务/02_企业所得税/2024-10-29 年末将至，企业所得税规划重点你都清楚吗？.md	年末将至，企业所得税规划重点你都清楚吗？		K4+K6+K7	locator-only	synthesis/2026-09-12-obsidian-scan/W4-wechat-1546-snapshot.md	
wechat-e168a07e0379	vault:processed/微信知识库/数据分析不是个事儿/01_数据分析/2024-12-23 电商销售渠道分析怎么做——从五个方面分析.md	电商销售渠道分析怎么做——从五个方面分析		K4+K5	locator-only	synthesis/2026-09-12-obsidian-scan/W4-wechat-1546-snapshot.md	
wechat-e18abd6342df	vault:processed/微信知识库/木木自由/07_数据分析/2024-07-05 2024北京“数据要素x”典型案例： 14 个行业领域应用背景、应用特色、应用价值【219页 附下载】.md	2024北京“数据要素x”典型案例： 14 个行业领域应用背景、应用特色、应用价值【219页 附下载】		K4+K8	locator-only	synthesis/2026-09-12-obsidian-scan/W4-wechat-1546-snapshot.md	
wechat-e1bc75813d94	vault:processed/微信知识库/木木自由/03_小飞象交流会/2023-05-14 ​数字化转型升级之工业元宇宙与AIGC.md	​数字化转型升级之工业元宇宙与AIGC		K4+K6+K8	locator-only	synthesis/2026-09-12-obsidian-scan/W4-wechat-1546-snapshot.md	
wechat-e1ce79510cb1	vault:processed/微信知识库/木木自由/01_数据分析必备/2023-12-10 数字化转型之价值流（VSM）分析详解.md	数字化转型之价值流（VSM）分析详解		K4+K6+K8	locator-only	synthesis/2026-09-12-obsidian-scan/W4-wechat-1546-snapshot.md	
wechat-e203193e9d5e	vault:processed/微信知识库/木木自由/02_数据说/2020-05-10 【数据说第七期】在数据分析中，有哪些好用且实用的方法论呢？.md	【数据说第七期】在数据分析中，有哪些好用且实用的方法论呢？		K4+K6	locator-only	synthesis/2026-09-12-obsidian-scan/W4-wechat-1546-snapshot.md	
wechat-e23804e05d2d	vault:processed/微信知识库/数据分析不是个事儿/01_数据分析/2025-03-21 渠道分析怎么做？一文讲清渠道结构分析全流程！.md	渠道分析怎么做？一文讲清渠道结构分析全流程！		K2+K4+K6	locator-only	synthesis/2026-09-12-obsidian-scan/W4-wechat-1546-snapshot.md	
wechat-e269033b82c7	vault:processed/微信知识库/数据熊/02_财务管理/2025-01-16 从业务预算到财务预算：详解全面预算编制流程（后附详细案例、预算PPT模板）.md	从业务预算到财务预算：详解全面预算编制流程（后附详细案例、预算PPT模板）		K1+K4+K6	locator-only	synthesis/2026-09-12-obsidian-scan/W4-wechat-1546-snapshot.md	
wechat-e27ce4d412ce	vault:processed/微信知识库/木木自由/01_数据分析必备/2024-04-16 经营分析：战略落地预算与经营管理【108页 附经营分析会模板相关内容】.md	经营分析：战略落地预算与经营管理【108页 附经营分析会模板相关内容】		K4+K6	locator-only	synthesis/2026-09-12-obsidian-scan/W4-wechat-1546-snapshot.md	
wechat-e27df9be94dc	vault:processed/微信知识库/数据分析不是个事儿/01_数据分析/2024-11-19 房价还会降吗？数据分析房地产业绩下滑的原因.md	房价还会降吗？数据分析房地产业绩下滑的原因		K4+K5+K6	locator-only	synthesis/2026-09-12-obsidian-scan/W4-wechat-1546-snapshot.md	
wechat-e289e372619b	vault:processed/微信知识库/数据熊/03_财务报表/2025-05-10 一文讲清净利润和现金流的逻辑关系（附案例）.md	一文讲清净利润和现金流的逻辑关系（附案例）		K1+K4+K6	locator-only	synthesis/2026-09-12-obsidian-scan/W4-wechat-1546-snapshot.md	
wechat-e28ba16f58cc	vault:processed/微信知识库/奔向自由的果/02_图解经营分析/全面预算是什么？为什么这么重要？.md	全面预算是什么？为什么这么重要？		K4+K6+K7	locator-only	synthesis/2026-09-12-obsidian-scan/W4-wechat-1546-snapshot.md	
wechat-e29409076147	vault:processed/微信知识库/木木自由/01_数据分析必备/2024-12-18 财务分析之现金流量表详细分析指南：一般思路、现金流量表模板(含公式)···.md	财务分析之现金流量表详细分析指南：一般思路、现金流量表模板(含公式)···		K1+K2+K4+K6+K7+K8	locator-only	synthesis/2026-09-12-obsidian-scan/W4-wechat-1546-snapshot.md	
wechat-e2a53b522371	vault:processed/微信知识库/数据熊/04_经营分析/2026-01-09 2025年经营分析报告.pptx.md	2025年经营分析报告.pptx		K4+K6	locator-only	synthesis/2026-09-12-obsidian-scan/W4-wechat-1546-snapshot.md	
wechat-e2d3968a6da0	vault:processed/微信知识库/木木自由/01_数据分析必备/2023-05-22 收藏 10 种常用的数据分析思路！（附数据分析指南相关资料）.md	收藏 | 10 种常用的数据分析思路！（附数据分析指南相关资料）		K4	locator-only	synthesis/2026-09-12-obsidian-scan/W4-wechat-1546-snapshot.md	
wechat-e30e3460a085	vault:processed/微信知识库/数据熊/03_财务报表/2024-10-07 利润表大白话.md	利润表大白话		K1	locator-only	synthesis/2026-09-12-obsidian-scan/W4-wechat-1546-snapshot.md	
wechat-e3301009416c	vault:processed/微信知识库/奔向自由的果/02_图解经营分析/【财务资金管理干货图解】避开资金紧张！全面预算中的资金规划.md	【财务资金管理干货图解】避开资金紧张！全面预算中的资金规划		K4+K6	locator-only	synthesis/2026-09-12-obsidian-scan/W4-wechat-1546-snapshot.md	
wechat-e34c78359afd	vault:processed/微信知识库/木木自由/01_数据分析必备/2023-03-22 观点 ChatGPT是什么，对数据分析有什么影响呢···（附ChatGPT研究框架PPT参考）.md	观点 | ChatGPT是什么，对数据分析有什么影响呢···（附ChatGPT研究框架PPT参考）		K4+K8	locator-only	synthesis/2026-09-12-obsidian-scan/W4-wechat-1546-snapshot.md	
wechat-e350c9139767	vault:processed/微信知识库/数据熊/04_经营分析/2025-04-27 从发现问题到解决问题：经营分析的“五步闭环法”.md	从发现问题到解决问题：经营分析的“五步闭环法”		K1+K4+K5+K6	locator-only	synthesis/2026-09-12-obsidian-scan/W4-wechat-1546-snapshot.md	
wechat-e3650a3b1e5f	vault:processed/微信知识库/数据熊/04_经营分析/2025-03-06 基于平衡计分卡的经营分析框架（思维导图、案例）.md	基于平衡计分卡的经营分析框架（思维导图、案例）		K2+K4+K6	locator-only	synthesis/2026-09-12-obsidian-scan/W4-wechat-1546-snapshot.md	
wechat-e3e819e8bde6	vault:processed/微信知识库/奔向自由的果/02_图解经营分析/【财务经营分析干货图解】从0到1做季度财报：制造业 服务业 零售业通用分析框架.md	【财务经营分析干货图解】从0到1做季度财报：制造业/服务业/零售业通用分析框架		K3+K4+K6	locator-only	synthesis/2026-09-12-obsidian-scan/W4-wechat-1546-snapshot.md	
wechat-e4d05b6f8176	vault:processed/微信知识库/数据分析不是个事儿/01_数据分析/2024-11-22 小白必看：经典的六种数据分析法这套案例都有！.md	小白必看：经典的六种数据分析法这套案例都有！		K2+K4	locator-only	synthesis/2026-09-12-obsidian-scan/W4-wechat-1546-snapshot.md	
wechat-e4d1a4b48089	vault:processed/微信知识库/木木自由/01_数据分析必备/2024-11-11 经营分析之毛利率分析指南：分析维度、分析思维、分析方法···（附相关资料下载）.md	经营分析之毛利率分析指南：分析维度、分析思维、分析方法···（附相关资料下载）		K2+K3+K4+K6+K8	locator-only	synthesis/2026-09-12-obsidian-scan/W4-wechat-1546-snapshot.md	
wechat-e4f862d51890	vault:processed/微信知识库/奔向自由的果/01_报表模板与看板/2026-07-29 财务成本管控专业报表—月度成本费用预算执行 差异分析报表.md	财务成本管控专业报表—月度成本费用预算执行/差异分析报表		K4+K5+K6	locator-only	synthesis/2026-09-12-obsidian-scan/W4-wechat-1546-snapshot.md	
wechat-e503b1e9161d	vault:processed/微信知识库/宸帆海财会咨询服务/03_出口退税/2025-05-02 出口退税全流程实操手册→生产企业.md	出口退税全流程实操手册→生产企业		K4+K6+K7	locator-only	synthesis/2026-09-12-obsidian-scan/W4-wechat-1546-snapshot.md	
wechat-e5213c11bbe1	vault:processed/微信知识库/数据分析不是个事儿/01_数据分析/2024-11-27 数据分析从入门到进阶的必看书单！文末附所有书籍的PDF下载！.md	数据分析从入门到进阶的必看书单！文末附所有书籍的PDF下载！		K4+K5	locator-only	synthesis/2026-09-12-obsidian-scan/W4-wechat-1546-snapshot.md	
wechat-e525c6bab8bc	vault:processed/微信知识库/宸帆海财会咨询服务/04_汇算清缴/2025-02-20 倒计时1天！2024个税汇算预约即将开启，关乎你的钱袋子，如何操作才能多退少补？.md	倒计时1天！2024个税汇算预约即将开启，关乎你的钱袋子，如何操作才能多退少补？			locator-only	synthesis/2026-09-12-obsidian-scan/W4-wechat-1546-snapshot.md	
wechat-e5a54596bca4	vault:processed/微信知识库/数据熊/04_经营分析/2026-03-22 经营分析会，要先谈生意，再讲管理.md	经营分析会，要先谈生意，再讲管理		K4+K6	locator-only	synthesis/2026-09-12-obsidian-scan/W4-wechat-1546-snapshot.md	
wechat-e5c0079eb9f8	vault:processed/微信知识库/木木自由/01_数据分析必备/2024-11-25 趋势分析指南：分析类型、分析体系、应用场景··（附经营分析、财务分析相关资料下载）.md	趋势分析指南：分析类型、分析体系、应用场景··（附经营分析、财务分析相关资料下载）		K2+K4+K6+K7+K8	locator-only	synthesis/2026-09-12-obsidian-scan/W4-wechat-1546-snapshot.md	
wechat-e5c2b6ece4ea	vault:processed/微信知识库/木木自由/07_数据分析/2024-07-08 数据治理方案指南：标准汇总、麦肯锡 飞利浦 华为 亿信等实践、企业级数据治理体系···【54页 附下载】.md	数据治理方案指南：标准汇总、麦肯锡/飞利浦/华为/亿信等实践、企业级数据治理体系···【54页 附下载】		K4+K7+K8	locator-only	synthesis/2026-09-12-obsidian-scan/W4-wechat-1546-snapshot.md	
wechat-e5c345f441ad	vault:processed/微信知识库/数据熊/01_财务分析/2025-09-10 财务分析，不能脱离业务逻辑！.md	财务分析，不能脱离业务逻辑！		K3+K4+K5	locator-only	synthesis/2026-09-12-obsidian-scan/W4-wechat-1546-snapshot.md	
wechat-e5dea1b38e62	vault:processed/微信知识库/数据熊/05_货币资金/2025-10-24 手搓一个“动态资金看板”（可下载）.md	手搓一个“动态资金看板”（可下载）		K2+K4+K5+K6	locator-only	synthesis/2026-09-12-obsidian-scan/W4-wechat-1546-snapshot.md	
wechat-e635364c5041	vault:processed/微信知识库/数据熊/01_财务分析/2025-03-14 一文读懂利润表.md	一文读懂利润表		K1+K4+K6	locator-only	synthesis/2026-09-12-obsidian-scan/W4-wechat-1546-snapshot.md	
wechat-e63d20810efa	vault:processed/微信知识库/木木自由/07_数据分析/2023-03-06 干货 数据分析业务面试笔试题解析.md	干货| 数据分析业务面试笔试题解析		K4+K8	locator-only	synthesis/2026-09-12-obsidian-scan/W4-wechat-1546-snapshot.md	
wechat-e65369d7b743	vault:processed/微信知识库/宸帆海财会咨询服务/09_税务/2025-02-25 收藏！外贸新手必学的6种付款方式.md	收藏！外贸新手必学的6种付款方式		K4+K6+K7	locator-only	synthesis/2026-09-12-obsidian-scan/W4-wechat-1546-snapshot.md	
wechat-e65a97843380	vault:processed/微信知识库/奔向自由的果/02_图解经营分析/【财务成本管控干货图解】财务成本核算难题：燃料动力费分配攻略，一看就会！.md	【财务成本管控干货图解】财务成本核算难题：燃料动力费分配攻略，一看就会！		K4+K6	locator-only	synthesis/2026-09-12-obsidian-scan/W4-wechat-1546-snapshot.md	
wechat-e6bc142c7410	vault:processed/微信知识库/宸帆海财会咨询服务/01_会计/2025-03-22 一文读懂！高新技术企业和专精特新企业的10大区别.md	一文读懂！高新技术企业和专精特新企业的10大区别		K4+K6	locator-only	synthesis/2026-09-12-obsidian-scan/W4-wechat-1546-snapshot.md	
wechat-e7351c82575a	vault:processed/微信知识库/数据熊/01_财务分析/2025-07-02 EBIT、EBITDA、净利润，区别与应用场景.md	EBIT、EBITDA、净利润，区别与应用场景		K2+K3+K4+K6+K7	locator-only	synthesis/2026-09-12-obsidian-scan/W4-wechat-1546-snapshot.md	
wechat-e7661baca48a	vault:processed/微信知识库/木木自由/01_数据分析必备/2024-12-30 电商数据化运营指南：电商数据分析的内容及业务指标、电商运营指标体系、电商运营销售数据分析表···建议收藏！.md	电商数据化运营指南：电商数据分析的内容及业务指标、电商运营指标体系、电商运营销售数据分析表···建议收藏！		K4+K6	locator-only	synthesis/2026-09-12-obsidian-scan/W4-wechat-1546-snapshot.md	
wechat-e76ae398b2e8	vault:processed/微信知识库/数据熊/04_经营分析/2025-12-15 经营分析的核心，从来不是 数据的堆砌 ，而是“路径的拆解”.md	"经营分析的核心，从来不是""数据的堆砌""，而是“路径的拆解”"		K4+K5+K6	locator-only	synthesis/2026-09-12-obsidian-scan/W4-wechat-1546-snapshot.md	
wechat-e77f33f9e2db	vault:processed/微信知识库/木木自由/01_数据分析必备/2024-11-13 数据治理体系：如何保证数据质量？数据质量提升“五步曲”、规划方案、企业级数据模型构建策略···（附相关资料下载）.md	数据治理体系：如何保证数据质量？数据质量提升“五步曲”、规划方案、企业级数据模型构建策略···（附相关资料下载）		K4+K6+K8	locator-only	synthesis/2026-09-12-obsidian-scan/W4-wechat-1546-snapshot.md	
wechat-e81e9c05d1bb	vault:processed/微信知识库/宸帆海财会咨询服务/01_会计/2026-01-11 2026 会计高薪赛道TOP5.md	2026 会计高薪赛道TOP5		K8	locator-only	synthesis/2026-09-12-obsidian-scan/W4-wechat-1546-snapshot.md	
wechat-e8314ee1c7d8	vault:processed/微信知识库/宸帆海财会咨询服务/09_税务/2025-03-25 干货！2025跨境电商纳税超全攻略.md	干货！2025跨境电商纳税超全攻略		K4+K6+K7+K8	locator-only	synthesis/2026-09-12-obsidian-scan/W4-wechat-1546-snapshot.md	
wechat-e90567dec963	vault:processed/微信知识库/宸帆海财会咨询服务/02_企业所得税/2025-01-17 出口企业税务收入确认时间全解析！！！.md	出口企业税务收入确认时间全解析！！！		K4+K6+K7	locator-only	synthesis/2026-09-12-obsidian-scan/W4-wechat-1546-snapshot.md	
wechat-e947130206ba	vault:processed/微信知识库/宸帆海财会咨询服务/02_企业所得税/2024-05-30 创业注册营业执照时，应注册个体户、个人独资企业还是有限公司呢？.md	创业注册营业执照时，应注册个体户、个人独资企业还是有限公司呢？		K4	locator-only	synthesis/2026-09-12-obsidian-scan/W4-wechat-1546-snapshot.md	
wechat-e964335025bd	vault:processed/微信知识库/木木自由/07_数据分析/2024-03-18 收藏 数据分析利器之一SQL 1.8w 字详解 SQL优化手册（附相关材料下载）.md	收藏 | 数据分析利器之一SQL 1.8w 字详解 SQL优化手册（附相关材料下载）		K4+K8	locator-only	synthesis/2026-09-12-obsidian-scan/W4-wechat-1546-snapshot.md	
wechat-e96a84fd12da	vault:processed/微信知识库/数据分析不是个事儿/01_数据分析/2024-11-15 绩效管理难？手把手教你世界500强的财务绩效管理方法！.md	绩效管理难？手把手教你世界500强的财务绩效管理方法！		K2+K4+K5+K6+K7	locator-only	synthesis/2026-09-12-obsidian-scan/W4-wechat-1546-snapshot.md	
wechat-e9f42c18f58f	vault:processed/微信知识库/数据熊/04_经营分析/2025-12-29 经营分析的核心价值：问题、根因与行动建议（附PPT模板）.md	经营分析的核心价值：问题、根因与行动建议（附PPT模板）		K4+K6+K7	locator-only	synthesis/2026-09-12-obsidian-scan/W4-wechat-1546-snapshot.md	
wechat-ea104f53af84	vault:processed/微信知识库/奔向自由的果/02_图解经营分析/【财务成本管控干货图解】成本核算账户设置指南.md	【财务成本管控干货图解】成本核算账户设置指南		K4+K6	locator-only	synthesis/2026-09-12-obsidian-scan/W4-wechat-1546-snapshot.md	
wechat-ea85ee634ca6	vault:processed/微信知识库/宸帆海财会咨询服务/03_出口退税/2025-02-16 财务干货！出口退税关键会计分录详解（跨境电商海外仓企业）.md	财务干货！出口退税关键会计分录详解（跨境电商海外仓企业）		K1+K4+K6	locator-only	synthesis/2026-09-12-obsidian-scan/W4-wechat-1546-snapshot.md	
wechat-eaae9270b153	vault:processed/微信知识库/数据熊/04_经营分析/2025-06-02 管理人员应该有的财务思维.md	管理人员应该有的财务思维		K1+K2+K3+K4+K6	locator-only	synthesis/2026-09-12-obsidian-scan/W4-wechat-1546-snapshot.md	
wechat-eab5bb440559	vault:processed/微信知识库/数据熊/04_经营分析/2025-07-05 年中大考：经营分析会，必须回答的7个关键问题.md	年中大考：经营分析会，必须回答的7个关键问题		K3+K4+K5+K6+K7	locator-only	synthesis/2026-09-12-obsidian-scan/W4-wechat-1546-snapshot.md	
wechat-eac8ea7e7379	vault:processed/微信知识库/宸帆海财会咨询服务/01_会计/2025-01-25 企业所得税全解析！.md	企业所得税全解析！		K4+K6+K7	locator-only	synthesis/2026-09-12-obsidian-scan/W4-wechat-1546-snapshot.md	
wechat-eae90b4f9b7f	vault:processed/微信知识库/奔向自由的果/02_图解经营分析/【图解财务干货】财务必懂的两个经营分析工具：敏感性分析VS单变量求解.md	【图解财务干货】财务必懂的两个经营分析工具：敏感性分析VS单变量求解		K4	locator-only	synthesis/2026-09-12-obsidian-scan/W4-wechat-1546-snapshot.md	
wechat-eafdec291dd5	vault:processed/微信知识库/宸帆海财会咨询服务/01_会计/2025-04-04 30分钟看懂三张表！财务报表核心项目全解析.md	30分钟看懂三张表！财务报表核心项目全解析		K1+K3+K4+K6+K7	locator-only	synthesis/2026-09-12-obsidian-scan/W4-wechat-1546-snapshot.md	
wechat-eb2494d0a432	vault:processed/微信知识库/数据分析不是个事儿/01_数据分析/2025-03-27 如何把控员工效能？数分大神教你做人员分析！.md	如何把控员工效能？数分大神教你做人员分析！		K2+K4+K5+K6	locator-only	synthesis/2026-09-12-obsidian-scan/W4-wechat-1546-snapshot.md	
wechat-eb2a2fd688f8	vault:processed/微信知识库/木木自由/02_数据说/2020-07-05 【数据说·第十五期】如何对营业额数据进行分析，提升门店盈利能力？.md	【数据说·第十五期】如何对营业额数据进行分析，提升门店盈利能力？		K2+K4+K6	locator-only	synthesis/2026-09-12-obsidian-scan/W4-wechat-1546-snapshot.md	
wechat-eb819e2ad950	vault:processed/微信知识库/数据熊/02_财务管理/2026-08-08 财务部绩效考核方案（附评分细则.xlsx）.md	财务部绩效考核方案（附评分细则.xlsx）			locator-only	synthesis/2026-09-12-obsidian-scan/W4-wechat-1546-snapshot.md	
wechat-ebb751dcc2b5	vault:processed/微信知识库/木木自由/01_数据分析必备/2025-01-14 财务分析之盈亏平衡分析指南：一般思路、盈亏平衡分析运用模型、盈亏平衡测算模型(含公式)···.md	财务分析之盈亏平衡分析指南：一般思路、盈亏平衡分析运用模型、盈亏平衡测算模型(含公式)···		K2+K4+K6	locator-only	synthesis/2026-09-12-obsidian-scan/W4-wechat-1546-snapshot.md	
wechat-ebdb843ea711	vault:processed/微信知识库/数据分析不是个事儿/01_数据分析/2024-11-18 一文教你搞定新品推广难题！内含详细分析方法及框架.md	一文教你搞定新品推广难题！内含详细分析方法及框架		K4+K5	locator-only	synthesis/2026-09-12-obsidian-scan/W4-wechat-1546-snapshot.md	
wechat-ec52be218641	vault:processed/微信知识库/宸帆海财会咨询服务/09_税务/2024-12-12 个人养老金制度全面实施，你准备好了吗？.md	个人养老金制度全面实施，你准备好了吗？		K4	locator-only	synthesis/2026-09-12-obsidian-scan/W4-wechat-1546-snapshot.md	
wechat-ec5d01fd8759	vault:processed/微信知识库/数据熊/01_财务分析/2025-06-04 利润表分析：掌握“五步闭环法”，轻松读懂利润表.md	利润表分析：掌握“五步闭环法”，轻松读懂利润表		K1+K4+K6	locator-only	synthesis/2026-09-12-obsidian-scan/W4-wechat-1546-snapshot.md	
wechat-ec9742e29235	vault:processed/微信知识库/数据分析不是个事儿/01_数据分析/2025-01-07 不清楚财务转型怎么做？看看这份成功升级企业实例！.md	不清楚财务转型怎么做？看看这份成功升级企业实例！		K2+K4+K5+K6+K7	locator-only	synthesis/2026-09-12-obsidian-scan/W4-wechat-1546-snapshot.md	
wechat-ec9b582dd091	vault:processed/微信知识库/数据熊/05_货币资金/2025-08-03 手搓一个“动态资金看板”.md	手搓一个“动态资金看板”		K2+K4+K5+K6	locator-only	synthesis/2026-09-12-obsidian-scan/W4-wechat-1546-snapshot.md	
wechat-ecc8dafd7b69	vault:processed/微信知识库/奔向自由的果/02_图解经营分析/一定要吃透这6个 财务健康 核心指标.md	一定要吃透这6个[财务健康]核心指标		K4	locator-only	synthesis/2026-09-12-obsidian-scan/W4-wechat-1546-snapshot.md	
wechat-ed300bbb0693	vault:processed/微信知识库/木木自由/01_数据分析必备/2023-07-21 杜邦分析法、 RFM模型、商业分析、数据分析常用理论与分析方法、中小企业数字化、面试经验分享··· 本周精华.md	杜邦分析法、 RFM模型、商业分析、数据分析常用理论与分析方法、中小企业数字化、面试经验分享··· | 本周精华		K2+K4+K5+K6+K8	locator-only	synthesis/2026-09-12-obsidian-scan/W4-wechat-1546-snapshot.md	
wechat-ed904503ea47	vault:processed/微信知识库/木木自由/07_数据分析/2024-03-05 餐饮企业数据分析体系+餐饮企业Python-数据分析案例【150+页 附下载】.md	餐饮企业数据分析体系+餐饮企业Python-数据分析案例【150+页 附下载】		K4+K8	locator-only	synthesis/2026-09-12-obsidian-scan/W4-wechat-1546-snapshot.md	
wechat-edb4951e078f	vault:processed/微信知识库/木木自由/01_数据分析必备/2024-05-17 经营分析整体学习指南：经营分析流程、分析方法、应用、指标体系、内容体系、经营分析会···等【85页 附下载】.md	经营分析整体学习指南：经营分析流程、分析方法、应用、指标体系、内容体系、经营分析会···等【85页  附下载】		K4+K5+K6+K8	locator-only	synthesis/2026-09-12-obsidian-scan/W4-wechat-1546-snapshot.md	
wechat-edb747e6d986	vault:processed/微信知识库/数据分析不是个事儿/01_数据分析/2024-10-31 如果你能懂得“业财一体化”，绝对超越95%的人！.md	如果你能懂得“业财一体化”，绝对超越95%的人！		K2+K4+K6+K7	locator-only	synthesis/2026-09-12-obsidian-scan/W4-wechat-1546-snapshot.md	
wechat-eddf8f7b09b6	vault:processed/微信知识库/木木自由/01_数据分析必备/2025-02-26 商业模式视角下的业务经营分析：方法论、案例与应用(107页 PPT).md	商业模式视角下的业务经营分析：方法论、案例与应用(107页 PPT)		K4+K8	locator-only	synthesis/2026-09-12-obsidian-scan/W4-wechat-1546-snapshot.md	
wechat-ede44a4173f4	vault:processed/微信知识库/宸帆海财会咨询服务/02_企业所得税/2025-04-24 【研发费用】15大高频风险点！.md	【研发费用】15大高频风险点！		K6+K7	locator-only	synthesis/2026-09-12-obsidian-scan/W4-wechat-1546-snapshot.md	
wechat-ee412a235de1	vault:processed/微信知识库/数据熊/05_货币资金/2025-12-07 现金流预测模型.xlsx.md	现金流预测模型.xlsx		K1+K4+K6+K7	locator-only	synthesis/2026-09-12-obsidian-scan/W4-wechat-1546-snapshot.md	
wechat-ee4dc3b037df	vault:processed/微信知识库/数据分析不是个事儿/01_数据分析/2024-09-14 案例来了！精品数据分析案例之直播电商GMV分析！.md	案例来了！精品数据分析案例之直播电商GMV分析！		K2+K4+K5	locator-only	synthesis/2026-09-12-obsidian-scan/W4-wechat-1546-snapshot.md	
wechat-ee4f607b96f2	vault:processed/微信知识库/宸帆海财会咨询服务/09_税务/2025-03-31 财务必看！企业印花税0失误实操指南.md	财务必看！企业印花税0失误实操指南		K1+K4+K6+K7	locator-only	synthesis/2026-09-12-obsidian-scan/W4-wechat-1546-snapshot.md	
wechat-ee97cfb96980	vault:processed/微信知识库/奔向自由的果/02_图解经营分析/财务成本分析图解-料工费的归集方法.md	财务成本分析图解-料工费的归集方法		K4+K6	locator-only	synthesis/2026-09-12-obsidian-scan/W4-wechat-1546-snapshot.md	
wechat-eec356c763f1	vault:processed/微信知识库/数据熊/02_财务管理/2025-01-19 财务人员千万不要输在工作汇报上！（含精美PPT模板、数据图表）.md	财务人员千万不要输在工作汇报上！（含精美PPT模板、数据图表）		K5+K6	locator-only	synthesis/2026-09-12-obsidian-scan/W4-wechat-1546-snapshot.md	
wechat-eef61eadc968	vault:processed/微信知识库/数据熊/04_经营分析/2026-04-19 经营分析，视野比技巧更重要.md	经营分析，视野比技巧更重要		K4+K6	locator-only	synthesis/2026-09-12-obsidian-scan/W4-wechat-1546-snapshot.md	
wechat-ef05ff48d35b	vault:processed/微信知识库/宸帆海财会咨询服务/08_财务管理/2024-10-17 如何看待经济环境不稳定对房地产市场的影响？.md	如何看待经济环境不稳定对房地产市场的影响？		K6	locator-only	synthesis/2026-09-12-obsidian-scan/W4-wechat-1546-snapshot.md	
wechat-ef3860121a67	vault:processed/微信知识库/木木自由/01_数据分析必备/2024-05-11 六顶帽模型、麦肯锡商业分析 MySQL课程、Tableau 商业分析模型 项目管理 财务分析 人力分析···等学习指南 本周精华.md	六顶帽模型、麦肯锡商业分析/MySQL课程、Tableau/商业分析模型/项目管理/财务分析/人力分析···等学习指南|本周精华		K4+K6+K8	locator-only	synthesis/2026-09-12-obsidian-scan/W4-wechat-1546-snapshot.md	
wechat-ef3c848b1539	vault:processed/微信知识库/木木自由/01_数据分析必备/2024-09-13 数据分类分级标准解读及实践分享···（附 PPT 可编辑下载）.md	数据分类分级标准解读及实践分享···（附 PPT 可编辑下载）		K4+K8	locator-only	synthesis/2026-09-12-obsidian-scan/W4-wechat-1546-snapshot.md	
wechat-ef96de20413c	vault:processed/微信知识库/木木自由/07_数据分析/2025-12-10 Python数据分析实战：Python入门 进阶指南、Python语言基础、Python数据分析与挖掘实战··（附相关材料下载）.md	Python数据分析实战：Python入门/进阶指南、Python语言基础、Python数据分析与挖掘实战··（附相关材料下载）		K4+K5+K6+K8	locator-only	synthesis/2026-09-12-obsidian-scan/W4-wechat-1546-snapshot.md	
wechat-f02130e789a4	vault:processed/微信知识库/数据熊/04_经营分析/2026-07-10 2026年年中经营复盘及下半年经营方案.pptx.md	2026年年中经营复盘及下半年经营方案.pptx		K4	locator-only	synthesis/2026-09-12-obsidian-scan/W4-wechat-1546-snapshot.md	
wechat-f02148a5dbb1	vault:processed/微信知识库/宸帆海财会咨询服务/02_企业所得税/2024-08-13 个体工商户可以享受哪些税收优惠政策？.md	个体工商户可以享受哪些税收优惠政策？		K4+K6	locator-only	synthesis/2026-09-12-obsidian-scan/W4-wechat-1546-snapshot.md	
wechat-f04830202c77	vault:processed/微信知识库/木木自由/07_数据分析/2023-10-12 收藏 正确认识和搭建数据指标体系（附指标体系搭建相关资料下载）.md	收藏 | 正确认识和搭建数据指标体系（附指标体系搭建相关资料下载）		K4+K5+K6+K8	locator-only	synthesis/2026-09-12-obsidian-scan/W4-wechat-1546-snapshot.md	
wechat-f075f635c947	vault:processed/微信知识库/数据分析不是个事儿/01_数据分析/2024-10-16 数据分析实操篇：商品销售分析怎么做，从这四个维度出发！.md	数据分析实操篇：商品销售分析怎么做，从这四个维度出发！		K2+K4+K5+K6	locator-only	synthesis/2026-09-12-obsidian-scan/W4-wechat-1546-snapshot.md	
wechat-f078b3b051b2	vault:processed/微信知识库/木木自由/01_数据分析必备/2024-12-27 数据看板搭建攻略，数据产品必看···.md	数据看板搭建攻略，数据产品必看···		K4+K5	locator-only	synthesis/2026-09-12-obsidian-scan/W4-wechat-1546-snapshot.md	
wechat-f08568d45c18	vault:processed/微信知识库/宸帆海财会咨询服务/02_企业所得税/2025-03-18 必看！2025年企业所得税汇算清缴关键变化与应对策略.md	必看！2025年企业所得税汇算清缴关键变化与应对策略		K4+K6	locator-only	synthesis/2026-09-12-obsidian-scan/W4-wechat-1546-snapshot.md	
wechat-f0bf83a50dfe	vault:processed/微信知识库/数据熊/02_财务管理/2025-10-05 财务审核合同的关键要点清单.md	财务审核合同的关键要点清单		K4+K6+K7	locator-only	synthesis/2026-09-12-obsidian-scan/W4-wechat-1546-snapshot.md	
wechat-f0d19f35c84d	vault:processed/微信知识库/木木自由/02_数据说/2020-05-31 【数据说第十期】如何分析“新增数据”，挖掘业务增长发力点？.md	【数据说第十期】如何分析“新增数据”，挖掘业务增长发力点？		K4+K6	locator-only	synthesis/2026-09-12-obsidian-scan/W4-wechat-1546-snapshot.md	
wechat-f0fbeb774809	vault:processed/微信知识库/数据熊/04_经营分析/2026-03-21 经营分析，一定要有系统性思维.md	经营分析，一定要有系统性思维		K3+K4+K6	locator-only	synthesis/2026-09-12-obsidian-scan/W4-wechat-1546-snapshot.md	
wechat-f10776800b74	vault:processed/微信知识库/宸帆海财会咨询服务/03_出口退税/2025-04-11 必知！出口退税申报12大易错点.md	必知！出口退税申报12大易错点		K4+K6+K8	locator-only	synthesis/2026-09-12-obsidian-scan/W4-wechat-1546-snapshot.md	
wechat-f10ce73a556b	vault:processed/微信知识库/奔向自由的果/01_报表模板与看板/2026-06-11 【制度文件】财务预算管理组织与职责分工制度 (2).md	【制度文件】财务预算管理组织与职责分工制度		K5+K6	locator-only	synthesis/2026-09-12-obsidian-scan/W4-wechat-1546-snapshot.md	
wechat-f111c5d0e0b0	vault:processed/微信知识库/数据熊/02_财务管理/2025-03-25 美的集团的成本管控体系.md	美的集团的成本管控体系		K1+K3+K4+K6	locator-only	synthesis/2026-09-12-obsidian-scan/W4-wechat-1546-snapshot.md	
wechat-f119711a5fa8	vault:processed/微信知识库/数据熊/02_财务管理/2025-01-09 业务拼命卖，财务焦虑收：如何破解应收账款协同难题？.md	业务拼命卖，财务焦虑收：如何破解应收账款协同难题？		K4+K6	locator-only	synthesis/2026-09-12-obsidian-scan/W4-wechat-1546-snapshot.md	
wechat-f1721a8a3bd8	vault:processed/微信知识库/宸帆海财会咨询服务/09_税务/2025-03-26 速看！跨境电商出口海外仓退税新政.md	速看！跨境电商出口海外仓退税新政		K4+K8	locator-only	synthesis/2026-09-12-obsidian-scan/W4-wechat-1546-snapshot.md	
wechat-f18cfea65721	vault:processed/微信知识库/木木自由/07_数据分析/2023-03-08 干货 如何写好一份解决方案！.md	干货 | 如何写好一份解决方案！		K4+K6	locator-only	synthesis/2026-09-12-obsidian-scan/W4-wechat-1546-snapshot.md	
wechat-f1a20ccc9618	vault:processed/微信知识库/数据分析不是个事儿/01_数据分析/2024-08-29 一文讲清：零售业必学的人货场分析，内附模版下载.md	一文讲清：零售业必学的人货场分析，内附模版下载		K4	locator-only	synthesis/2026-09-12-obsidian-scan/W4-wechat-1546-snapshot.md	
wechat-f1d1c50ddedc	vault:processed/微信知识库/数据熊/04_经营分析/2025-05-29 经营分析金三角：以客户为中心的3C1L框架（附PPT模板）.md	经营分析金三角：以客户为中心的3C1L框架（附PPT模板）		K1+K3+K4+K5+K6	locator-only	synthesis/2026-09-12-obsidian-scan/W4-wechat-1546-snapshot.md	
wechat-f1e6abb41640	vault:processed/微信知识库/宸帆海财会咨询服务/03_出口退税/2025-03-20 收藏！出口退税必备条件全解析.md	收藏！出口退税必备条件全解析		K4+K6	locator-only	synthesis/2026-09-12-obsidian-scan/W4-wechat-1546-snapshot.md	
wechat-f28589baafcc	vault:processed/微信知识库/宸帆海财会咨询服务/04_汇算清缴/2024-09-24 增值税发票，哪些能抵扣？哪些不能？.md	增值税发票，哪些能抵扣？哪些不能？		K4	locator-only	synthesis/2026-09-12-obsidian-scan/W4-wechat-1546-snapshot.md	
wechat-f2bf956c8db0	vault:processed/微信知识库/数据熊/04_经营分析/2025-01-14 经营分析报告模板（含PPT模板）.md	经营分析报告模板（含PPT模板）		K2+K4+K6	locator-only	synthesis/2026-09-12-obsidian-scan/W4-wechat-1546-snapshot.md	
wechat-f2cb12c7acc0	vault:processed/微信知识库/宸帆海财会咨询服务/01_会计/2025-10-26 十五五规划对财会人的8大影响.md	十五五规划对财会人的8大影响		K5+K6+K7+K8	locator-only	synthesis/2026-09-12-obsidian-scan/W4-wechat-1546-snapshot.md	
wechat-f2cb1d071752	vault:processed/微信知识库/宸帆海财会咨询服务/02_企业所得税/2025-03-12 财务必知！新电子税务局常见税费预警全解析.md	财务必知！新电子税务局常见税费预警全解析		K4+K6	locator-only	synthesis/2026-09-12-obsidian-scan/W4-wechat-1546-snapshot.md	
wechat-f2ef394d6a35	vault:processed/微信知识库/数据分析不是个事儿/01_数据分析/2024-01-02 人事数据分析整合篇：这是我见过最完整的HR数据分析看板，直接套用！.md	人事数据分析整合篇：这是我见过最完整的HR数据分析看板，直接套用！		K4+K5+K6	locator-only	synthesis/2026-09-12-obsidian-scan/W4-wechat-1546-snapshot.md	
wechat-f3060291adf2	vault:processed/微信知识库/木木自由/07_数据分析/2024-12-12 数据治理平台建设指南：数据治理体系、数据运营体系、平台构架、标准规范、技术白皮书···.md	数据治理平台建设指南：数据治理体系、数据运营体系、平台构架、标准规范、技术白皮书···		K4+K6+K7+K8	locator-only	synthesis/2026-09-12-obsidian-scan/W4-wechat-1546-snapshot.md	
wechat-f330debdb44d	vault:processed/微信知识库/数据分析不是个事儿/05_入门精选/2020-12-09 靠一张可视化大屏涨薪50%！年终报告这么做才能眼前一亮！.md	靠一张可视化大屏涨薪50%！年终报告这么做才能眼前一亮！		K4+K5+K6	locator-only	synthesis/2026-09-12-obsidian-scan/W4-wechat-1546-snapshot.md	
wechat-f34ab888d352	vault:processed/微信知识库/数据熊/04_经营分析/2026-07-25 2026年7月经营分析报告.pptx.md	2026年7月经营分析报告.pptx		K4	locator-only	synthesis/2026-09-12-obsidian-scan/W4-wechat-1546-snapshot.md	
wechat-f34c8c6c2878	vault:processed/微信知识库/数据熊/02_财务管理/2026-02-05 财务部各岗位工作流程详解.md	财务部各岗位工作流程详解		K2+K4+K6	locator-only	synthesis/2026-09-12-obsidian-scan/W4-wechat-1546-snapshot.md	
wechat-f3fab30cf47b	vault:processed/微信知识库/木木自由/01_数据分析必备/2023-03-15 收藏 数据指标体系建设一文读懂（附指标参考资料）.md	收藏 | 数据指标体系建设一文读懂（附指标参考资料）		K4+K5+K6	locator-only	synthesis/2026-09-12-obsidian-scan/W4-wechat-1546-snapshot.md	
wechat-f46ae2906377	vault:processed/微信知识库/数据分析不是个事儿/01_数据分析/2024-07-19 从业十余年，分享一些对消费行业痛点的思考.md	从业十余年，分享一些对消费行业痛点的思考		K4+K6	locator-only	synthesis/2026-09-12-obsidian-scan/W4-wechat-1546-snapshot.md	
wechat-f474a1251c91	vault:processed/微信知识库/木木自由/01_数据分析必备/2024-05-20 干货 全面深入解读商业模式画布（附相关材料下载）.md	干货 | 全面深入解读商业模式画布（附相关材料下载）		K4+K6	locator-only	synthesis/2026-09-12-obsidian-scan/W4-wechat-1546-snapshot.md	
wechat-f47fb51ad728	vault:processed/微信知识库/木木自由/01_数据分析必备/2020-12-18 中小微企业-轻量化数据分析落地方案.md	中小微企业-轻量化数据分析落地方案		K2+K4+K6+K7	locator-only	synthesis/2026-09-12-obsidian-scan/W4-wechat-1546-snapshot.md	
wechat-f4a0c72b0bb8	vault:processed/微信知识库/数据熊/02_财务管理/2026-08-16 2026年7月应收账款分析报告.pptx.md	2026年7月应收账款分析报告.pptx		K6	locator-only	synthesis/2026-09-12-obsidian-scan/W4-wechat-1546-snapshot.md	
wechat-f4c03610a45e	vault:processed/微信知识库/数据熊/01_财务分析/2025-05-22 为什么毛利率比净利率更重要？.md	为什么毛利率比净利率更重要？		K2+K3+K4+K6	locator-only	synthesis/2026-09-12-obsidian-scan/W4-wechat-1546-snapshot.md	
wechat-f4c5601dfdd4	vault:processed/微信知识库/奔向自由的果/02_图解经营分析/【财务成本管控干货图解】生产型企业成本难题：联 副产品分摊的3步实操法.md	【财务成本管控干货图解】生产型企业成本难题：联/副产品分摊的3步实操法		K4+K6	locator-only	synthesis/2026-09-12-obsidian-scan/W4-wechat-1546-snapshot.md	
wechat-f4d212f49c1d	vault:processed/微信知识库/数据熊/01_财务分析/2025-06-18 有价值的财务分析，必须要回答这三个问题.md	有价值的财务分析，必须要回答这三个问题		K4+K5+K6	locator-only	synthesis/2026-09-12-obsidian-scan/W4-wechat-1546-snapshot.md	
wechat-f4dd8a9a2b7b	vault:processed/微信知识库/数据熊/02_财务管理/2025-10-20 预算的关键从来不是准不准确.md	预算的关键从来不是准不准确		K4+K5+K6	locator-only	synthesis/2026-09-12-obsidian-scan/W4-wechat-1546-snapshot.md	
wechat-f4f24cad8c88	vault:processed/微信知识库/数据熊/02_财务管理/2025-04-22 这些财务行为，八项规定严格禁止.md	这些财务行为，八项规定严格禁止		K4+K6	locator-only	synthesis/2026-09-12-obsidian-scan/W4-wechat-1546-snapshot.md	
wechat-f53edf9565e6	vault:processed/微信知识库/宸帆海财会咨询服务/02_企业所得税/2025-01-22 一文读懂年终奖与十三薪的区别，职场人必知！.md	一文读懂年终奖与十三薪的区别，职场人必知！		K4+K7	locator-only	synthesis/2026-09-12-obsidian-scan/W4-wechat-1546-snapshot.md	
wechat-f5498b02f9fd	vault:processed/微信知识库/木木自由/07_数据分析/2020-09-22 用户行为分析之数据采集.md	用户行为分析之数据采集		K4+K5+K8	locator-only	synthesis/2026-09-12-obsidian-scan/W4-wechat-1546-snapshot.md	
wechat-f54d387f0dea	vault:processed/微信知识库/奔向自由的果/01_报表模板与看板/2026-07-30 财务部—财务 BP 组织架构与岗位说明书.md	财务部—财务 BP 组织架构与岗位说明书		K5	locator-only	synthesis/2026-09-12-obsidian-scan/W4-wechat-1546-snapshot.md	
wechat-f55355e9445f	vault:processed/微信知识库/木木自由/01_数据分析必备/2021-03-10 数据分析利器之Excel功能篇.md	数据分析利器之Excel功能篇		K5	locator-only	synthesis/2026-09-12-obsidian-scan/W4-wechat-1546-snapshot.md	
wechat-f5549f654ebb	vault:processed/微信知识库/数据熊/03_财务报表/2024-09-29 如何通俗的看懂财务三大报表？.md	如何通俗的看懂财务三大报表？		K1+K2+K4+K6	locator-only	synthesis/2026-09-12-obsidian-scan/W4-wechat-1546-snapshot.md	
wechat-f5704805cdb1	vault:processed/微信知识库/木木自由/01_数据分析必备/2024-01-29 数据驱动业务增长的底层逻辑3.0（附170页如何成为数据驱动的企业材料及各行业增长案例下载）.md	数据驱动业务增长的底层逻辑3.0（附170页如何成为数据驱动的企业材料及各行业增长案例下载）		K4+K5+K6+K8	locator-only	synthesis/2026-09-12-obsidian-scan/W4-wechat-1546-snapshot.md	
wechat-f572b38a8148	vault:processed/微信知识库/宸帆海财会咨询服务/09_税务/2025-03-01 资产负债表分析总出错？15个要点让你恍然大悟.md	资产负债表分析总出错？15个要点让你恍然大悟		K1+K2+K3+K4+K6	locator-only	synthesis/2026-09-12-obsidian-scan/W4-wechat-1546-snapshot.md	
wechat-f5a16ef75055	vault:processed/微信知识库/宸帆海财会咨询服务/10_财务/2024-12-29 代理记账交接资料清单！！！.md	代理记账交接资料清单！！！		K1+K4+K6+K7+K8	locator-only	synthesis/2026-09-12-obsidian-scan/W4-wechat-1546-snapshot.md	
wechat-f5bbdc3a304b	vault:processed/微信知识库/木木自由/07_数据分析/2023-09-11 干货 数据指标体系建设方法（附指标体系及案例资料下载）.md	干货 | 数据指标体系建设方法（附指标体系及案例资料下载）		K4+K6	locator-only	synthesis/2026-09-12-obsidian-scan/W4-wechat-1546-snapshot.md	
wechat-f5e2dd9d8c0f	vault:processed/微信知识库/木木自由/01_数据分析必备/2021-12-26 商业智能Tableau数据可视化经验讲解.md	商业智能Tableau数据可视化经验讲解		K4+K5+K6	locator-only	synthesis/2026-09-12-obsidian-scan/W4-wechat-1546-snapshot.md	
wechat-f5ed5a1a8da3	vault:processed/微信知识库/木木自由/01_数据分析必备/2021-11-07 【原创】竞品分析思维的一些基本思考与见解.md	【原创】竞品分析思维的一些基本思考与见解		K4	locator-only	synthesis/2026-09-12-obsidian-scan/W4-wechat-1546-snapshot.md	
wechat-f636239c6a40	vault:processed/微信知识库/数据熊/01_财务分析/2025-06-07 ROE和ROA，区别与适用场景.md	ROE和ROA，区别与适用场景		K2+K3+K4	locator-only	synthesis/2026-09-12-obsidian-scan/W4-wechat-1546-snapshot.md	
wechat-f649b497ffca	vault:processed/微信知识库/数据熊/02_财务管理/2026-06-17 2026年上半年财务总监工作总结.md	2026年上半年财务总监工作总结			locator-only	synthesis/2026-09-12-obsidian-scan/W4-wechat-1546-snapshot.md	
wechat-f667b0518cf9	vault:processed/微信知识库/木木自由/01_数据分析必备/2021-02-02 【数据说·第十九期】业务流程梳理—数据分析的基石.md	【数据说·第十九期】业务流程梳理—数据分析的基石		K4	locator-only	synthesis/2026-09-12-obsidian-scan/W4-wechat-1546-snapshot.md	
wechat-f6e82a0bb68e	vault:processed/微信知识库/木木自由/01_数据分析必备/2024-09-26 商业分析3个常用模型 战略和策略制定（附相关材料下载）.md	商业分析3个常用模型: 战略和策略制定（附相关材料下载）		K4+K6+K8	locator-only	synthesis/2026-09-12-obsidian-scan/W4-wechat-1546-snapshot.md	
wechat-f6e91ba5af1e	vault:processed/微信知识库/数据分析不是个事儿/01_数据分析/2025-02-17 电商运营分析不会做？BI大神手把手教你挖出 “真金白银”.md	电商运营分析不会做？BI大神手把手教你挖出 “真金白银”		K3+K4+K6	locator-only	synthesis/2026-09-12-obsidian-scan/W4-wechat-1546-snapshot.md	
wechat-f723624dd40e	vault:processed/微信知识库/数据熊/04_经营分析/2025-07-30 经营分析报告模板（附PPT模板）.md	经营分析报告模板（附PPT模板）		K1+K2+K3+K4+K5+K6	locator-only	synthesis/2026-09-12-obsidian-scan/W4-wechat-1546-snapshot.md	
wechat-f7491b36d5c5	vault:processed/微信知识库/数据熊/01_财务分析/2025-07-14 资产负债表分析：四大维度与关键指标.md	资产负债表分析：四大维度与关键指标		K1+K2+K3+K4+K6+K7	locator-only	synthesis/2026-09-12-obsidian-scan/W4-wechat-1546-snapshot.md	
wechat-f768f942867f	vault:processed/微信知识库/宸帆海财会咨询服务/09_税务/2026-01-21 “以前年度损益调整”科目 应用指南（二）.md	“以前年度损益调整”科目 应用指南（二）		K1+K6	locator-only	synthesis/2026-09-12-obsidian-scan/W4-wechat-1546-snapshot.md	
wechat-f77aa870ecab	vault:processed/微信知识库/木木自由/02_数据说/2020-07-19 【数据说·第十六期】如何分析“会员数据”，强化门店的竞争力？.md	【数据说·第十六期】如何分析“会员数据”，强化门店的竞争力？		K2+K4+K8	locator-only	synthesis/2026-09-12-obsidian-scan/W4-wechat-1546-snapshot.md	
wechat-f7a53ea7f660	vault:processed/微信知识库/数据熊/04_经营分析/2025-05-21 经营洞察的底层逻辑：拆解、还原、重构.md	经营洞察的底层逻辑：拆解、还原、重构		K3+K4+K6	locator-only	synthesis/2026-09-12-obsidian-scan/W4-wechat-1546-snapshot.md	
wechat-f7ea2958c6bb	vault:processed/微信知识库/数据分析不是个事儿/01_数据分析/2021-07-09 我用Excel发现了数据分析的本质：回归分析.md	我用Excel发现了数据分析的本质：回归分析		K4+K6	locator-only	synthesis/2026-09-12-obsidian-scan/W4-wechat-1546-snapshot.md	
wechat-f819d74d8f9e	vault:processed/微信知识库/数据分析不是个事儿/01_数据分析/2024-12-19 电商-必知必会的购物篮分析（附案例实操）.md	电商-必知必会的购物篮分析（附案例实操）		K4+K5	locator-only	synthesis/2026-09-12-obsidian-scan/W4-wechat-1546-snapshot.md	
wechat-f822323b776b	vault:processed/微信知识库/木木自由/01_数据分析必备/2024-06-29 KANO模型、象限思维、数字化商业分析课程、经营分析系统规划、数据挖掘学习指南、需求分析 营销分析 跨境电商数据分析· 本周精华.md	KANO模型、象限思维、数字化商业分析课程、经营分析系统规划、数据挖掘学习指南、需求分析/营销分析/跨境电商数据分析·|本周精华		K4+K5+K8	locator-only	synthesis/2026-09-12-obsidian-scan/W4-wechat-1546-snapshot.md	
wechat-f82db83370fe	vault:processed/微信知识库/数据熊/04_经营分析/2026-04-24 2026年4月经营分析报告.md	2026年4月经营分析报告		K4+K6	locator-only	synthesis/2026-09-12-obsidian-scan/W4-wechat-1546-snapshot.md	
wechat-f86dd6d13179	vault:processed/微信知识库/数据熊/04_经营分析/2026-06-23 2026年上半年运营分析报告.md	2026年上半年运营分析报告		K4	locator-only	synthesis/2026-09-12-obsidian-scan/W4-wechat-1546-snapshot.md	
wechat-f8a9fb60fc3e	vault:processed/微信知识库/宸帆海财会咨询服务/02_企业所得税/2025-03-17 必看！2025年税务大检查核心要点全解析.md	必看！2025年税务大检查核心要点全解析		K4+K6+K8	locator-only	synthesis/2026-09-12-obsidian-scan/W4-wechat-1546-snapshot.md	
wechat-f8ad8d965f5e	vault:processed/微信知识库/宸帆海财会咨询服务/09_税务/2025-03-27 必看！2024企业所得税汇算清缴15大费用扣除要点.md	必看！2024企业所得税汇算清缴15大费用扣除要点		K4+K6	locator-only	synthesis/2026-09-12-obsidian-scan/W4-wechat-1546-snapshot.md	
wechat-f8c81c658f05	vault:processed/微信知识库/数据分析不是个事儿/01_数据分析/2025-02-27 营销决策怎么做？BI大神带你拆解营销分析思路！.md	营销决策怎么做？BI大神带你拆解营销分析思路！		K4+K5+K6	locator-only	synthesis/2026-09-12-obsidian-scan/W4-wechat-1546-snapshot.md	
wechat-f8f7e2d8d567	vault:processed/微信知识库/数据熊/02_财务管理/2026-04-11 2026年1季度应收账款分析报告.md	2026年1季度应收账款分析报告		K4+K6	locator-only	synthesis/2026-09-12-obsidian-scan/W4-wechat-1546-snapshot.md	
wechat-f93629d0f476	vault:processed/微信知识库/木木自由/01_数据分析必备/2024-03-11 收藏 数据治理体系完整指南（全）（附资相关材料下载）.md	收藏 | 数据治理体系完整指南（全）（附资相关材料下载）		K4+K8	locator-only	synthesis/2026-09-12-obsidian-scan/W4-wechat-1546-snapshot.md	
wechat-f93f451da195	vault:processed/微信知识库/宸帆海财会咨询服务/02_企业所得税/2024-06-19 9部门发文拓展跨境电商出口的税收支持政策有哪些？.md	9部门发文拓展跨境电商出口的税收支持政策有哪些？		K4+K6+K7+K8	locator-only	synthesis/2026-09-12-obsidian-scan/W4-wechat-1546-snapshot.md	
wechat-f95538616412	vault:processed/微信知识库/宸帆海财会咨询服务/05_进出口/2025-06-25 干货！进出口通关流程全解析.md	干货！进出口通关流程全解析		K8	locator-only	synthesis/2026-09-12-obsidian-scan/W4-wechat-1546-snapshot.md	
wechat-f9d3ba410845	vault:processed/微信知识库/宸帆海财会咨询服务/01_会计/2024-03-28 公司的旧账（乱账）应如何处理？.md	公司的旧账（乱账）应如何处理？		K6	locator-only	synthesis/2026-09-12-obsidian-scan/W4-wechat-1546-snapshot.md	
wechat-f9d4c7bbb81b	vault:processed/微信知识库/奔向自由的果/02_图解经营分析/【图解财务】财务经理必备：用生活案例讲透三张报表.md	【图解财务】财务经理必备：用生活案例讲透三张报表		K1+K4	locator-only	synthesis/2026-09-12-obsidian-scan/W4-wechat-1546-snapshot.md	
wechat-f9d9b77e2f46	vault:processed/微信知识库/数据熊/02_财务管理/2025-06-17 财务各岗位主要工作流程（附详细清单）.md	财务各岗位主要工作流程（附详细清单）		K1+K4+K5+K6	locator-only	synthesis/2026-09-12-obsidian-scan/W4-wechat-1546-snapshot.md	
wechat-f9fe0d1245ed	vault:processed/微信知识库/数据熊/02_财务管理/2025-06-13 从泡泡玛特看产品定价：商业逻辑与启示.md	从泡泡玛特看产品定价：商业逻辑与启示		K2+K3+K4+K6	locator-only	synthesis/2026-09-12-obsidian-scan/W4-wechat-1546-snapshot.md	
wechat-fa180fdc0ca6	vault:processed/微信知识库/数据熊/04_经营分析/2025-06-02 财务高手是如何思考业务的.md	财务高手是如何思考业务的		K1+K3+K4+K5+K6+K8	locator-only	synthesis/2026-09-12-obsidian-scan/W4-wechat-1546-snapshot.md	
wechat-fa403932bfe8	vault:processed/微信知识库/木木自由/01_数据分析必备/2021-07-25 【原创】数据分析的荣耀与骄傲.md	【原创】数据分析的荣耀与骄傲		K4+K5+K6+K8	locator-only	synthesis/2026-09-12-obsidian-scan/W4-wechat-1546-snapshot.md	
wechat-fb77b05c16ea	vault:processed/微信知识库/木木自由/07_数据分析/2023-12-14 干货 数据分析前置工作指南（附数据指标搭建与数据埋点资料下载）.md	干货 | 数据分析前置工作指南（附数据指标搭建与数据埋点资料下载）		K3+K4	locator-only	synthesis/2026-09-12-obsidian-scan/W4-wechat-1546-snapshot.md	
wechat-fb96fc10fb1a	vault:processed/微信知识库/宸帆海财会咨询服务/09_税务/2025-04-27 收藏！印花税10大热点问题解答（2025年最新版）.md	收藏！印花税10大热点问题解答（2025年最新版）		K4+K6+K7	locator-only	synthesis/2026-09-12-obsidian-scan/W4-wechat-1546-snapshot.md	
wechat-fba4c8153b9d	vault:processed/微信知识库/数据分析不是个事儿/01_数据分析/2024-09-12 什么是BI数据分析？和财务分析有什么区别？.md	什么是BI数据分析？和财务分析有什么区别？		K1+K2+K3+K4+K5+K6	locator-only	synthesis/2026-09-12-obsidian-scan/W4-wechat-1546-snapshot.md	
wechat-fba9eb89bf7f	vault:processed/微信知识库/宸帆海财会咨询服务/09_税务/2025-04-22 金税四期下，税务局一般都查什么？.md	金税四期下，税务局一般都查什么？		K4+K6	locator-only	synthesis/2026-09-12-obsidian-scan/W4-wechat-1546-snapshot.md	
wechat-fbd1ec607070	vault:processed/微信知识库/宸帆海财会咨询服务/01_会计/2025-06-16 会计人最好的副业.md	会计人最好的副业		K1+K4+K5+K6+K8	locator-only	synthesis/2026-09-12-obsidian-scan/W4-wechat-1546-snapshot.md	
wechat-fbd7bf6506b1	vault:processed/微信知识库/数据分析不是个事儿/01_数据分析/2025-04-23 Fine Workshop 第十一期“数据分析最佳实践”专场——连办两场！！！.md	Fine Workshop 第十一期“数据分析最佳实践”专场——连办两场！！！		K7	locator-only	synthesis/2026-09-12-obsidian-scan/W4-wechat-1546-snapshot.md	
wechat-fbff6957a7a2	vault:processed/微信知识库/数据分析不是个事儿/01_数据分析/2024-12-17 数据分析实战篇：如何为明年的促销活动做整体规划 ？.md	数据分析实战篇：如何为明年的促销活动做整体规划 ？		K4+K5+K6	locator-only	synthesis/2026-09-12-obsidian-scan/W4-wechat-1546-snapshot.md	
wechat-fc0c94062abd	vault:processed/微信知识库/木木自由/01_数据分析必备/2024-05-16 企业数据治理：数据安全 数据存储 数据算力治理 数据指标 数据质量···治理方案以及项目工作手册···等【53页 附下载】.md	企业数据治理：数据安全/数据存储/数据算力治理/数据指标/数据质量···治理方案以及项目工作手册···等【53页  附下载】		K4+K8	locator-only	synthesis/2026-09-12-obsidian-scan/W4-wechat-1546-snapshot.md	
wechat-fc0e6202f793	vault:processed/微信知识库/数据熊/02_财务管理/2025-07-13 利润黑洞：应收账款和存货的主要风险点与控制措施.md	利润黑洞：应收账款和存货的主要风险点与控制措施		K1+K3+K4+K5+K6+K8	locator-only	synthesis/2026-09-12-obsidian-scan/W4-wechat-1546-snapshot.md	
wechat-fc639d01e268	vault:processed/微信知识库/宸帆海财会咨询服务/02_企业所得税/2024-06-27 独立的全盘会计应具备的主要技能你都具备了吗？.md	独立的全盘会计应具备的主要技能你都具备了吗？		K1+K6	locator-only	synthesis/2026-09-12-obsidian-scan/W4-wechat-1546-snapshot.md	
wechat-fc76bb8354b2	vault:processed/微信知识库/宸帆海财会咨询服务/01_会计/2025-05-29 收藏！生产型企业会计分录大全（2025版）.md	收藏！生产型企业会计分录大全（2025版）		K1+K6	locator-only	synthesis/2026-09-12-obsidian-scan/W4-wechat-1546-snapshot.md	
wechat-fc8b35db2093	vault:processed/微信知识库/宸帆海财会咨询服务/09_税务/2025-11-06 税负优化（3大税）.md	税负优化（3大税）		K4+K6+K8	locator-only	synthesis/2026-09-12-obsidian-scan/W4-wechat-1546-snapshot.md	
wechat-fce27d1fb9fa	vault:processed/微信知识库/宸帆海财会咨询服务/01_会计/2025-04-09 一站式商务服务，就选宸帆海！.md	一站式商务服务，就选宸帆海！		K6+K7	locator-only	synthesis/2026-09-12-obsidian-scan/W4-wechat-1546-snapshot.md	
wechat-fd33bf6ac850	vault:processed/微信知识库/宸帆海财会咨询服务/03_出口退税/2025-03-22 干货！出口退税20个热点问答.md	干货！出口退税20个热点问答		K4+K6	locator-only	synthesis/2026-09-12-obsidian-scan/W4-wechat-1546-snapshot.md	
wechat-fd4f9ccf570e	vault:processed/微信知识库/木木自由/07_数据分析/2024-04-01 收藏 数据资产管理体系搭建+数据资产入表六步法（附相关材料下载）.md	收藏 | 数据资产管理体系搭建+数据资产入表六步法（附相关材料下载）		K4+K8	locator-only	synthesis/2026-09-12-obsidian-scan/W4-wechat-1546-snapshot.md	
wechat-fd52f108637e	vault:processed/微信知识库/木木自由/01_数据分析必备/2024-08-27 一文读懂企业级数据治理体系搭建（附相关材料下载）.md	一文读懂企业级数据治理体系搭建（附相关材料下载）		K4+K5+K6+K7+K8	locator-only	synthesis/2026-09-12-obsidian-scan/W4-wechat-1546-snapshot.md	
wechat-fd81c7a00b2d	vault:processed/微信知识库/宸帆海财会咨询服务/10_财务/2025-05-04 提篮桥警告：这些红线碰不得！.md	提篮桥警告：这些红线碰不得！		K4+K6+K7	locator-only	synthesis/2026-09-12-obsidian-scan/W4-wechat-1546-snapshot.md	
wechat-fe2d1d2bcba5	vault:processed/微信知识库/数据熊/01_财务分析/2026-03-23 智能财务分析报告：一键生成精美看板.md	智能财务分析报告：一键生成精美看板		K5	locator-only	synthesis/2026-09-12-obsidian-scan/W4-wechat-1546-snapshot.md	
wechat-fe4477f74b28	vault:processed/微信知识库/宸帆海财会咨询服务/02_企业所得税/2024-08-19 企业用法定代表人支付宝、微信收款会有哪些风险？.md	企业用法定代表人支付宝、微信收款会有哪些风险？		K4+K6+K7	locator-only	synthesis/2026-09-12-obsidian-scan/W4-wechat-1546-snapshot.md	
wechat-fe4d47f560b5	vault:processed/微信知识库/宸帆海财会咨询服务/03_出口退税/2025-05-28 必看！出口退税分类实操指南.md	必看！出口退税分类实操指南			locator-only	synthesis/2026-09-12-obsidian-scan/W4-wechat-1546-snapshot.md	
wechat-fe833a5a1bf1	vault:processed/微信知识库/宸帆海财会咨询服务/02_企业所得税/2025-04-02 2024企业所得税汇算清缴，这份攻略让你少走弯路.md	2024企业所得税汇算清缴，这份攻略让你少走弯路		K1+K4+K6+K7+K8	locator-only	synthesis/2026-09-12-obsidian-scan/W4-wechat-1546-snapshot.md	
wechat-fe9342e507db	vault:processed/微信知识库/木木自由/01_数据分析必备/2025-04-07 《新媒体数据分析指南》：微信公众号数据分析、今日头条数据分析、微博数据分析、新媒体活动数据分析、新媒体数据分析报告···.md	《新媒体数据分析指南》：微信公众号数据分析、今日头条数据分析、微博数据分析、新媒体活动数据分析、新媒体数据分析报告···		K4+K6+K8	locator-only	synthesis/2026-09-12-obsidian-scan/W4-wechat-1546-snapshot.md	
wechat-fe9ef707fd68	vault:processed/微信知识库/宸帆海财会咨询服务/10_财务/2025-10-16 出纳工作内容简述.md	出纳工作内容简述		K6+K7	locator-only	synthesis/2026-09-12-obsidian-scan/W4-wechat-1546-snapshot.md	
wechat-feda4a00b341	vault:processed/微信知识库/木木自由/01_数据分析必备/2024-07-27 AI赋能、鱼骨图分析法、逻辑思维、数据行业相关制度与规范、市场分析 用户增长 数据仓库指南、数据要素、数据资产管理·· 本周精华.md	AI赋能、鱼骨图分析法、逻辑思维、数据行业相关制度与规范、市场分析/用户增长/数据仓库指南、数据要素、数据资产管理··|本周精华		K4+K5+K8	locator-only	synthesis/2026-09-12-obsidian-scan/W4-wechat-1546-snapshot.md	
wechat-fefde3728c41	vault:processed/微信知识库/宸帆海财会咨询服务/03_出口退税/2025-03-25 收藏！2025年出口企业核心环节全解析.md	收藏！2025年出口企业核心环节全解析		K4+K6+K8	locator-only	synthesis/2026-09-12-obsidian-scan/W4-wechat-1546-snapshot.md	
wechat-ff0a2810607f	vault:processed/微信知识库/数据熊/02_财务管理/2025-06-09 财务成长，需要突破四个边界.md	财务成长，需要突破四个边界		K1+K3+K4+K5+K6	locator-only	synthesis/2026-09-12-obsidian-scan/W4-wechat-1546-snapshot.md	
wechat-ff7c478e0027	vault:processed/微信知识库/木木自由/01_数据分析必备/2025-02-05 DeepSeek：重塑数据分析新格局、对数据治理的影响（附DeepSeek全功能详解与实操指南）.md	DeepSeek：重塑数据分析新格局、对数据治理的影响（附DeepSeek全功能详解与实操指南）		K4+K5+K8	locator-only	synthesis/2026-09-12-obsidian-scan/W4-wechat-1546-snapshot.md	
wechat-ff7e0a1a2ed2	vault:processed/微信知识库/数据熊/02_财务管理/2025-05-31 财务管理的核心逻辑：杜邦分析模型深度解析.md	财务管理的核心逻辑：杜邦分析模型深度解析		K1+K2+K3+K4+K5+K6	locator-only	synthesis/2026-09-12-obsidian-scan/W4-wechat-1546-snapshot.md	
wechat-ffabfa91e6c7	vault:processed/微信知识库/数据熊/01_财务分析/2026-01-31 2025年财务分析报告.md	2025年财务分析报告		K6	locator-only	synthesis/2026-09-12-obsidian-scan/W4-wechat-1546-snapshot.md	
wechat-fff27c612025	vault:processed/微信知识库/木木自由/01_数据分析必备/2025-03-20 《主数据驱动的数据治理指南》：规划方案、数据治理管理规范体系、业务数据全生命周期管理、主数据治理方案、方法论和案例···.md	《主数据驱动的数据治理指南》：规划方案、数据治理管理规范体系、业务数据全生命周期管理、主数据治理方案、方法论和案例···		K4+K6+K7+K8	locator-only	synthesis/2026-09-12-obsidian-scan/W4-wechat-1546-snapshot.md	
wiki-0003aee0131b	vault:wiki/管理会计体系.md	管理会计体系		K4+K7	locator-only	synthesis/2026-09-12-obsidian-scan/D-wiki.md	
wiki-00b035a9b8f1	vault:wiki/AI财务穿透管控体系.md	AI财务穿透管控体系		K5+K7+K8	locator-only	synthesis/2026-09-12-obsidian-scan/D-wiki.md	
wiki-0102e723e84e	vault:wiki/裹配业财一体.md	裹配业财一体		K7	locator-only	synthesis/2026-09-12-obsidian-scan/D-wiki.md	
wiki-011bc17e1e7e	vault:wiki/ChatGPT Plus 订阅策略 (Google Play 免税).md	ChatGPT Plus 订阅策略 (Google Play 免税)		K8	locator-only	synthesis/2026-09-12-obsidian-scan/D-wiki.md	
wiki-01236d4c6b5d	vault:wiki/财务结算与计费自动化.md	财务结算与计费自动化		K7	locator-only	synthesis/2026-09-12-obsidian-scan/D-wiki.md	
wiki-0147d94ef9e0	vault:wiki/财务分析自动化看板.md	财务分析自动化看板		K1+K2+K3+K4+K5	locator-only	synthesis/2026-09-12-obsidian-scan/D-wiki.md	
wiki-01ba4719c80b	vault:wiki/AI赋能财务数仓.md	AI赋能财务数仓			locator-only	synthesis/2026-09-12-obsidian-scan/D-wiki.md	dup-01ba4719
wiki-01ba4719c80b-10	vault:wiki/海外业务财务流程治理.md	海外业务财务流程治理			locator-only	synthesis/2026-09-12-obsidian-scan/D-wiki.md	dup-01ba4719
wiki-01ba4719c80b-11	vault:wiki/经营分析.md	经营分析		K4	locator-only	synthesis/2026-09-12-obsidian-scan/D-wiki.md	dup-01ba4719
wiki-01ba4719c80b-12	vault:wiki/经营分析指标体系.md	经营分析指标体系		K4	locator-only	synthesis/2026-09-12-obsidian-scan/D-wiki.md	dup-01ba4719
wiki-01ba4719c80b-13	vault:wiki/经营分析路径拆解方法论.md	经营分析路径拆解方法论		K4	locator-only	synthesis/2026-09-12-obsidian-scan/D-wiki.md	dup-01ba4719
wiki-01ba4719c80b-14	vault:wiki/财务BP.md	财务BP			locator-only	synthesis/2026-09-12-obsidian-scan/D-wiki.md	dup-01ba4719
wiki-01ba4719c80b-15	vault:wiki/财务共享中心.md	财务共享中心			locator-only	synthesis/2026-09-12-obsidian-scan/D-wiki.md	dup-01ba4719
wiki-01ba4719c80b-16	vault:wiki/财务经营分析闭环.md	财务经营分析闭环		K4	locator-only	synthesis/2026-09-12-obsidian-scan/D-wiki.md	dup-01ba4719
wiki-01ba4719c80b-17	vault:wiki/资金履约体系.md	资金履约体系			locator-only	synthesis/2026-09-12-obsidian-scan/D-wiki.md	dup-01ba4719
wiki-01ba4719c80b-18	vault:wiki/预算与成本管理.md	预算与成本管理		K6	locator-only	synthesis/2026-09-12-obsidian-scan/D-wiki.md	dup-01ba4719
wiki-01ba4719c80b-2	vault:wiki/CFO财务运营指标体系.md	CFO财务运营指标体系			locator-only	synthesis/2026-09-12-obsidian-scan/D-wiki.md	dup-01ba4719
wiki-01ba4719c80b-3	vault:wiki/IT资产全生命周期管理.md	IT资产全生命周期管理			locator-only	synthesis/2026-09-12-obsidian-scan/D-wiki.md	dup-01ba4719
wiki-01ba4719c80b-4	vault:wiki/_经营分析_.md	_经营分析_		K4	locator-only	synthesis/2026-09-12-obsidian-scan/D-wiki.md	dup-01ba4719
wiki-01ba4719c80b-5	vault:wiki/业财一体化与主数据管理.md	业财一体化与主数据管理		K7	locator-only	synthesis/2026-09-12-obsidian-scan/D-wiki.md	dup-01ba4719
wiki-01ba4719c80b-6	vault:wiki/业财一体化架构.md	业财一体化架构		K7	locator-only	synthesis/2026-09-12-obsidian-scan/D-wiki.md	dup-01ba4719
wiki-01ba4719c80b-7	vault:wiki/业财一体化系统.md	业财一体化系统		K7	locator-only	synthesis/2026-09-12-obsidian-scan/D-wiki.md	dup-01ba4719
wiki-01ba4719c80b-8	vault:wiki/价值型财务.md	价值型财务			locator-only	synthesis/2026-09-12-obsidian-scan/D-wiki.md	dup-01ba4719
wiki-01ba4719c80b-9	vault:wiki/毛利率分析.md	毛利率分析		K3	locator-only	synthesis/2026-09-12-obsidian-scan/D-wiki.md	dup-01ba4719
wiki-01db909e9d43	vault:wiki/财务预算与成本管控.md	财务预算与成本管控		K6	locator-only	synthesis/2026-09-12-obsidian-scan/D-wiki.md	
wiki-01ff067fadc0	vault:wiki/经营指标同比环比分析报表.md	经营指标同比环比分析报表		K1+K3+K4+K5+K6	locator-only	synthesis/2026-09-12-obsidian-scan/D-wiki.md	
wiki-0254e784f4cb	vault:wiki/业财融合.md	业财融合		K7	locator-only	synthesis/2026-09-12-obsidian-scan/D-wiki.md	
wiki-025e59fcf677	vault:wiki/财务思维.md	财务思维		K1+K2+K3+K4+K5+K6+K7	locator-only	synthesis/2026-09-12-obsidian-scan/D-wiki.md	
wiki-026b9e3fe8ff	vault:wiki/经营分析牵头机制与跨部门协同.md	经营分析牵头机制与跨部门协同		K3+K4+K5+K7	locator-only	synthesis/2026-09-12-obsidian-scan/D-wiki.md	
wiki-030e05be4686	vault:wiki/智能客服核心指标体系.md	智能客服核心指标体系		K8	locator-only	synthesis/2026-09-12-obsidian-scan/D-wiki.md	
wiki-034c2bae9bf8	vault:wiki/CFO运营指标体系.md	CFO运营指标体系			locator-only	synthesis/2026-09-12-obsidian-scan/D-wiki.md	
wiki-038222cfc835	vault:wiki/申通快递战略与盈利分析.md	申通快递战略与盈利分析		K3+K4+K7	locator-only	synthesis/2026-09-12-obsidian-scan/D-wiki.md	
wiki-038468335240	vault:wiki/资金结算平台演进.md	资金结算平台演进		K7	locator-only	synthesis/2026-09-12-obsidian-scan/D-wiki.md	
wiki-0390e3dca3da	vault:wiki/业财一体现金流管理.md	业财一体现金流管理		K2+K4+K5+K7	locator-only	synthesis/2026-09-12-obsidian-scan/D-wiki.md	
wiki-0398c20065e4	vault:wiki/业财一体化主数据管理.md	业财一体化主数据管理		K7	locator-only	synthesis/2026-09-12-obsidian-scan/D-wiki.md	
wiki-03cf573a1b45	vault:wiki/财务共享服务中心(FSSC).md	财务共享服务中心(FSSC)		K7	locator-only	synthesis/2026-09-12-obsidian-scan/D-wiki.md	
wiki-0430dd292bc6	vault:wiki/个人数字资产管理.md	个人数字资产管理		K8	locator-only	synthesis/2026-09-12-obsidian-scan/D-wiki.md	
wiki-04490911dfae	vault:wiki/财务BP五大业务逻辑.md	财务BP五大业务逻辑		K3+K4+K7	locator-only	synthesis/2026-09-12-obsidian-scan/D-wiki.md	
wiki-04586186fb3a	vault:wiki/业财一体化与数字化财务.md	业财一体化与数字化财务		K5+K7	locator-only	synthesis/2026-09-12-obsidian-scan/D-wiki.md	
wiki-04dc713c078e	vault:wiki/应收账款与信控管理.md	应收账款与信控管理		K7+K8	locator-only	synthesis/2026-09-12-obsidian-scan/D-wiki.md	
wiki-0529af63e5be	vault:wiki/成本与费用核算辨析.md	成本与费用核算辨析		K1+K3+K6+K7	locator-only	synthesis/2026-09-12-obsidian-scan/D-wiki.md	
wiki-052fdd3d9187	vault:wiki/业财一体化与结算体系.md	业财一体化与结算体系		K7	locator-only	synthesis/2026-09-12-obsidian-scan/D-wiki.md	
wiki-056eced31bd5	vault:wiki/业财一体核算应用-样板间.md	业财一体核算应用-样板间		K5+K7+K8	locator-only	synthesis/2026-09-12-obsidian-scan/D-wiki.md	
wiki-059a2e553446	vault:wiki/菜鸟业财一体化战略.md	菜鸟业财一体化战略		K7	locator-only	synthesis/2026-09-12-obsidian-scan/D-wiki.md	
wiki-0671bb9c4e3e	vault:wiki/账实相符与会计核对体系.md	账实相符与会计核对体系		K7	locator-only	synthesis/2026-09-12-obsidian-scan/D-wiki.md	
wiki-06cdfaacb35b	vault:wiki/支付资金安全机制.md	支付资金安全机制			locator-only	synthesis/2026-09-12-obsidian-scan/D-wiki.md	
wiki-07202764f847	vault:wiki/业财一体化核算体系.md	业财一体化核算体系		K7+K8	locator-only	synthesis/2026-09-12-obsidian-scan/D-wiki.md	
wiki-075c9780caa7	vault:wiki/资金结算与财务中台.md	资金结算与财务中台		K7	locator-only	synthesis/2026-09-12-obsidian-scan/D-wiki.md	
wiki-07828c99cd40	vault:wiki/供应链采购核心指标体系.md	供应链采购核心指标体系		K5	locator-only	synthesis/2026-09-12-obsidian-scan/D-wiki.md	
wiki-07bf626c9cb3	vault:wiki/开票、收款与确认收入的本质差异.md	开票、收款与确认收入的本质差异		K1+K3+K7	locator-only	synthesis/2026-09-12-obsidian-scan/D-wiki.md	
wiki-07c3a016b469	vault:wiki/财务共享服务中心（FSSC）.md	财务共享服务中心（FSSC）		K7	locator-only	synthesis/2026-09-12-obsidian-scan/D-wiki.md	
wiki-07edd1058c75	vault:wiki/结算资金财务一体化平台.md	结算资金财务一体化平台		K2+K7	locator-only	synthesis/2026-09-12-obsidian-scan/D-wiki.md	
wiki-07f99b0e084d	vault:wiki/财务数据质量引擎 (DQC).md	财务数据质量引擎 (DQC)		K5+K6	locator-only	synthesis/2026-09-12-obsidian-scan/D-wiki.md	
wiki-083dc45f1c75	vault:wiki/财务主体迁移 (OU切换).md	财务主体迁移 (OU切换)		K7	locator-only	synthesis/2026-09-12-obsidian-scan/D-wiki.md	
wiki-085bc3bf2ba9	vault:wiki/_经营分析与财务分析_.md	_经营分析与财务分析_		K4	locator-only	synthesis/2026-09-12-obsidian-scan/D-wiki.md	
wiki-08b57961fb28	vault:wiki/毛利率分析与经营决策框架.md	毛利率分析与经营决策框架		K3+K4	locator-only	synthesis/2026-09-12-obsidian-scan/D-wiki.md	
wiki-09297e1368a3	vault:wiki/菜鸟业财一体化.md	菜鸟业财一体化		K3+K7	locator-only	synthesis/2026-09-12-obsidian-scan/D-wiki.md	
wiki-093d9abc3b88	vault:wiki/业财数字化与结算线上化.md	业财数字化与结算线上化		K1+K4+K7+K8	locator-only	synthesis/2026-09-12-obsidian-scan/D-wiki.md	
wiki-0a04d82a22f1	vault:wiki/业财一体化与流程治理.md	业财一体化与流程治理		K7	locator-only	synthesis/2026-09-12-obsidian-scan/D-wiki.md	
wiki-0a3397236a26	vault:wiki/财务自动化对账.md	财务自动化对账		K4+K7	locator-only	synthesis/2026-09-12-obsidian-scan/D-wiki.md	
wiki-0b1637589f94	vault:wiki/核算架构与会计引擎.md	核算架构与会计引擎		K1+K7	locator-only	synthesis/2026-09-12-obsidian-scan/D-wiki.md	
wiki-0b700036a359	vault:wiki/IT服务与资产管理.md	IT服务与资产管理		K6+K7	locator-only	synthesis/2026-09-12-obsidian-scan/D-wiki.md	
wiki-0b85bf17311b	vault:wiki/核心指标管理体系.md	核心指标管理体系			locator-only	synthesis/2026-09-12-obsidian-scan/D-wiki.md	
wiki-0b9e19e3c518	vault:wiki/资产生命周期防控体系.md	资产生命周期防控体系		K4+K7	locator-only	synthesis/2026-09-12-obsidian-scan/D-wiki.md	
wiki-0be76f8aa7c9	vault:wiki/财务分析报告撰写.md	财务分析报告撰写		K2+K4	locator-only	synthesis/2026-09-12-obsidian-scan/D-wiki.md	
wiki-0cf1a54e2dd1	vault:wiki/AI财务与应付产品.md	AI财务与应付产品		K7+K8	locator-only	synthesis/2026-09-12-obsidian-scan/D-wiki.md	
wiki-0cf240496e6f	vault:wiki/财务BP五大经营思维模型.md	财务BP五大经营思维模型		K1+K3+K4+K6+K7	locator-only	synthesis/2026-09-12-obsidian-scan/D-wiki.md	
wiki-0d178972ffda	vault:wiki/菜鸟财务域现状与升级策略.md	菜鸟财务域现状与升级策略		K7	locator-only	synthesis/2026-09-12-obsidian-scan/D-wiki.md	
wiki-0d68dfdaf9b9	vault:wiki/应收账款管控模型.md	应收账款管控模型		K3+K4	locator-only	synthesis/2026-09-12-obsidian-scan/D-wiki.md	
wiki-0d7515af6e86	vault:wiki/经营分析财务业务融合.md	经营分析财务业务融合		K4	locator-only	synthesis/2026-09-12-obsidian-scan/D-wiki.md	
wiki-0dd0abc2815c	vault:wiki/T+1损益分析.md	T+1损益分析		K7	locator-only	synthesis/2026-09-12-obsidian-scan/D-wiki.md	
wiki-0de9d72d9f0c	vault:wiki/财务主数据模型.md	财务主数据模型		K7	locator-only	synthesis/2026-09-12-obsidian-scan/D-wiki.md	
wiki-0e12f96b9817	vault:wiki/HALO资产.md	HALO资产			locator-only	synthesis/2026-09-12-obsidian-scan/D-wiki.md	
wiki-0e4076a57451	vault:wiki/供应链与业财一体化系统规划.md	供应链与业财一体化系统规划		K7	locator-only	synthesis/2026-09-12-obsidian-scan/D-wiki.md	
wiki-0e812c6cc97b	vault:wiki/业财法一体化数字化平台.md	业财法一体化数字化平台		K5+K7	locator-only	synthesis/2026-09-12-obsidian-scan/D-wiki.md	
wiki-0e993dd4eae6	vault:wiki/AI模型成本拐点与应用爆发.md	AI模型成本拐点与应用爆发		K8	locator-only	synthesis/2026-09-12-obsidian-scan/D-wiki.md	
wiki-0ebcf0f16e9d	vault:wiki/财务能力分析四大看板.md	财务能力分析四大看板		K2+K3+K5	locator-only	synthesis/2026-09-12-obsidian-scan/D-wiki.md	
wiki-0f7bc4edc6b8	vault:wiki/财务数字化与AI应用.md	财务数字化与AI应用		K7	locator-only	synthesis/2026-09-12-obsidian-scan/D-wiki.md	
wiki-0fcfbeecdcfb	vault:wiki/智能审计流程.md	智能审计流程		K5+K7+K8	locator-only	synthesis/2026-09-12-obsidian-scan/D-wiki.md	
wiki-10fbf97c6929	vault:wiki/菜鸟业财一体.md	菜鸟业财一体		K7	locator-only	synthesis/2026-09-12-obsidian-scan/D-wiki.md	
wiki-1206e9b27253	vault:wiki/财务审计与全链路风控.md	财务审计与全链路风控			locator-only	synthesis/2026-09-12-obsidian-scan/D-wiki.md	
wiki-1221aafba0dc	vault:wiki/经营分析与主价值链.md	经营分析与主价值链		K4	locator-only	synthesis/2026-09-12-obsidian-scan/D-wiki.md	
wiki-128304ae96bf	vault:wiki/月度经营利润与损益分析看板.md	月度经营利润与损益分析看板		K1+K4+K5+K6+K7	locator-only	synthesis/2026-09-12-obsidian-scan/D-wiki.md	
wiki-12875318e20d	vault:wiki/应收账款周转率精细化管理.md	应收账款周转率精细化管理		K1+K3+K5	locator-only	synthesis/2026-09-12-obsidian-scan/D-wiki.md	
wiki-12a62afbacb7	vault:wiki/古德哈特定律：指标管理陷阱.md	古德哈特定律：指标管理陷阱		K4+K8	locator-only	synthesis/2026-09-12-obsidian-scan/D-wiki.md	
wiki-1345c1630e80	vault:wiki/财务全球化基建.md	财务全球化基建		K7	locator-only	synthesis/2026-09-12-obsidian-scan/D-wiki.md	
wiki-1428745ce58d	vault:wiki/供应链运营数据指标.md	供应链运营数据指标		K5+K8	locator-only	synthesis/2026-09-12-obsidian-scan/D-wiki.md	
wiki-145ce572fb92	vault:wiki/企业经营管理驾驶舱.md	企业经营管理驾驶舱		K4+K5+K7	locator-only	synthesis/2026-09-12-obsidian-scan/D-wiki.md	
wiki-1469f0fa0172	vault:wiki/权责发生制财务系统与全链路风控.md	权责发生制财务系统与全链路风控		K7	locator-only	synthesis/2026-09-12-obsidian-scan/D-wiki.md	
wiki-1553f5188ceb	vault:wiki/净利润与现金流.md	净利润与现金流		K4+K7	locator-only	synthesis/2026-09-12-obsidian-scan/D-wiki.md	
wiki-158f525add86	vault:wiki/财务产品智能化.md	财务产品智能化		K8	locator-only	synthesis/2026-09-12-obsidian-scan/D-wiki.md	
wiki-1591f4e355d6	vault:wiki/主价值链与经营分析.md	主价值链与经营分析		K4	locator-only	synthesis/2026-09-12-obsidian-scan/D-wiki.md	
wiki-15938f445031	vault:wiki/央国企AI财务穿透管控体系.md	央国企AI财务穿透管控体系		K5+K7	locator-only	synthesis/2026-09-12-obsidian-scan/D-wiki.md	
wiki-1599b730fdfe	vault:wiki/国际化供应链商业化与成本策略.md	国际化供应链商业化与成本策略		K7	locator-only	synthesis/2026-09-12-obsidian-scan/D-wiki.md	
wiki-15aabc9769a9	vault:wiki/AI时代流程指标升级体系.md	AI时代流程指标升级体系		K5+K8	locator-only	synthesis/2026-09-12-obsidian-scan/D-wiki.md	
wiki-15f267d578cc	vault:wiki/资金结算中台.md	资金结算中台		K7	locator-only	synthesis/2026-09-12-obsidian-scan/D-wiki.md	
wiki-160090ac64a4	vault:wiki/财务结算与经营绩效体系.md	财务结算与经营绩效体系		K4+K7+K8	locator-only	synthesis/2026-09-12-obsidian-scan/D-wiki.md	
wiki-164444d8316e	vault:wiki/财务结算系统走查记录.md	财务结算系统走查记录		K7+K8	locator-only	synthesis/2026-09-12-obsidian-scan/D-wiki.md	
wiki-164b83626909	vault:wiki/AI 财务应用实践.md	AI 财务应用实践		K4+K7+K8	locator-only	synthesis/2026-09-12-obsidian-scan/D-wiki.md	
wiki-166866adf75d	vault:wiki/AE资金结算架构升级.md	AE资金结算架构升级		K7	locator-only	synthesis/2026-09-12-obsidian-scan/D-wiki.md	
wiki-1691e321f836	vault:wiki/电子会计档案.md	电子会计档案			locator-only	synthesis/2026-09-12-obsidian-scan/D-wiki.md	
wiki-16aa18e39229	vault:wiki/IT资产与成本管理.md	IT资产与成本管理		K5+K6	locator-only	synthesis/2026-09-12-obsidian-scan/D-wiki.md	
wiki-16d87feb8b91	vault:wiki/国际化电商业务合规与税务.md	国际化电商业务合规与税务		K7	locator-only	synthesis/2026-09-12-obsidian-scan/D-wiki.md	
wiki-177f2baa5023	vault:wiki/资金与结算服务平台.md	资金与结算服务平台		K5+K7	locator-only	synthesis/2026-09-12-obsidian-scan/D-wiki.md	
wiki-1797182ff953	vault:wiki/现金流与营运资金管理.md	现金流与营运资金管理		K3+K4+K7	locator-only	synthesis/2026-09-12-obsidian-scan/D-wiki.md	
wiki-17a45b5b83d3	vault:wiki/财务数字化分层服务.md	财务数字化分层服务		K4+K5+K7	locator-only	synthesis/2026-09-12-obsidian-scan/D-wiki.md	
wiki-17c0ca1deb74	vault:wiki/业财一体化与结算平台化.md	业财一体化与结算平台化		K7	locator-only	synthesis/2026-09-12-obsidian-scan/D-wiki.md	
wiki-186b6ac3ae0b	vault:wiki/财务合规与业务主体迁移.md	财务合规与业务主体迁移		K4+K7	locator-only	synthesis/2026-09-12-obsidian-scan/D-wiki.md	
wiki-1881d0b3b57c	vault:wiki/企业季度经营分析框架.md	企业季度经营分析框架		K1+K3+K4+K6	locator-only	synthesis/2026-09-12-obsidian-scan/D-wiki.md	
wiki-18ba54a680a5	vault:wiki/财务三大报表勾稽关系.md	财务三大报表勾稽关系		K1+K3+K4	locator-only	synthesis/2026-09-12-obsidian-scan/D-wiki.md	
wiki-1924c45193df	vault:wiki/财务风险预警.md	财务风险预警		K3+K4	locator-only	synthesis/2026-09-12-obsidian-scan/D-wiki.md	
wiki-1950647dfbc7	vault:wiki/业财一体化管理体系.md	业财一体化管理体系		K1+K5+K6+K7	locator-only	synthesis/2026-09-12-obsidian-scan/D-wiki.md	
wiki-1961b3db0acd	vault:wiki/资金缺口测算.md	资金缺口测算		K1+K3+K4+K8	locator-only	synthesis/2026-09-12-obsidian-scan/D-wiki.md	
wiki-19bdb9aed14f	vault:wiki/财务报表勾稽关系.md	财务报表勾稽关系		K1+K4+K7	locator-only	synthesis/2026-09-12-obsidian-scan/D-wiki.md	
wiki-19c382b05b35	vault:wiki/资金结算与计费平台架构.md	资金结算与计费平台架构		K7	locator-only	synthesis/2026-09-12-obsidian-scan/D-wiki.md	
wiki-1a0e8850116d	vault:wiki/财务中台建设与业财协同.md	财务中台建设与业财协同		K7	locator-only	synthesis/2026-09-12-obsidian-scan/D-wiki.md	
wiki-1a1cbdd2f3cb	vault:wiki/欧洲大区财务运营与税务痛点.md	欧洲大区财务运营与税务痛点		K7	locator-only	synthesis/2026-09-12-obsidian-scan/D-wiki.md	
wiki-1a393d03e5da	vault:wiki/阿里妈妈资金管理平台.md	阿里妈妈资金管理平台		K1+K6+K7	locator-only	synthesis/2026-09-12-obsidian-scan/D-wiki.md	
wiki-1a661af8ae4e	vault:wiki/资金结算域.md	资金结算域		K5+K7	locator-only	synthesis/2026-09-12-obsidian-scan/D-wiki.md	
wiki-1a89aaada830	vault:wiki/业财一体化管理.md	业财一体化管理		K1+K7+K8	locator-only	synthesis/2026-09-12-obsidian-scan/D-wiki.md	
wiki-1a96b8f75393	vault:wiki/财务数据质量监控引擎 (DQC).md	财务数据质量监控引擎 (DQC)		K5+K6	locator-only	synthesis/2026-09-12-obsidian-scan/D-wiki.md	
wiki-1aa264a10b66	vault:wiki/菜鸟结算与资金财务一体化平台.md	菜鸟结算与资金财务一体化平台		K5+K7	locator-only	synthesis/2026-09-12-obsidian-scan/D-wiki.md	
wiki-1b0336b29101	vault:wiki/华为财经管理与现金流战略.md	华为财经管理与现金流战略		K7	locator-only	synthesis/2026-09-12-obsidian-scan/D-wiki.md	
wiki-1b0e6963c5d2	vault:wiki/AI辅助数据开发与指标分析.md	AI辅助数据开发与指标分析		K4+K5+K8	locator-only	synthesis/2026-09-12-obsidian-scan/D-wiki.md	
wiki-1bced9bbad7a	vault:wiki/业财协同与财务数字化.md	业财协同与财务数字化		K7	locator-only	synthesis/2026-09-12-obsidian-scan/D-wiki.md	
wiki-1c2eedb6f416	vault:wiki/算力利润中心与AGI演进.md	算力利润中心与AGI演进		K7+K8	locator-only	synthesis/2026-09-12-obsidian-scan/D-wiki.md	
wiki-1ccf235b055f	vault:wiki/AI Agent 成本控制策略.md	AI Agent 成本控制策略		K8	locator-only	synthesis/2026-09-12-obsidian-scan/D-wiki.md	
wiki-1cffb2f7f394	vault:wiki/AI 财务智能体应用.md	AI 财务智能体应用		K4+K7+K8	locator-only	synthesis/2026-09-12-obsidian-scan/D-wiki.md	
wiki-1d001a0cdf9e	vault:wiki/财务与产技战略协同.md	财务与产技战略协同		K7	locator-only	synthesis/2026-09-12-obsidian-scan/D-wiki.md	
wiki-1d2399057208	vault:wiki/预算与费用谈判.md	预算与费用谈判		K6	locator-only	synthesis/2026-09-12-obsidian-scan/D-wiki.md	
wiki-1d5a18254b66	vault:wiki/资金与计费业务域模型.md	资金与计费业务域模型		K7+K8	locator-only	synthesis/2026-09-12-obsidian-scan/D-wiki.md	
wiki-1dac90aa2f7a	vault:wiki/财务安全与智能稽核.md	财务安全与智能稽核		K5+K7+K8	locator-only	synthesis/2026-09-12-obsidian-scan/D-wiki.md	
wiki-1de28d1d3546	vault:wiki/财务共享中心与规范化管理.md	财务共享中心与规范化管理		K7	locator-only	synthesis/2026-09-12-obsidian-scan/D-wiki.md	
wiki-1e2d111c7431	vault:wiki/经营单元与利润中心.md	经营单元与利润中心		K7	locator-only	synthesis/2026-09-12-obsidian-scan/D-wiki.md	
wiki-1f447aac3b7f	vault:wiki/业财映射与财务架构打标（国际快递）.md	业财映射与财务架构打标（国际快递）		K7	locator-only	synthesis/2026-09-12-obsidian-scan/D-wiki.md	
wiki-1f530db006e7	vault:wiki/财务分析报告模板.md	财务分析报告模板		K3+K4+K6+K7	locator-only	synthesis/2026-09-12-obsidian-scan/D-wiki.md	
wiki-1f7459847cbf	vault:wiki/ChatGPT Plus 免税订阅指南.md	ChatGPT Plus 免税订阅指南		K8	locator-only	synthesis/2026-09-12-obsidian-scan/D-wiki.md	
wiki-1f8cf1f0d04f	vault:wiki/资金预算与资源整合.md	资金预算与资源整合		K1+K6	locator-only	synthesis/2026-09-12-obsidian-scan/D-wiki.md	
wiki-1fdd75000c43	vault:wiki/财务自动化与AI工具应用.md	财务自动化与AI工具应用		K7	locator-only	synthesis/2026-09-12-obsidian-scan/D-wiki.md	
wiki-1fe4f6f2c3fb	vault:wiki/财务AI产品化与容错设计.md	财务AI产品化与容错设计		K7+K8	locator-only	synthesis/2026-09-12-obsidian-scan/D-wiki.md	
wiki-1fea12e0459e	vault:wiki/HSCode税号归类.md	HSCode税号归类		K7+K8	locator-only	synthesis/2026-09-12-obsidian-scan/D-wiki.md	
wiki-20857dd0895a	vault:wiki/企业财务AI信息化系统.md	企业财务AI信息化系统		K4+K5+K6+K7+K8	locator-only	synthesis/2026-09-12-obsidian-scan/D-wiki.md	
wiki-2094c6abd66a	vault:wiki/职业资产化思维.md	职业资产化思维			locator-only	synthesis/2026-09-12-obsidian-scan/D-wiki.md	
wiki-2131da45c83d	vault:wiki/数据驾驶舱与包裹引擎.md	数据驾驶舱与包裹引擎		K5+K8	locator-only	synthesis/2026-09-12-obsidian-scan/D-wiki.md	
wiki-21fd9ae88859	vault:wiki/财务BP核心技能体系.md	财务BP核心技能体系		K4+K6+K7	locator-only	synthesis/2026-09-12-obsidian-scan/D-wiki.md	
wiki-222eb96ffb61	vault:wiki/企业AI项目成本管控与价值衡量.md	企业AI项目成本管控与价值衡量		K6+K8	locator-only	synthesis/2026-09-12-obsidian-scan/D-wiki.md	
wiki-22816a515443	vault:wiki/标准成本法.md	标准成本法		K4+K7	locator-only	synthesis/2026-09-12-obsidian-scan/D-wiki.md	
wiki-22c8d46d227e	vault:wiki/经营分析三重境界.md	经营分析三重境界		K4+K6	locator-only	synthesis/2026-09-12-obsidian-scan/D-wiki.md	
wiki-230ecc257049	vault:wiki/AE资金结算架构.md	AE资金结算架构		K7	locator-only	synthesis/2026-09-12-obsidian-scan/D-wiki.md	
wiki-233eea5fe4e1	vault:wiki/业财结算与风控体系.md	业财结算与风控体系		K4+K7	locator-only	synthesis/2026-09-12-obsidian-scan/D-wiki.md	
wiki-247307ebf143	vault:wiki/成本曲线跨界打击.md	成本曲线跨界打击		K8	locator-only	synthesis/2026-09-12-obsidian-scan/D-wiki.md	
wiki-25362c03e491	vault:wiki/_Claude Code 产品与定价体系_.md	_Claude Code 产品与定价体系_		K6+K8	locator-only	synthesis/2026-09-12-obsidian-scan/D-wiki.md	
wiki-25ac59c5cf69	vault:wiki/IT成本与运维治理.md	IT成本与运维治理		K6+K7	locator-only	synthesis/2026-09-12-obsidian-scan/D-wiki.md	
wiki-2614c02496fa	vault:wiki/企业财务数字化.md	企业财务数字化		K4+K5+K7	locator-only	synthesis/2026-09-12-obsidian-scan/D-wiki.md	
wiki-261fd570b06d	vault:wiki/财务结算与资金服务KPI.md	财务结算与资金服务KPI		K7	locator-only	synthesis/2026-09-12-obsidian-scan/D-wiki.md	
wiki-268b45c3a2f8	vault:wiki/指标管理体系.md	指标管理体系		K2+K5	locator-only	synthesis/2026-09-12-obsidian-scan/D-wiki.md	
wiki-26a2a2328e9e	vault:wiki/_物流包裹分摊模型 (ABC成本法)_.md	_物流包裹分摊模型 (ABC成本法)_		K7	locator-only	synthesis/2026-09-12-obsidian-scan/D-wiki.md	
wiki-26cc96009c36	vault:wiki/业财一体化与管报架构.md	业财一体化与管报架构		K6+K7	locator-only	synthesis/2026-09-12-obsidian-scan/D-wiki.md	
wiki-2775ce6e00bb	vault:wiki/业财一体与结算线上化.md	业财一体与结算线上化		K5+K7	locator-only	synthesis/2026-09-12-obsidian-scan/D-wiki.md	
wiki-28086f751209	vault:wiki/合并报表编制方法.md	合并报表编制方法			locator-only	synthesis/2026-09-12-obsidian-scan/D-wiki.md	
wiki-280c1ee144f5	vault:wiki/业财一体化与财务管理体系.md	业财一体化与财务管理体系		K6+K7	locator-only	synthesis/2026-09-12-obsidian-scan/D-wiki.md	
wiki-2853783ca24d	vault:wiki/现金流与毛利率.md	现金流与毛利率		K3+K4	locator-only	synthesis/2026-09-12-obsidian-scan/D-wiki.md	
wiki-28ecfbcf0314	vault:wiki/经营分析闭环.md	经营分析闭环		K1+K3+K4+K7	locator-only	synthesis/2026-09-12-obsidian-scan/D-wiki.md	
wiki-28f217bf570b	vault:wiki/管理利润.md	管理利润		K4+K6+K7	locator-only	synthesis/2026-09-12-obsidian-scan/D-wiki.md	
wiki-28fa3cd4f519	vault:wiki/持剑经商的成本分析.md	持剑经商的成本分析		K7	locator-only	synthesis/2026-09-12-obsidian-scan/D-wiki.md	
wiki-292c93215241	vault:wiki/业财一体化机制.md	业财一体化机制		K4+K7	locator-only	synthesis/2026-09-12-obsidian-scan/D-wiki.md	
wiki-294a43df45ea	vault:wiki/财务系统.md	财务系统		K7	locator-only	synthesis/2026-09-12-obsidian-scan/D-wiki.md	
wiki-2971068190d9	vault:wiki/S2工作规划（风控·结算·资金服务·供应链金融）.md	S2工作规划（风控·结算·资金服务·供应链金融）		K7	locator-only	synthesis/2026-09-12-obsidian-scan/D-wiki.md	
wiki-2ac910bc2a4f	vault:wiki/企业财务分析.md	企业财务分析		K2+K3+K6+K7	locator-only	synthesis/2026-09-12-obsidian-scan/D-wiki.md	
wiki-2adda4e19d1a	vault:wiki/资产管理.md	资产管理		K5+K7	locator-only	synthesis/2026-09-12-obsidian-scan/D-wiki.md	
wiki-2c801be72c83	vault:wiki/营运资金管理.md	营运资金管理		K2+K3+K4+K5+K6+K7	locator-only	synthesis/2026-09-12-obsidian-scan/D-wiki.md	
wiki-2d0c699f6c32	vault:wiki/业财一体化与管报核算体系.md	业财一体化与管报核算体系		K1+K4+K7	locator-only	synthesis/2026-09-12-obsidian-scan/D-wiki.md	
wiki-2d3afb32516d	vault:wiki/财务与政务档案.md	财务与政务档案			locator-only	synthesis/2026-09-12-obsidian-scan/D-wiki.md	
wiki-2d6cb6ba7799	vault:wiki/经营分析路径拆解模型.md	经营分析路径拆解模型		K4+K7	locator-only	synthesis/2026-09-12-obsidian-scan/D-wiki.md	
wiki-2d6fd3387550	vault:wiki/财务分析.md	财务分析		K1+K2+K3+K4	locator-only	synthesis/2026-09-12-obsidian-scan/D-wiki.md	
wiki-2d79e919ff09	vault:wiki/资产生命周期防控体系 (Asset-Loss Prevention System).md	资产生命周期防控体系 (Asset-Loss Prevention System)		K3+K4+K7	locator-only	synthesis/2026-09-12-obsidian-scan/D-wiki.md	
wiki-2dd46c73e9f7	vault:wiki/精细化核算与经营分析.md	精细化核算与经营分析		K3+K4+K5+K7+K8	locator-only	synthesis/2026-09-12-obsidian-scan/D-wiki.md	
wiki-2df2a5e07b17	vault:wiki/问题定义权与预算博弈.md	问题定义权与预算博弈		K6	locator-only	synthesis/2026-09-12-obsidian-scan/D-wiki.md	
wiki-2e201cd75067	vault:wiki/FY26核心规划与业财一体.md	FY26核心规划与业财一体		K4+K7+K8	locator-only	synthesis/2026-09-12-obsidian-scan/D-wiki.md	
wiki-2e709fb434c1	vault:wiki/财务指标体系.md	财务指标体系		K1+K2+K3	locator-only	synthesis/2026-09-12-obsidian-scan/D-wiki.md	
wiki-2eabf78b7450	vault:wiki/业财一体化八条地铁线模型.md	业财一体化八条地铁线模型		K7	locator-only	synthesis/2026-09-12-obsidian-scan/D-wiki.md	
wiki-2eaf938d1939	vault:wiki/采购绩效与供应链治理指标.md	采购绩效与供应链治理指标			locator-only	synthesis/2026-09-12-obsidian-scan/D-wiki.md	
wiki-2edd03ef31de	vault:wiki/资金域模块划分.md	资金域模块划分		K7	locator-only	synthesis/2026-09-12-obsidian-scan/D-wiki.md	
wiki-2f329b187cc4	vault:wiki/财务审计与全链路风控体系.md	财务审计与全链路风控体系		K7	locator-only	synthesis/2026-09-12-obsidian-scan/D-wiki.md	
wiki-2fe88be483bd	vault:wiki/财务BP与业财融合.md	财务BP与业财融合		K4+K5+K6+K7	locator-only	synthesis/2026-09-12-obsidian-scan/D-wiki.md	
wiki-307d5a7cefe4	vault:wiki/AI时代流程指标升级路线.md	AI时代流程指标升级路线		K4+K5+K8	locator-only	synthesis/2026-09-12-obsidian-scan/D-wiki.md	
wiki-308fd0c2b4bc	vault:wiki/财务应付(AP)产品.md	财务应付(AP)产品		K7	locator-only	synthesis/2026-09-12-obsidian-scan/D-wiki.md	
wiki-30cfaa01a0c5	vault:wiki/经营分析会框架.md	经营分析会框架		K4+K6+K7	locator-only	synthesis/2026-09-12-obsidian-scan/D-wiki.md	
wiki-3100113fe9a2	vault:wiki/菜鸟成本管理单元体系.md	菜鸟成本管理单元体系		K6+K7	locator-only	synthesis/2026-09-12-obsidian-scan/D-wiki.md	
wiki-310269d37bd1	vault:wiki/财务数字化管理.md	财务数字化管理		K1+K4+K6+K7	locator-only	synthesis/2026-09-12-obsidian-scan/D-wiki.md	
wiki-310b5acf9777	vault:wiki/物流成本优化与行业宏观背景.md	物流成本优化与行业宏观背景		K7	locator-only	synthesis/2026-09-12-obsidian-scan/D-wiki.md	
wiki-316954ac5426	vault:wiki/IT硬件资产全生命周期管理.md	IT硬件资产全生命周期管理		K6	locator-only	synthesis/2026-09-12-obsidian-scan/D-wiki.md	
wiki-3176bfcbc83a	vault:wiki/经营分析PPT汇报框架.md	经营分析PPT汇报框架		K4+K5+K6	locator-only	synthesis/2026-09-12-obsidian-scan/D-wiki.md	
wiki-3189fc620d0f	vault:wiki/宇树科技CFO薪酬与定价逻辑.md	宇树科技CFO薪酬与定价逻辑		K2+K3+K7+K8	locator-only	synthesis/2026-09-12-obsidian-scan/D-wiki.md	
wiki-31d29d72743e	vault:wiki/金融行业数据分析指标体系.md	金融行业数据分析指标体系		K5	locator-only	synthesis/2026-09-12-obsidian-scan/D-wiki.md	
wiki-3220a4044e48	vault:wiki/毛利率分析框架.md	毛利率分析框架		K3+K4+K8	locator-only	synthesis/2026-09-12-obsidian-scan/D-wiki.md	
wiki-32cfa3bf271a	vault:wiki/财务BP经营分析.md	财务BP经营分析		K4	locator-only	synthesis/2026-09-12-obsidian-scan/D-wiki.md	
wiki-330931e48709	vault:wiki/智能财务与运营工作台.md	智能财务与运营工作台		K5+K7+K8	locator-only	synthesis/2026-09-12-obsidian-scan/D-wiki.md	
wiki-330d6cb54eac	vault:wiki/财务核心角色.md	财务核心角色		K7	locator-only	synthesis/2026-09-12-obsidian-scan/D-wiki.md	
wiki-332dacb30708	vault:wiki/Claude Code 定价与选型.md	Claude Code 定价与选型		K6+K8	locator-only	synthesis/2026-09-12-obsidian-scan/D-wiki.md	
wiki-34be45cc27a8	vault:wiki/财务结算与对账机制.md	财务结算与对账机制		K7	locator-only	synthesis/2026-09-12-obsidian-scan/D-wiki.md	
wiki-361e6678d359	vault:wiki/菜鸟业财一体化建设.md	菜鸟业财一体化建设		K7	locator-only	synthesis/2026-09-12-obsidian-scan/D-wiki.md	
wiki-364dad482359	vault:wiki/资金结算线上化.md	资金结算线上化		K4+K7	locator-only	synthesis/2026-09-12-obsidian-scan/D-wiki.md	
wiki-3655164b2d14	vault:wiki/财务分析报告.md	财务分析报告		K1+K2+K3+K4+K5+K6+K7	locator-only	synthesis/2026-09-12-obsidian-scan/D-wiki.md	
wiki-36d808229097	vault:wiki/企业财务分析实战框架.md	企业财务分析实战框架		K1+K5+K7	locator-only	synthesis/2026-09-12-obsidian-scan/D-wiki.md	
wiki-36e937b350cc	vault:wiki/业财一体化（业财融合）.md	业财一体化（业财融合）		K7	locator-only	synthesis/2026-09-12-obsidian-scan/D-wiki.md	
wiki-36f8075f2b81	vault:wiki/业财一体化挑战.md	业财一体化挑战		K7	locator-only	synthesis/2026-09-12-obsidian-scan/D-wiki.md	
wiki-3757b565985c	vault:wiki/菜鸟资金结算业务支持.md	菜鸟资金结算业务支持		K7	locator-only	synthesis/2026-09-12-obsidian-scan/D-wiki.md	
wiki-378f85f76ec9	vault:wiki/客户余额调账与财务合规.md	客户余额调账与财务合规		K4+K7	locator-only	synthesis/2026-09-12-obsidian-scan/D-wiki.md	
wiki-3845c2d4c998	vault:wiki/会计核算.md	会计核算		K7	locator-only	synthesis/2026-09-12-obsidian-scan/D-wiki.md	
wiki-38e74280535c	vault:wiki/费用管控与预算执行看板.md	费用管控与预算执行看板		K4+K5+K6	locator-only	synthesis/2026-09-12-obsidian-scan/D-wiki.md	
wiki-38e9c5b62125	vault:wiki/HSCode商品税号归类.md	HSCode商品税号归类		K8	locator-only	synthesis/2026-09-12-obsidian-scan/D-wiki.md	
wiki-392da08ca2b4	vault:wiki/_全球 IT 网络与资产服务治理_.md	_全球 IT 网络与资产服务治理_		K6+K8	locator-only	synthesis/2026-09-12-obsidian-scan/D-wiki.md	
wiki-39400115645a	vault:wiki/AI时代财务人员的职业危机与转型.md	AI时代财务人员的职业危机与转型		K4+K5+K6+K8	locator-only	synthesis/2026-09-12-obsidian-scan/D-wiki.md	
wiki-396383a307b7	vault:wiki/经营分析与决策力.md	经营分析与决策力		K4+K7	locator-only	synthesis/2026-09-12-obsidian-scan/D-wiki.md	
wiki-39e0133907ff	vault:wiki/季度财务分析报告.md	季度财务分析报告		K1+K4+K5+K6	locator-only	synthesis/2026-09-12-obsidian-scan/D-wiki.md	
wiki-39ea54a41926	vault:wiki/利润三维度模型.md	利润三维度模型		K2+K3+K4+K6+K7	locator-only	synthesis/2026-09-12-obsidian-scan/D-wiki.md	
wiki-3a75729d9047	vault:wiki/应收账款全生命周期监控看板.md	应收账款全生命周期监控看板		K4+K5+K7	locator-only	synthesis/2026-09-12-obsidian-scan/D-wiki.md	
wiki-3aa4703f997f	vault:wiki/财务数据质量规则引擎.md	财务数据质量规则引擎		K6	locator-only	synthesis/2026-09-12-obsidian-scan/D-wiki.md	
wiki-3b229bb314ca	vault:wiki/核心指标管理.md	核心指标管理		K5	locator-only	synthesis/2026-09-12-obsidian-scan/D-wiki.md	
wiki-3b5dbd947b0e	vault:wiki/业财重算产品.md	业财重算产品		K7	locator-only	synthesis/2026-09-12-obsidian-scan/D-wiki.md	
wiki-3b8d4eda85c5	vault:wiki/AI流程指标体系.md	AI流程指标体系		K4+K8	locator-only	synthesis/2026-09-12-obsidian-scan/D-wiki.md	
wiki-3bc668b5766d	vault:wiki/财务核算与BS简化(A2R).md	财务核算与BS简化(A2R)		K1+K7	locator-only	synthesis/2026-09-12-obsidian-scan/D-wiki.md	
wiki-3c02e5d22eb9	vault:wiki/经营分析会与CEO决策能力.md	经营分析会与CEO决策能力		K4	locator-only	synthesis/2026-09-12-obsidian-scan/D-wiki.md	
wiki-3c3245e87179	vault:wiki/成本与费用区别.md	成本与费用区别		K1+K7	locator-only	synthesis/2026-09-12-obsidian-scan/D-wiki.md	
wiki-3caacf2513a1	vault:wiki/数字化资产全生命周期管理.md	数字化资产全生命周期管理		K7	locator-only	synthesis/2026-09-12-obsidian-scan/D-wiki.md	
wiki-3ccb112ab295	vault:wiki/财务数字化体系.md	财务数字化体系		K4+K5+K6+K7+K8	locator-only	synthesis/2026-09-12-obsidian-scan/D-wiki.md	
wiki-3cde126b05d9	vault:wiki/预算成本管理.md	预算成本管理		K6	locator-only	synthesis/2026-09-12-obsidian-scan/D-wiki.md	
wiki-3ce9371e147a	vault:wiki/财务与经营分析报告.md	财务与经营分析报告		K3+K4+K7	locator-only	synthesis/2026-09-12-obsidian-scan/D-wiki.md	
wiki-3d3b6f52db82	vault:wiki/业财映射.md	业财映射		K7	locator-only	synthesis/2026-09-12-obsidian-scan/D-wiki.md	
wiki-3d6b90a2658e	vault:wiki/业财契约标准化平台.md	业财契约标准化平台		K4+K5+K7	locator-only	synthesis/2026-09-12-obsidian-scan/D-wiki.md	
wiki-3d75e7e694a8	vault:wiki/合并报表成本法编制.md	合并报表成本法编制		K7	locator-only	synthesis/2026-09-12-obsidian-scan/D-wiki.md	
wiki-3d777b60b4a1	vault:wiki/业财一体化架构（八条地铁线模型）.md	业财一体化架构（八条地铁线模型）		K4+K7	locator-only	synthesis/2026-09-12-obsidian-scan/D-wiki.md	
wiki-3dc65d0d52bd	vault:wiki/AE应收风险治理体系.md	AE应收风险治理体系		K7	locator-only	synthesis/2026-09-12-obsidian-scan/D-wiki.md	
wiki-3e24c7964e36	vault:wiki/虚拟资金账户管理.md	虚拟资金账户管理		K1+K7	locator-only	synthesis/2026-09-12-obsidian-scan/D-wiki.md	
wiki-3ea47ea66c3f	vault:wiki/企业财税管理十大痛点.md	企业财税管理十大痛点		K3+K6+K7	locator-only	synthesis/2026-09-12-obsidian-scan/D-wiki.md	
wiki-3eaf468f3903	vault:wiki/指标中心重构与数据治理.md	指标中心重构与数据治理		K7+K8	locator-only	synthesis/2026-09-12-obsidian-scan/D-wiki.md	
wiki-3ec5dda5f76f	vault:wiki/业财数字化与智能风控.md	业财数字化与智能风控		K4+K7	locator-only	synthesis/2026-09-12-obsidian-scan/D-wiki.md	
wiki-3ed4ab86d741	vault:wiki/业财一体与核算架构.md	业财一体与核算架构		K7	locator-only	synthesis/2026-09-12-obsidian-scan/D-wiki.md	
wiki-3ef70e0aa7f5	vault:wiki/业财一体化与自动重算产品.md	业财一体化与自动重算产品		K7	locator-only	synthesis/2026-09-12-obsidian-scan/D-wiki.md	
wiki-3f36a6b9c6b5	vault:wiki/菜鸟财务自动化目标.md	菜鸟财务自动化目标			locator-only	synthesis/2026-09-12-obsidian-scan/D-wiki.md	
wiki-3f3c1d214318	vault:wiki/财务中台与拳头产品.md	财务中台与拳头产品		K7	locator-only	synthesis/2026-09-12-obsidian-scan/D-wiki.md	
wiki-3f427055b936	vault:wiki/菜鸟资金结算域.md	菜鸟资金结算域		K7	locator-only	synthesis/2026-09-12-obsidian-scan/D-wiki.md	
wiki-3fdea98e21a3	vault:wiki/业财一体化与物流成本分摊.md	业财一体化与物流成本分摊		K4+K5+K7	locator-only	synthesis/2026-09-12-obsidian-scan/D-wiki.md	
wiki-40059aec4a28	vault:wiki/ChatGPT Plus 免税订阅策略.md	ChatGPT Plus 免税订阅策略		K8	locator-only	synthesis/2026-09-12-obsidian-scan/D-wiki.md	
wiki-408523df40b0	vault:wiki/应收全链路（出账-对账-收款）.md	应收全链路（出账-对账-收款）		K8	locator-only	synthesis/2026-09-12-obsidian-scan/D-wiki.md	
wiki-40b5aa1d3368	vault:wiki/全面预算管理.md	全面预算管理		K4+K5+K6+K7	locator-only	synthesis/2026-09-12-obsidian-scan/D-wiki.md	
wiki-40bf9699fdc0	vault:wiki/财务共享服务中心 (FSSC).md	财务共享服务中心 (FSSC)		K7	locator-only	synthesis/2026-09-12-obsidian-scan/D-wiki.md	
wiki-40e49c33d795	vault:wiki/价值型财务与业财融合.md	价值型财务与业财融合		K4+K7	locator-only	synthesis/2026-09-12-obsidian-scan/D-wiki.md	
wiki-40fd0c757262	vault:wiki/资金系统建设.md	资金系统建设		K7	locator-only	synthesis/2026-09-12-obsidian-scan/D-wiki.md	
wiki-4165c8cd081f	vault:wiki/财务OKR与战略目标管理.md	财务OKR与战略目标管理		K5+K7	locator-only	synthesis/2026-09-12-obsidian-scan/D-wiki.md	
wiki-41bd4a8391f8	vault:wiki/管理负债.md	管理负债			locator-only	synthesis/2026-09-12-obsidian-scan/D-wiki.md	
wiki-420b951ca97d	vault:wiki/FY22 CFO述职与财务OKR.md	FY22 CFO述职与财务OKR		K5+K7	locator-only	synthesis/2026-09-12-obsidian-scan/D-wiki.md	
wiki-425c1b04cddd	vault:wiki/资金域团队.md	资金域团队			locator-only	synthesis/2026-09-12-obsidian-scan/D-wiki.md	
wiki-42d5e9ae0c8a	vault:wiki/财务BP采购申请审核.md	财务BP采购申请审核		K4	locator-only	synthesis/2026-09-12-obsidian-scan/D-wiki.md	
wiki-430a8e6d21d0	vault:wiki/月度损益分析报表.md	月度损益分析报表		K4+K5+K6	locator-only	synthesis/2026-09-12-obsidian-scan/D-wiki.md	
wiki-433b3f0da0ca	vault:wiki/结算与资金管理系统.md	结算与资金管理系统		K5+K7	locator-only	synthesis/2026-09-12-obsidian-scan/D-wiki.md	
wiki-4413c26db123	vault:wiki/管理报表.md	管理报表		K1+K2+K3+K4+K5+K7	locator-only	synthesis/2026-09-12-obsidian-scan/D-wiki.md	
wiki-44818e5b5420	vault:wiki/菜鸟物流财务应收应付链路系统架构图.md	菜鸟物流财务应收应付链路系统架构图		K7	locator-only	synthesis/2026-09-12-obsidian-scan/D-wiki.md	
wiki-44831ccb667a	vault:wiki/指标中心架构与数据治理.md	指标中心架构与数据治理		K5+K7	locator-only	synthesis/2026-09-12-obsidian-scan/D-wiki.md	
wiki-44a6923a7264	vault:wiki/_财务思维_.md	_财务思维_		K2+K4+K6	locator-only	synthesis/2026-09-12-obsidian-scan/D-wiki.md	
wiki-44a73666c8a8	vault:wiki/采购与资产全生命周期管理.md	采购与资产全生命周期管理			locator-only	synthesis/2026-09-12-obsidian-scan/D-wiki.md	
wiki-44c4ea7a141e	vault:wiki/财务结算数字化与风控.md	财务结算数字化与风控		K6+K7	locator-only	synthesis/2026-09-12-obsidian-scan/D-wiki.md	
wiki-44f430ffc7cb	vault:wiki/经营分析与国际化战略.md	经营分析与国际化战略		K4+K5+K6+K7	locator-only	synthesis/2026-09-12-obsidian-scan/D-wiki.md	
wiki-450fd37e04ca	vault:wiki/_价值型财务与业财融合_.md	_价值型财务与业财融合_		K4+K7	locator-only	synthesis/2026-09-12-obsidian-scan/D-wiki.md	
wiki-454be9ea14a0	vault:wiki/菜鸟统一ERP与业财产品矩阵.md	菜鸟统一ERP与业财产品矩阵		K7	locator-only	synthesis/2026-09-12-obsidian-scan/D-wiki.md	
wiki-458f333ce92d	vault:wiki/业财一体主数据规范.md	业财一体主数据规范		K7	locator-only	synthesis/2026-09-12-obsidian-scan/D-wiki.md	
wiki-4613d6c7ab61	vault:wiki/财务BP半年度经营分析.md	财务BP半年度经营分析		K3+K4	locator-only	synthesis/2026-09-12-obsidian-scan/D-wiki.md	
wiki-462daad516fc	vault:wiki/财务尽职调查.md	财务尽职调查		K3+K7	locator-only	synthesis/2026-09-12-obsidian-scan/D-wiki.md	
wiki-4667adb9993f	vault:wiki/菜鸟结算与资金服务KPI体系.md	菜鸟结算与资金服务KPI体系		K7	locator-only	synthesis/2026-09-12-obsidian-scan/D-wiki.md	
wiki-466cc714eaed	vault:wiki/国际化电商合规费用.md	国际化电商合规费用		K7	locator-only	synthesis/2026-09-12-obsidian-scan/D-wiki.md	
wiki-46937ac0dc82	vault:wiki/业财运营指标体系.md	业财运营指标体系		K4+K5+K6+K7	locator-only	synthesis/2026-09-12-obsidian-scan/D-wiki.md	
wiki-46999881e12c	vault:wiki/财务AI与结算智能体架构.md	财务AI与结算智能体架构		K5+K7+K8	locator-only	synthesis/2026-09-12-obsidian-scan/D-wiki.md	
wiki-46b916ff07cb	vault:wiki/业财契约标准化与结算在线化.md	业财契约标准化与结算在线化		K7	locator-only	synthesis/2026-09-12-obsidian-scan/D-wiki.md	
wiki-46dedf349df4	vault:wiki/企业财务分析框架.md	企业财务分析框架		K1+K2+K3+K4+K6+K7	locator-only	synthesis/2026-09-12-obsidian-scan/D-wiki.md	
wiki-46e3361326dd	vault:wiki/AE税务合规平台演进.md	AE税务合规平台演进			locator-only	synthesis/2026-09-12-obsidian-scan/D-wiki.md	
wiki-470e69777c95	vault:wiki/支付系统架构与资金流.md	支付系统架构与资金流		K7	locator-only	synthesis/2026-09-12-obsidian-scan/D-wiki.md	
wiki-4727c1c1d075	vault:wiki/经营分析三维度.md	经营分析三维度		K2+K3+K4+K5	locator-only	synthesis/2026-09-12-obsidian-scan/D-wiki.md	
wiki-47cc5a0db5f1	vault:wiki/企业财务共享中心.md	企业财务共享中心		K7+K8	locator-only	synthesis/2026-09-12-obsidian-scan/D-wiki.md	
wiki-47e62b759c17	vault:wiki/AE税务合规平台.md	AE税务合规平台		K6	locator-only	synthesis/2026-09-12-obsidian-scan/D-wiki.md	
wiki-48125a9b3325	vault:wiki/资金结算与财务数据战略.md	资金结算与财务数据战略		K4+K7	locator-only	synthesis/2026-09-12-obsidian-scan/D-wiki.md	
wiki-4870c16356fa	vault:wiki/财务域管理.md	财务域管理		K7	locator-only	synthesis/2026-09-12-obsidian-scan/D-wiki.md	
wiki-487e8c0b8c23	vault:wiki/财务结算产品体系.md	财务结算产品体系		K7	locator-only	synthesis/2026-09-12-obsidian-scan/D-wiki.md	
wiki-48a7196a6c70	vault:wiki/经营分析核心框架.md	经营分析核心框架		K2+K3+K4+K5+K7	locator-only	synthesis/2026-09-12-obsidian-scan/D-wiki.md	
wiki-4910a6af6da2	vault:wiki/合并报表编制方法：成本法.md	合并报表编制方法：成本法		K7	locator-only	synthesis/2026-09-12-obsidian-scan/D-wiki.md	
wiki-496c5a7177ec	vault:wiki/菜鸟财务结算体系.md	菜鸟财务结算体系		K7	locator-only	synthesis/2026-09-12-obsidian-scan/D-wiki.md	
wiki-498391824032	vault:wiki/经营分析破局四步法.md	经营分析破局四步法		K4	locator-only	synthesis/2026-09-12-obsidian-scan/D-wiki.md	
wiki-49ccbcad2672	vault:wiki/财务核算对账体系.md	财务核算对账体系		K7	locator-only	synthesis/2026-09-12-obsidian-scan/D-wiki.md	
wiki-4a4d6cb0e313	vault:wiki/资金结算系统.md	资金结算系统		K7	locator-only	synthesis/2026-09-12-obsidian-scan/D-wiki.md	
wiki-4b0bfb729bd9	vault:wiki/Claude 订阅与定价体系.md	Claude 订阅与定价体系		K8	locator-only	synthesis/2026-09-12-obsidian-scan/D-wiki.md	
wiki-4b2a074927af	vault:wiki/资金结算团队人事管理.md	资金结算团队人事管理		K7	locator-only	synthesis/2026-09-12-obsidian-scan/D-wiki.md	
wiki-4bba8c38f056	vault:wiki/应收账款风险控制.md	应收账款风险控制		K7	locator-only	synthesis/2026-09-12-obsidian-scan/D-wiki.md	
wiki-4c2e2aba1ea8	vault:wiki/结算业务与业财协同.md	结算业务与业财协同		K4+K7	locator-only	synthesis/2026-09-12-obsidian-scan/D-wiki.md	
wiki-4ca804155d54	vault:wiki/产品定价测算模型.md	产品定价测算模型		K2+K3+K4+K5+K6	locator-only	synthesis/2026-09-12-obsidian-scan/D-wiki.md	
wiki-4d749290bbea	vault:wiki/成本分析框架.md	成本分析框架		K4+K5+K6	locator-only	synthesis/2026-09-12-obsidian-scan/D-wiki.md	
wiki-4e3e96c90b6c	vault:wiki/供应链金融与资金结算.md	供应链金融与资金结算		K4+K7	locator-only	synthesis/2026-09-12-obsidian-scan/D-wiki.md	
wiki-4e6ee8357f7b	vault:wiki/_盈亏平衡决策模型_.md	_盈亏平衡决策模型_			locator-only	synthesis/2026-09-12-obsidian-scan/D-wiki.md	
wiki-4ede565acaa1	vault:wiki/AI财务自动化工作流.md	AI财务自动化工作流			locator-only	synthesis/2026-09-12-obsidian-scan/D-wiki.md	
wiki-4fb401b3755b	vault:wiki/业财融合经营分析模型.md	业财融合经营分析模型		K4+K7	locator-only	synthesis/2026-09-12-obsidian-scan/D-wiki.md	
wiki-4fcb36e032da	vault:wiki/现金流与净利润辨析.md	现金流与净利润辨析		K1+K2+K3+K5	locator-only	synthesis/2026-09-12-obsidian-scan/D-wiki.md	
wiki-4fd4400f3b3e	vault:wiki/_AI Agent 安全与成本控制_.md	_AI Agent 安全与成本控制_		K6+K8	locator-only	synthesis/2026-09-12-obsidian-scan/D-wiki.md	
wiki-4fe52e1c36b4	vault:wiki/古德哈特定律与指标治理.md	古德哈特定律与指标治理			locator-only	synthesis/2026-09-12-obsidian-scan/D-wiki.md	
wiki-503ba5645cfc	vault:wiki/预算与薪酬管理数字化.md	预算与薪酬管理数字化		K6+K7	locator-only	synthesis/2026-09-12-obsidian-scan/D-wiki.md	
wiki-5086e5707f13	vault:wiki/AE税务合规与报价体系.md	AE税务合规与报价体系		K6+K7	locator-only	synthesis/2026-09-12-obsidian-scan/D-wiki.md	
wiki-509336e333c0	vault:wiki/指标定义与监控系统.md	指标定义与监控系统		K5	locator-only	synthesis/2026-09-12-obsidian-scan/D-wiki.md	
wiki-50a3f94bfe9f	vault:wiki/企业资产管理.md	企业资产管理		K7	locator-only	synthesis/2026-09-12-obsidian-scan/D-wiki.md	
wiki-50ddd20dccba	vault:wiki/OpenAI算力利润中心.md	OpenAI算力利润中心		K7+K8	locator-only	synthesis/2026-09-12-obsidian-scan/D-wiki.md	
wiki-50e39d9b3f39	vault:wiki/资金结算线上化体系.md	资金结算线上化体系		K7	locator-only	synthesis/2026-09-12-obsidian-scan/D-wiki.md	
wiki-50f780e4c7f0	vault:wiki/业财一体化与数字化指标.md	业财一体化与数字化指标		K7+K8	locator-only	synthesis/2026-09-12-obsidian-scan/D-wiki.md	
wiki-515c06497a7c	vault:wiki/开票、收款与收入确认.md	开票、收款与收入确认		K1+K7	locator-only	synthesis/2026-09-12-obsidian-scan/D-wiki.md	
wiki-51612f8aca72	vault:wiki/现金流月度滚动监控报表.md	现金流月度滚动监控报表		K4+K5+K6+K7	locator-only	synthesis/2026-09-12-obsidian-scan/D-wiki.md	
wiki-528c722f8ea9	vault:wiki/指标中心数据层重构.md	指标中心数据层重构			locator-only	synthesis/2026-09-12-obsidian-scan/D-wiki.md	
wiki-54099fec2b30	vault:wiki/财务结算与风控体系.md	财务结算与风控体系		K7	locator-only	synthesis/2026-09-12-obsidian-scan/D-wiki.md	
wiki-54a208e268d6	vault:wiki/经营分析关键指标群.md	经营分析关键指标群		K2+K3+K4+K5	locator-only	synthesis/2026-09-12-obsidian-scan/D-wiki.md	
wiki-553e6c1cb4fe	vault:wiki/业财一体化与财务系统升级.md	业财一体化与财务系统升级		K1+K4+K7	locator-only	synthesis/2026-09-12-obsidian-scan/D-wiki.md	
wiki-55e9398d9d82	vault:wiki/GLPI IT 服务与资产管理平台.md	GLPI IT 服务与资产管理平台			locator-only	synthesis/2026-09-12-obsidian-scan/D-wiki.md	
wiki-5683cc3603d9	vault:wiki/业财一体化与CPRM系统.md	业财一体化与CPRM系统		K6+K7	locator-only	synthesis/2026-09-12-obsidian-scan/D-wiki.md	
wiki-57d6b3a4856b	vault:wiki/AI 在财务领域的应用.md	AI 在财务领域的应用		K4+K7+K8	locator-only	synthesis/2026-09-12-obsidian-scan/D-wiki.md	
wiki-5897a5ec8cd1	vault:wiki/财务 AI 系统架构.md	财务 AI 系统架构		K4+K5+K8	locator-only	synthesis/2026-09-12-obsidian-scan/D-wiki.md	
wiki-58d1d8e92b4c	vault:wiki/经验的定价.md	经验的定价			locator-only	synthesis/2026-09-12-obsidian-scan/D-wiki.md	
wiki-58dd6c425516	vault:wiki/财务与资金结算战略.md	财务与资金结算战略		K4+K7+K8	locator-only	synthesis/2026-09-12-obsidian-scan/D-wiki.md	
wiki-597bcbcc0dcd	vault:wiki/财务BP采购审批.md	财务BP采购审批		K7	locator-only	synthesis/2026-09-12-obsidian-scan/D-wiki.md	
wiki-59a7dbd4e694	vault:wiki/财务结算与风控对账体系.md	财务结算与风控对账体系		K7	locator-only	synthesis/2026-09-12-obsidian-scan/D-wiki.md	
wiki-5a96e84b8431	vault:wiki/经营分析驾驶舱.md	经营分析驾驶舱		K4+K5	locator-only	synthesis/2026-09-12-obsidian-scan/D-wiki.md	
wiki-5b7fc1effa33	vault:wiki/经营分析与路径分析.md	经营分析与路径分析		K4	locator-only	synthesis/2026-09-12-obsidian-scan/D-wiki.md	
wiki-5c4806b009d7	vault:wiki/成本核算全流程.md	成本核算全流程		K3+K4+K5+K6	locator-only	synthesis/2026-09-12-obsidian-scan/D-wiki.md	
wiki-5c943ba753af	vault:wiki/资金与结算平台架构.md	资金与结算平台架构		K5+K7	locator-only	synthesis/2026-09-12-obsidian-scan/D-wiki.md	
wiki-5cb529a10369	vault:wiki/财务安全与全链路稽核.md	财务安全与全链路稽核		K5+K7+K8	locator-only	synthesis/2026-09-12-obsidian-scan/D-wiki.md	
wiki-5cd8ed12a1b0	vault:wiki/业财一体与全球清结算中心.md	业财一体与全球清结算中心		K7+K8	locator-only	synthesis/2026-09-12-obsidian-scan/D-wiki.md	
wiki-5d024ceab46a	vault:wiki/财务战略与成本预算.md	财务战略与成本预算		K6+K7	locator-only	synthesis/2026-09-12-obsidian-scan/D-wiki.md	
wiki-5d82a7c155bf	vault:wiki/企业 IT 成本管理.md	企业 IT 成本管理		K7	locator-only	synthesis/2026-09-12-obsidian-scan/D-wiki.md	
wiki-5e0ec08ad9c8	vault:wiki/从成本管控到价值创造.md	从成本管控到价值创造		K3+K4+K7	locator-only	synthesis/2026-09-12-obsidian-scan/D-wiki.md	
wiki-5e6016bd7520	vault:wiki/财务与业财一体化.md	财务与业财一体化		K7	locator-only	synthesis/2026-09-12-obsidian-scan/D-wiki.md	
wiki-5ea759456996	vault:wiki/数据治理与数据资产价值变现.md	数据治理与数据资产价值变现		K4+K7+K8	locator-only	synthesis/2026-09-12-obsidian-scan/D-wiki.md	
wiki-5eda0d24a219	vault:wiki/作业成本法 ABC.md	作业成本法 ABC		K7	locator-only	synthesis/2026-09-12-obsidian-scan/D-wiki.md	
wiki-5efec2d3e59b	vault:wiki/财务结算战略与系统规划.md	财务结算战略与系统规划		K4+K7	locator-only	synthesis/2026-09-12-obsidian-scan/D-wiki.md	
wiki-5f65cfbcd483	vault:wiki/Tokenmaxxing与Token预算.md	Tokenmaxxing与Token预算		K4+K6+K8	locator-only	synthesis/2026-09-12-obsidian-scan/D-wiki.md	
wiki-5f95d9b6b69f	vault:wiki/菜鸟业财实践问题.md	菜鸟业财实践问题		K7	locator-only	synthesis/2026-09-12-obsidian-scan/D-wiki.md	
wiki-5ffde1d8c4ae	vault:wiki/核心财务指标体系.md	核心财务指标体系		K2+K3+K4	locator-only	synthesis/2026-09-12-obsidian-scan/D-wiki.md	
wiki-60cb71ae4579	vault:wiki/业财融合与海外战略中台.md	业财融合与海外战略中台		K4+K7	locator-only	synthesis/2026-09-12-obsidian-scan/D-wiki.md	
wiki-60df0008070a	vault:wiki/跨境电商资金结算架构.md	跨境电商资金结算架构		K7	locator-only	synthesis/2026-09-12-obsidian-scan/D-wiki.md	
wiki-60eef716b8d4	vault:wiki/_AI时代经验定价模型_.md	_AI时代经验定价模型_			locator-only	synthesis/2026-09-12-obsidian-scan/D-wiki.md	
wiki-620d1f3bbe1b	vault:wiki/SAP业财一体化设计.md	SAP业财一体化设计		K4+K7	locator-only	synthesis/2026-09-12-obsidian-scan/D-wiki.md	
wiki-62424c3c9289	vault:wiki/财务流程自动化架构.md	财务流程自动化架构			locator-only	synthesis/2026-09-12-obsidian-scan/D-wiki.md	
wiki-6246e0ae48a7	vault:wiki/业财契约标准化.md	业财契约标准化		K4+K5+K7	locator-only	synthesis/2026-09-12-obsidian-scan/D-wiki.md	
wiki-625a49773ac9	vault:wiki/采资法与资产全生命周期管理.md	采资法与资产全生命周期管理			locator-only	synthesis/2026-09-12-obsidian-scan/D-wiki.md	
wiki-625db088e33c	vault:wiki/菜鸟采购核心指标体系.md	菜鸟采购核心指标体系		K8	locator-only	synthesis/2026-09-12-obsidian-scan/D-wiki.md	
wiki-6291093f25f6	vault:wiki/业财一体化体系.md	业财一体化体系		K7+K8	locator-only	synthesis/2026-09-12-obsidian-scan/D-wiki.md	
wiki-62b1e68d5bd9	vault:wiki/指标中心产品设计.md	指标中心产品设计			locator-only	synthesis/2026-09-12-obsidian-scan/D-wiki.md	
wiki-630e517de0a8	vault:wiki/杜邦分析.md	杜邦分析		K2+K3+K4	locator-only	synthesis/2026-09-12-obsidian-scan/D-wiki.md	
wiki-6357b29e03c5	vault:wiki/业财一体化样板间.md	业财一体化样板间		K4+K7	locator-only	synthesis/2026-09-12-obsidian-scan/D-wiki.md	
wiki-6388a823dbc6	vault:wiki/经营指标体系.md	经营指标体系		K4	locator-only	synthesis/2026-09-12-obsidian-scan/D-wiki.md	
wiki-64f7a918db13	vault:wiki/企业财务产品架构.md	企业财务产品架构		K7	locator-only	synthesis/2026-09-12-obsidian-scan/D-wiki.md	
wiki-654994cf9718	vault:wiki/财务组织效能与COE建设.md	财务组织效能与COE建设		K7	locator-only	synthesis/2026-09-12-obsidian-scan/D-wiki.md	
wiki-6584dfc66f35	vault:wiki/数据资产化.md	数据资产化		K8	locator-only	synthesis/2026-09-12-obsidian-scan/D-wiki.md	
wiki-65d3857605a3	vault:wiki/业财大促高可用保障体系.md	业财大促高可用保障体系		K7	locator-only	synthesis/2026-09-12-obsidian-scan/D-wiki.md	
wiki-65d527759258	vault:wiki/财务与会计的区别.md	财务与会计的区别		K4+K6+K7	locator-only	synthesis/2026-09-12-obsidian-scan/D-wiki.md	
wiki-664d3da6e9c0	vault:wiki/经营分析主价值链.md	经营分析主价值链		K4	locator-only	synthesis/2026-09-12-obsidian-scan/D-wiki.md	
wiki-66e9a9c8ad0d	vault:wiki/资金与支付服务.md	资金与支付服务		K7	locator-only	synthesis/2026-09-12-obsidian-scan/D-wiki.md	
wiki-67140bb471c6	vault:wiki/财务系统融合.md	财务系统融合		K7	locator-only	synthesis/2026-09-12-obsidian-scan/D-wiki.md	
wiki-673a6f2eb660	vault:wiki/现金流预测.md	现金流预测		K1+K7	locator-only	synthesis/2026-09-12-obsidian-scan/D-wiki.md	
wiki-674b23cebdbb	vault:wiki/AI原生财务分析与经营本体论系统.md	AI原生财务分析与经营本体论系统		K1+K4	locator-only	synthesis/2026-09-12-obsidian-scan/D-wiki.md	
wiki-675b22489000	vault:wiki/业财一体化与结算平台建设.md	业财一体化与结算平台建设		K7	locator-only	synthesis/2026-09-12-obsidian-scan/D-wiki.md	
wiki-67be8ec36265	vault:wiki/业财主数据模型.md	业财主数据模型		K7	locator-only	synthesis/2026-09-12-obsidian-scan/D-wiki.md	
wiki-684432eb1729	vault:wiki/技术驱动型公司财务定价逻辑.md	技术驱动型公司财务定价逻辑		K7	locator-only	synthesis/2026-09-12-obsidian-scan/D-wiki.md	
wiki-68460b481ec5	vault:wiki/_企业智能化升级与数据资产化_.md	_企业智能化升级与数据资产化_		K8	locator-only	synthesis/2026-09-12-obsidian-scan/D-wiki.md	
wiki-6940bc84190a	vault:wiki/结算风控与组织预算.md	结算风控与组织预算		K6+K7	locator-only	synthesis/2026-09-12-obsidian-scan/D-wiki.md	
wiki-695f1bdd74f0	vault:wiki/大区化IT与资产管理.md	大区化IT与资产管理		K7	locator-only	synthesis/2026-09-12-obsidian-scan/D-wiki.md	
wiki-69a6888888e1	vault:wiki/集团财务经营驾驶舱.md	集团财务经营驾驶舱		K1+K2+K3+K4+K5	locator-only	synthesis/2026-09-12-obsidian-scan/D-wiki.md	
wiki-6b3c0bd73f6c	vault:wiki/_菜鸟采购财务一体化(CPRM)_.md	_菜鸟采购财务一体化(CPRM)_		K7	locator-only	synthesis/2026-09-12-obsidian-scan/D-wiki.md	
wiki-6bdf3a425e19	vault:wiki/企业定价中心与灵活定价模型.md	企业定价中心与灵活定价模型			locator-only	synthesis/2026-09-12-obsidian-scan/D-wiki.md	
wiki-6bf68e1ddf3a	vault:wiki/菜鸟财务数据标准化分析.md	菜鸟财务数据标准化分析		K7	locator-only	synthesis/2026-09-12-obsidian-scan/D-wiki.md	
wiki-6c3a66b3d883	vault:wiki/责任中心与管理会计.md	责任中心与管理会计		K2+K6+K7	locator-only	synthesis/2026-09-12-obsidian-scan/D-wiki.md	
wiki-6cbd030cc3ec	vault:wiki/采购核心指标数据汇总表.md	采购核心指标数据汇总表		K4	locator-only	synthesis/2026-09-12-obsidian-scan/D-wiki.md	
wiki-6d419b9f46fd	vault:wiki/会计基础常识.md	会计基础常识		K1+K3	locator-only	synthesis/2026-09-12-obsidian-scan/D-wiki.md	
wiki-6d82d533276a	vault:wiki/财务分析报告信雅达原则.md	财务分析报告信雅达原则		K3+K4+K5	locator-only	synthesis/2026-09-12-obsidian-scan/D-wiki.md	
wiki-6dc7013b9f70	vault:wiki/业财一体化与结算在线化.md	业财一体化与结算在线化		K5+K7	locator-only	synthesis/2026-09-12-obsidian-scan/D-wiki.md	
wiki-6dea0f912280	vault:wiki/经营分析五大方法.md	经营分析五大方法		K2+K4+K5+K7+K8	locator-only	synthesis/2026-09-12-obsidian-scan/D-wiki.md	
wiki-6e02975786a4	vault:wiki/业财一体化与物流结算平台.md	业财一体化与物流结算平台		K7	locator-only	synthesis/2026-09-12-obsidian-scan/D-wiki.md	
wiki-6ea3aa6078ac	vault:wiki/集团财务智能驾驶舱.md	集团财务智能驾驶舱		K1+K2+K3+K4+K5+K7	locator-only	synthesis/2026-09-12-obsidian-scan/D-wiki.md	
wiki-6f9694bd44dc	vault:wiki/业财一体化与智能财务管理.md	业财一体化与智能财务管理		K4+K7	locator-only	synthesis/2026-09-12-obsidian-scan/D-wiki.md	
wiki-6fc6f6600e62	vault:wiki/数字化资产管理.md	数字化资产管理		K7	locator-only	synthesis/2026-09-12-obsidian-scan/D-wiki.md	
wiki-705190b41fe8	vault:wiki/财务数据架构与业财融合.md	财务数据架构与业财融合		K7	locator-only	synthesis/2026-09-12-obsidian-scan/D-wiki.md	
wiki-709a366f120d	vault:wiki/财务结算与业财一体化.md	财务结算与业财一体化		K4+K7+K8	locator-only	synthesis/2026-09-12-obsidian-scan/D-wiki.md	
wiki-70cdb549a21d	vault:wiki/菜鸟财务域能力建设.md	菜鸟财务域能力建设		K4+K7	locator-only	synthesis/2026-09-12-obsidian-scan/D-wiki.md	
wiki-7124472b4c8f	vault:wiki/财务流程自动化.md	财务流程自动化		K1+K7	locator-only	synthesis/2026-09-12-obsidian-scan/D-wiki.md	
wiki-71620f9b6864	vault:wiki/业财一体化与财务数字化.md	业财一体化与财务数字化		K4+K5+K6+K7	locator-only	synthesis/2026-09-12-obsidian-scan/D-wiki.md	
wiki-7223798d4862	vault:wiki/合并报表编制（成本法与模拟权益法）.md	合并报表编制（成本法与模拟权益法）			locator-only	synthesis/2026-09-12-obsidian-scan/D-wiki.md	
wiki-724478083489	vault:wiki/AI Agent成本控制.md	AI Agent成本控制		K8	locator-only	synthesis/2026-09-12-obsidian-scan/D-wiki.md	
wiki-72763fa46a5a	vault:wiki/问题导向思维在经营分析中的应用.md	问题导向思维在经营分析中的应用		K3+K4	locator-only	synthesis/2026-09-12-obsidian-scan/D-wiki.md	
wiki-72d49b2d1e88	vault:wiki/财务数字化与战略支持.md	财务数字化与战略支持		K1+K5+K6+K7	locator-only	synthesis/2026-09-12-obsidian-scan/D-wiki.md	
wiki-72ee3431d932	vault:wiki/业财一体化与损益分析体系.md	业财一体化与损益分析体系		K4+K5+K6+K7	locator-only	synthesis/2026-09-12-obsidian-scan/D-wiki.md	
wiki-72ee3cd71091	vault:wiki/业财一体化(Business-Finance Integration).md	业财一体化(Business-Finance Integration)		K7	locator-only	synthesis/2026-09-12-obsidian-scan/D-wiki.md	
wiki-7370215069d9	vault:wiki/经营分析报告.md	经营分析报告		K4	locator-only	synthesis/2026-09-12-obsidian-scan/D-wiki.md	
wiki-73aff19220ed	vault:wiki/菜鸟财务AI智能化转型.md	菜鸟财务AI智能化转型		K5+K7+K8	locator-only	synthesis/2026-09-12-obsidian-scan/D-wiki.md	
wiki-73b046d71ae8	vault:wiki/财务数字化与平台化建设.md	财务数字化与平台化建设		K4+K7	locator-only	synthesis/2026-09-12-obsidian-scan/D-wiki.md	
wiki-73c3aabfeafb	vault:wiki/菜鸟资金结算与金融业务支持.md	菜鸟资金结算与金融业务支持		K7	locator-only	synthesis/2026-09-12-obsidian-scan/D-wiki.md	
wiki-73cd83e1be7c	vault:wiki/业务财务一体化.md	业务财务一体化		K7	locator-only	synthesis/2026-09-12-obsidian-scan/D-wiki.md	
wiki-74139b44a02b	vault:wiki/财务结算与业财一体化系统.md	财务结算与业财一体化系统		K6+K7	locator-only	synthesis/2026-09-12-obsidian-scan/D-wiki.md	
wiki-7458d1f6358d	vault:wiki/财务数字化与结算风控.md	财务数字化与结算风控		K6+K7	locator-only	synthesis/2026-09-12-obsidian-scan/D-wiki.md	
wiki-7498a80c4ba5	vault:wiki/_业财一体化系统_.md	_业财一体化系统_		K4+K5+K6+K7	locator-only	synthesis/2026-09-12-obsidian-scan/D-wiki.md	
wiki-749f8c12a619	vault:wiki/菜鸟业财一体战役.md	菜鸟业财一体战役		K7+K8	locator-only	synthesis/2026-09-12-obsidian-scan/D-wiki.md	
wiki-76039024190a	vault:wiki/AI Agent 架构与成本控制.md	AI Agent 架构与成本控制		K8	locator-only	synthesis/2026-09-12-obsidian-scan/D-wiki.md	
wiki-76832937c67f	vault:wiki/财务数字化与明细账管理.md	财务数字化与明细账管理		K7	locator-only	synthesis/2026-09-12-obsidian-scan/D-wiki.md	
wiki-76b81c78ae1f	vault:wiki/财务科目表(COA).md	财务科目表(COA)		K1+K4+K7	locator-only	synthesis/2026-09-12-obsidian-scan/D-wiki.md	
wiki-770ae041a525	vault:wiki/_企业AI调用量增长指标_.md	_企业AI调用量增长指标_		K8	locator-only	synthesis/2026-09-12-obsidian-scan/D-wiki.md	
wiki-787313524dd3	vault:wiki/财务岗位年中复盘指南.md	财务岗位年中复盘指南		K2+K4+K5+K6	locator-only	synthesis/2026-09-12-obsidian-scan/D-wiki.md	
wiki-787b13258b30	vault:wiki/资金履约与资金管理.md	资金履约与资金管理		K1+K7	locator-only	synthesis/2026-09-12-obsidian-scan/D-wiki.md	
wiki-7887ece48b31	vault:wiki/商业模式与盈利结构.md	商业模式与盈利结构		K3+K4	locator-only	synthesis/2026-09-12-obsidian-scan/D-wiki.md	
wiki-78ac2013fc0a	vault:wiki/KPI (关键绩效指标).md	KPI (关键绩效指标)			locator-only	synthesis/2026-09-12-obsidian-scan/D-wiki.md	
wiki-79e66b131782	vault:wiki/运营财务与会计科目设计.md	运营财务与会计科目设计		K1	locator-only	synthesis/2026-09-12-obsidian-scan/D-wiki.md	
wiki-79fd1e8b4f47	vault:wiki/数据资产入表.md	数据资产入表		K4	locator-only	synthesis/2026-09-12-obsidian-scan/D-wiki.md	
wiki-7adc4868dbf4	vault:wiki/成本核算.md	成本核算		K7	locator-only	synthesis/2026-09-12-obsidian-scan/D-wiki.md	
wiki-7aec83b04676	vault:wiki/财务产品架构.md	财务产品架构		K3+K4+K6+K7	locator-only	synthesis/2026-09-12-obsidian-scan/D-wiki.md	
wiki-7c40ed322c92	vault:wiki/_SAP ERP组织架构与业财一体化_.md	_SAP ERP组织架构与业财一体化_		K7+K8	locator-only	synthesis/2026-09-12-obsidian-scan/D-wiki.md	
wiki-7cebfcb9b303	vault:wiki/AI海关税号归类.md	AI海关税号归类		K7+K8	locator-only	synthesis/2026-09-12-obsidian-scan/D-wiki.md	
wiki-7d63b016b4b2	vault:wiki/资金与金融业务域.md	资金与金融业务域		K7	locator-only	synthesis/2026-09-12-obsidian-scan/D-wiki.md	
wiki-7e20cb3f87ac	vault:wiki/财务汇报与经营分析框架.md	财务汇报与经营分析框架		K2+K3+K4+K5+K7	locator-only	synthesis/2026-09-12-obsidian-scan/D-wiki.md	
wiki-7e2c34099dde	vault:wiki/绩效评估与指标体系.md	绩效评估与指标体系			locator-only	synthesis/2026-09-12-obsidian-scan/D-wiki.md	
wiki-7f21fc38824e	vault:wiki/资金结算与财务数据化.md	资金结算与财务数据化		K4+K7	locator-only	synthesis/2026-09-12-obsidian-scan/D-wiki.md	
wiki-7f4a820ab95c	vault:wiki/菜鸟采购核心指标.md	菜鸟采购核心指标			locator-only	synthesis/2026-09-12-obsidian-scan/D-wiki.md	
wiki-7fa972bcb5bb	vault:wiki/业财一体化主数据模型.md	业财一体化主数据模型		K1+K4+K7	locator-only	synthesis/2026-09-12-obsidian-scan/D-wiki.md	
wiki-7faa06f1b30a	vault:wiki/经验定价.md	经验定价		K8	locator-only	synthesis/2026-09-12-obsidian-scan/D-wiki.md	
wiki-7fecb11cac23	vault:wiki/_本地化财务数据驾驶舱_.md	_本地化财务数据驾驶舱_		K4+K5+K6	locator-only	synthesis/2026-09-12-obsidian-scan/D-wiki.md	
wiki-8059ce5bed7d	vault:wiki/业财数字化与费用率管理.md	业财数字化与费用率管理		K6+K7	locator-only	synthesis/2026-09-12-obsidian-scan/D-wiki.md	
wiki-8070941f33e8	vault:wiki/管理者财务思维.md	管理者财务思维		K2+K4+K6+K7	locator-only	synthesis/2026-09-12-obsidian-scan/D-wiki.md	
wiki-80d05db93b1c	vault:wiki/经营分析（战略执行复盘）.md	经营分析（战略执行复盘）		K4	locator-only	synthesis/2026-09-12-obsidian-scan/D-wiki.md	
wiki-813caccaa4d5	vault:wiki/能力资产盘点.md	能力资产盘点			locator-only	synthesis/2026-09-12-obsidian-scan/D-wiki.md	
wiki-8186df568c24	vault:wiki/财务数据标准化与管报融合.md	财务数据标准化与管报融合		K7	locator-only	synthesis/2026-09-12-obsidian-scan/D-wiki.md	
wiki-81f609d481b0	vault:wiki/地网产技规划与业财一体化.md	地网产技规划与业财一体化		K6+K7+K8	locator-only	synthesis/2026-09-12-obsidian-scan/D-wiki.md	
wiki-82701615e977	vault:wiki/资金结算体系优化.md	资金结算体系优化		K7	locator-only	synthesis/2026-09-12-obsidian-scan/D-wiki.md	
wiki-82de0259f95e	vault:wiki/财务应收应付链路架构.md	财务应收应付链路架构		K7	locator-only	synthesis/2026-09-12-obsidian-scan/D-wiki.md	
wiki-83bdafcc78e6	vault:wiki/多维利润分析体系.md	多维利润分析体系		K3+K6+K7	locator-only	synthesis/2026-09-12-obsidian-scan/D-wiki.md	
wiki-83c0f962565f	vault:wiki/财务AI与数字化应用.md	财务AI与数字化应用		K4+K6+K7+K8	locator-only	synthesis/2026-09-12-obsidian-scan/D-wiki.md	
wiki-83e5e6527d0e	vault:wiki/经营分析会.md	经营分析会		K4+K7	locator-only	synthesis/2026-09-12-obsidian-scan/D-wiki.md	
wiki-83feefef2fe7	vault:wiki/菜鸟资金结算与金融平台.md	菜鸟资金结算与金融平台		K7	locator-only	synthesis/2026-09-12-obsidian-scan/D-wiki.md	
wiki-8422c1bf7f96	vault:wiki/经营路径与利润质量.md	经营路径与利润质量		K4+K5	locator-only	synthesis/2026-09-12-obsidian-scan/D-wiki.md	
wiki-8425cd291689	vault:wiki/_Claude 速率限制与成本优化_.md	_Claude 速率限制与成本优化_		K6+K8	locator-only	synthesis/2026-09-12-obsidian-scan/D-wiki.md	
wiki-843612b37a7b	vault:wiki/业财一体化与AI财务穿透管控.md	业财一体化与AI财务穿透管控		K5+K7	locator-only	synthesis/2026-09-12-obsidian-scan/D-wiki.md	
wiki-854c7d3e51d6	vault:wiki/业财一体化挑战与解法.md	业财一体化挑战与解法		K7	locator-only	synthesis/2026-09-12-obsidian-scan/D-wiki.md	
wiki-8558f8791f30	vault:wiki/度量指标.md	度量指标		K5	locator-only	synthesis/2026-09-12-obsidian-scan/D-wiki.md	
wiki-857263f572f0	vault:wiki/CEO经营分析与决策能力.md	CEO经营分析与决策能力		K4	locator-only	synthesis/2026-09-12-obsidian-scan/D-wiki.md	
wiki-8573a035a789	vault:wiki/采购与资产合规治理.md	采购与资产合规治理		K5+K6	locator-only	synthesis/2026-09-12-obsidian-scan/D-wiki.md	
wiki-868f0cf360c9	vault:wiki/资金结算中台战略.md	资金结算中台战略		K7	locator-only	synthesis/2026-09-12-obsidian-scan/D-wiki.md	
wiki-871a19e95bfe	vault:wiki/菜鸟财务与经营管理体系.md	菜鸟财务与经营管理体系		K6+K7	locator-only	synthesis/2026-09-12-obsidian-scan/D-wiki.md	
wiki-8727a937be8c	vault:wiki/成本与费用的本质区别.md	成本与费用的本质区别		K1+K3+K6	locator-only	synthesis/2026-09-12-obsidian-scan/D-wiki.md	
wiki-8779f5c575d1	vault:wiki/资产负债表.md	资产负债表		K1+K2	locator-only	synthesis/2026-09-12-obsidian-scan/D-wiki.md	
wiki-883e2528eadd	vault:wiki/自动化财务处理.md	自动化财务处理		K7	locator-only	synthesis/2026-09-12-obsidian-scan/D-wiki.md	
wiki-8842159ac9c9	vault:wiki/价格中心与灵活定价体系.md	价格中心与灵活定价体系		K7	locator-only	synthesis/2026-09-12-obsidian-scan/D-wiki.md	
wiki-886675b582fa	vault:wiki/月度财务报表合并与看板.md	月度财务报表合并与看板		K1+K2+K4+K5+K6	locator-only	synthesis/2026-09-12-obsidian-scan/D-wiki.md	
wiki-88a77863d8a4	vault:wiki/财务年度工作报告.md	财务年度工作报告		K3+K4+K6+K7	locator-only	synthesis/2026-09-12-obsidian-scan/D-wiki.md	
wiki-897e8fca2327	vault:wiki/公司危机中财务应对策略.md	公司危机中财务应对策略		K3+K6+K7	locator-only	synthesis/2026-09-12-obsidian-scan/D-wiki.md	
wiki-89fa27f89e42	vault:wiki/财务做账证据链规范.md	财务做账证据链规范		K7	locator-only	synthesis/2026-09-12-obsidian-scan/D-wiki.md	
wiki-8a4328aae20e	vault:wiki/AI时代流程指标体系.md	AI时代流程指标体系		K4+K5+K8	locator-only	synthesis/2026-09-12-obsidian-scan/D-wiki.md	
wiki-8a6ce79e1635	vault:wiki/团队KPI体系（结算、资金、风控、财资税）.md	团队KPI体系（结算、资金、风控、财资税）		K7	locator-only	synthesis/2026-09-12-obsidian-scan/D-wiki.md	
wiki-8a9e9cceae5f	vault:wiki/财务KPI管理.md	财务KPI管理		K4+K6	locator-only	synthesis/2026-09-12-obsidian-scan/D-wiki.md	
wiki-8adf71cd8705	vault:wiki/管理人员财务思维.md	管理人员财务思维		K2+K3+K4+K6+K7	locator-only	synthesis/2026-09-12-obsidian-scan/D-wiki.md	
wiki-8bccd7211768	vault:wiki/零售经营分析.md	零售经营分析		K2+K3+K4+K5	locator-only	synthesis/2026-09-12-obsidian-scan/D-wiki.md	
wiki-8bfc0b1c387e	vault:wiki/合并会计报表与合并抵消.md	合并会计报表与合并抵消		K1+K3	locator-only	synthesis/2026-09-12-obsidian-scan/D-wiki.md	
wiki-8c591deae02c	vault:wiki/社会地位与社会计量器理论.md	社会地位与社会计量器理论			locator-only	synthesis/2026-09-12-obsidian-scan/D-wiki.md	
wiki-8c5a6270a89f	vault:wiki/业财一体化与结算上浮.md	业财一体化与结算上浮		K7	locator-only	synthesis/2026-09-12-obsidian-scan/D-wiki.md	
wiki-8cc5895218bb	vault:wiki/财务分析看板.md	财务分析看板		K1+K3+K4+K5	locator-only	synthesis/2026-09-12-obsidian-scan/D-wiki.md	
wiki-8d515c6e60aa	vault:wiki/毛利润与净利润核算.md	毛利润与净利润核算		K4+K7	locator-only	synthesis/2026-09-12-obsidian-scan/D-wiki.md	
wiki-8d7ea68bcaee	vault:wiki/资产数字化与治理体系.md	资产数字化与治理体系		K5+K6	locator-only	synthesis/2026-09-12-obsidian-scan/D-wiki.md	
wiki-8de219a706e0	vault:wiki/财务指标内在联系与杜邦分析.md	财务指标内在联系与杜邦分析		K2+K3+K4+K5+K7	locator-only	synthesis/2026-09-12-obsidian-scan/D-wiki.md	
wiki-8de3b83be585	vault:wiki/海外仓财务与法务流程.md	海外仓财务与法务流程		K7	locator-only	synthesis/2026-09-12-obsidian-scan/D-wiki.md	
wiki-8e1338d33709	vault:wiki/个人地址与财务档案.md	个人地址与财务档案		K7	locator-only	synthesis/2026-09-12-obsidian-scan/D-wiki.md	
wiki-8e4bbd90f85f	vault:wiki/财务数字化转型.md	财务数字化转型		K5+K7	locator-only	synthesis/2026-09-12-obsidian-scan/D-wiki.md	
wiki-8f0d8b36528c	vault:wiki/合并报表抵消原理.md	合并报表抵消原理		K1	locator-only	synthesis/2026-09-12-obsidian-scan/D-wiki.md	
wiki-9095f0429738	vault:wiki/菜鸟财务数字化体系.md	菜鸟财务数字化体系		K4+K5+K7	locator-only	synthesis/2026-09-12-obsidian-scan/D-wiki.md	
wiki-90c33f1d9638	vault:wiki/财务结算系统.md	财务结算系统		K5+K7	locator-only	synthesis/2026-09-12-obsidian-scan/D-wiki.md	
wiki-90dccc6952a4	vault:wiki/高营销费用依赖型企业.md	高营销费用依赖型企业			locator-only	synthesis/2026-09-12-obsidian-scan/D-wiki.md	
wiki-9101c9d9f3a2	vault:wiki/_GLPI IT 资产与服务管理_.md	_GLPI IT 资产与服务管理_			locator-only	synthesis/2026-09-12-obsidian-scan/D-wiki.md	
wiki-9104d4217c3a	vault:wiki/费用管控.md	费用管控		K4+K6+K8	locator-only	synthesis/2026-09-12-obsidian-scan/D-wiki.md	
wiki-9106e4bd9dbf	vault:wiki/HALO资产 (Heavy Assets, Low Obsolescence).md	HALO资产 (Heavy Assets, Low Obsolescence)			locator-only	synthesis/2026-09-12-obsidian-scan/D-wiki.md	
wiki-913cc36d79cb	vault:wiki/企业级财务与HR产品体系.md	企业级财务与HR产品体系		K7	locator-only	synthesis/2026-09-12-obsidian-scan/D-wiki.md	
wiki-913f297adfdd	vault:wiki/应收运营与账单自动化.md	应收运营与账单自动化		K7	locator-only	synthesis/2026-09-12-obsidian-scan/D-wiki.md	
wiki-91dea01d5d30	vault:wiki/企业管理报表体系（驾驶舱）.md	企业管理报表体系（驾驶舱）		K1+K4+K5+K6+K7	locator-only	synthesis/2026-09-12-obsidian-scan/D-wiki.md	
wiki-91e32bc6506f	vault:wiki/指标中心重构（幻视2.0）.md	指标中心重构（幻视2.0）		K7	locator-only	synthesis/2026-09-12-obsidian-scan/D-wiki.md	
wiki-91e72bb50bf9	vault:wiki/企业盈利模式与护城河分析.md	企业盈利模式与护城河分析		K3	locator-only	synthesis/2026-09-12-obsidian-scan/D-wiki.md	
wiki-9222b7b5d193	vault:wiki/资金结算与履约平台.md	资金结算与履约平台		K7	locator-only	synthesis/2026-09-12-obsidian-scan/D-wiki.md	
wiki-92af2b1add86	vault:wiki/财务高手的六大核心特征.md	财务高手的六大核心特征		K4+K5+K7	locator-only	synthesis/2026-09-12-obsidian-scan/D-wiki.md	
wiki-92d836f79ba8	vault:wiki/战略财务思维.md	战略财务思维		K4+K5+K6	locator-only	synthesis/2026-09-12-obsidian-scan/D-wiki.md	
wiki-930fc6eb59ab	vault:wiki/菜鸟资金与结算平台化体系.md	菜鸟资金与结算平台化体系		K7	locator-only	synthesis/2026-09-12-obsidian-scan/D-wiki.md	
wiki-93879fffd1d1	vault:wiki/海外仓业财一体化与0到1建设.md	海外仓业财一体化与0到1建设		K7	locator-only	synthesis/2026-09-12-obsidian-scan/D-wiki.md	
wiki-942d29cf9b0f	vault:wiki/资金与结算系统.md	资金与结算系统		K7	locator-only	synthesis/2026-09-12-obsidian-scan/D-wiki.md	
wiki-9493bf4d015f	vault:wiki/数据产品化与指标体系构建.md	数据产品化与指标体系构建		K4+K5+K8	locator-only	synthesis/2026-09-12-obsidian-scan/D-wiki.md	
wiki-9496bee41878	vault:wiki/应收账款财务分析模型.md	应收账款财务分析模型		K3+K5+K6	locator-only	synthesis/2026-09-12-obsidian-scan/D-wiki.md	
wiki-94c83d9f2bfe	vault:wiki/商业化收费与成本仿真实践.md	商业化收费与成本仿真实践		K7	locator-only	synthesis/2026-09-12-obsidian-scan/D-wiki.md	
wiki-94c9aac1b92e	vault:wiki/全景销售经营分析.md	全景销售经营分析		K3+K4+K5	locator-only	synthesis/2026-09-12-obsidian-scan/D-wiki.md	
wiki-94d002a84eba	vault:wiki/采购核心指标数据汇总.md	采购核心指标数据汇总			locator-only	synthesis/2026-09-12-obsidian-scan/D-wiki.md	
wiki-94dc3efca029	vault:wiki/销售营收滚动监控报表.md	销售营收滚动监控报表		K4+K5+K6	locator-only	synthesis/2026-09-12-obsidian-scan/D-wiki.md	
wiki-95618e9fc709	vault:wiki/财务年度规划.md	财务年度规划		K4+K5+K6+K7	locator-only	synthesis/2026-09-12-obsidian-scan/D-wiki.md	
wiki-965087dd3ccf	vault:wiki/资产负债表分析.md	资产负债表分析		K1+K2+K3+K7	locator-only	synthesis/2026-09-12-obsidian-scan/D-wiki.md	
wiki-968339a55db2	vault:wiki/业财数字化运营.md	业财数字化运营		K7+K8	locator-only	synthesis/2026-09-12-obsidian-scan/D-wiki.md	
wiki-96d3d224b086	vault:wiki/P2P采购与资产管理.md	P2P采购与资产管理		K5	locator-only	synthesis/2026-09-12-obsidian-scan/D-wiki.md	
wiki-96e29ce5cc77	vault:wiki/财务经理与财务总监.md	财务经理与财务总监		K4+K5+K6+K7	locator-only	synthesis/2026-09-12-obsidian-scan/D-wiki.md	
wiki-97bf64f13021	vault:wiki/_记忆审计Skill_.md	_记忆审计Skill_			locator-only	synthesis/2026-09-12-obsidian-scan/D-wiki.md	
wiki-97d5d22688ec	vault:wiki/资金结算与金融技术平台化.md	资金结算与金融技术平台化		K3+K7	locator-only	synthesis/2026-09-12-obsidian-scan/D-wiki.md	
wiki-980678b4b666	vault:wiki/本量利盈亏平衡测算.md	本量利盈亏平衡测算		K4+K5+K6	locator-only	synthesis/2026-09-12-obsidian-scan/D-wiki.md	
wiki-982ba4519925	vault:wiki/物流结算系统迁移与业财架构演进.md	物流结算系统迁移与业财架构演进		K7	locator-only	synthesis/2026-09-12-obsidian-scan/D-wiki.md	
wiki-9856c3693d11	vault:wiki/经营分析落地指南.md	经营分析落地指南		K4+K5	locator-only	synthesis/2026-09-12-obsidian-scan/D-wiki.md	
wiki-989c96eceab0	vault:wiki/组织熵增与管理负债.md	组织熵增与管理负债			locator-only	synthesis/2026-09-12-obsidian-scan/D-wiki.md	
wiki-991d67eb7a35	vault:wiki/业财一体化与核算体系.md	业财一体化与核算体系		K7	locator-only	synthesis/2026-09-12-obsidian-scan/D-wiki.md	
wiki-9922ba47dccf	vault:wiki/经营分析会体系.md	经营分析会体系		K2+K3+K4+K5	locator-only	synthesis/2026-09-12-obsidian-scan/D-wiki.md	
wiki-9997ea939a61	vault:wiki/毛利率.md	毛利率		K1+K2+K3	locator-only	synthesis/2026-09-12-obsidian-scan/D-wiki.md	
wiki-9ad4a82aaa10	vault:wiki/AE应收风险治理.md	AE应收风险治理			locator-only	synthesis/2026-09-12-obsidian-scan/D-wiki.md	
wiki-9b3a4b72b989	vault:wiki/现金流量表编制.md	现金流量表编制		K1+K2+K7	locator-only	synthesis/2026-09-12-obsidian-scan/D-wiki.md	
wiki-9b93fef2acf9	vault:wiki/中国宏观物流成本分析.md	中国宏观物流成本分析		K7	locator-only	synthesis/2026-09-12-obsidian-scan/D-wiki.md	
wiki-9ba186cf21c1	vault:wiki/_财务BP经营分析_.md	_财务BP经营分析_		K3+K4+K6+K7	locator-only	synthesis/2026-09-12-obsidian-scan/D-wiki.md	
wiki-9bad0a4eaaee	vault:wiki/财务资金全链路管控.md	财务资金全链路管控		K2+K4+K7	locator-only	synthesis/2026-09-12-obsidian-scan/D-wiki.md	
wiki-9c472f07614e	vault:wiki/月度经营分析报表Excel看板.md	月度经营分析报表Excel看板		K1+K2+K4+K5+K6	locator-only	synthesis/2026-09-12-obsidian-scan/D-wiki.md	
wiki-9cc675e334ca	vault:wiki/驾驶舱指标体系设计方法论.md	驾驶舱指标体系设计方法论		K2+K4+K5	locator-only	synthesis/2026-09-12-obsidian-scan/D-wiki.md	
wiki-9cebcbdd183e	vault:wiki/资金结算与业财一体化架构.md	资金结算与业财一体化架构		K7	locator-only	synthesis/2026-09-12-obsidian-scan/D-wiki.md	
wiki-9d85e0405fdd	vault:wiki/ABC成本分摊模型.md	ABC成本分摊模型		K7	locator-only	synthesis/2026-09-12-obsidian-scan/D-wiki.md	
wiki-9d959b91045b	vault:wiki/财务运营指标与风控体系.md	财务运营指标与风控体系		K5+K6+K7	locator-only	synthesis/2026-09-12-obsidian-scan/D-wiki.md	
wiki-9da39157c492	vault:wiki/业财高可用保障架构.md	业财高可用保障架构		K7	locator-only	synthesis/2026-09-12-obsidian-scan/D-wiki.md	
wiki-9df7b612cb02	vault:wiki/结算运营效能与质量指标.md	结算运营效能与质量指标		K5+K7	locator-only	synthesis/2026-09-12-obsidian-scan/D-wiki.md	
wiki-9e2d93f588eb	vault:wiki/经营分析与CEO决策力.md	经营分析与CEO决策力		K4+K5+K7	locator-only	synthesis/2026-09-12-obsidian-scan/D-wiki.md	
wiki-9e61588225fa	vault:wiki/IT成本分摊与资产标准化策略.md	IT成本分摊与资产标准化策略		K6	locator-only	synthesis/2026-09-12-obsidian-scan/D-wiki.md	
wiki-9e6f740c50d3	vault:wiki/财务服务系统.md	财务服务系统		K7	locator-only	synthesis/2026-09-12-obsidian-scan/D-wiki.md	
wiki-9ec43581f91d	vault:wiki/财务中台与产品维度核算.md	财务中台与产品维度核算		K2+K7	locator-only	synthesis/2026-09-12-obsidian-scan/D-wiki.md	
wiki-9ec4d335e39b	vault:wiki/资金结算与经营支撑平台.md	资金结算与经营支撑平台		K7	locator-only	synthesis/2026-09-12-obsidian-scan/D-wiki.md	
wiki-9f56de19031c	vault:wiki/技术投入与ROI管理.md	技术投入与ROI管理		K6+K7	locator-only	synthesis/2026-09-12-obsidian-scan/D-wiki.md	
wiki-9f8cb36ce9c0	vault:wiki/物流结算与业财一体化.md	物流结算与业财一体化		K7	locator-only	synthesis/2026-09-12-obsidian-scan/D-wiki.md	
wiki-9fa33244fc4d	vault:wiki/LLM指令预算.md	LLM指令预算		K6+K8	locator-only	synthesis/2026-09-12-obsidian-scan/D-wiki.md	
wiki-a0c5796ca7b8	vault:wiki/财务系统与全链路风控架构.md	财务系统与全链路风控架构		K7	locator-only	synthesis/2026-09-12-obsidian-scan/D-wiki.md	
wiki-a0dc483d3764	vault:wiki/财务安全与稽核.md	财务安全与稽核		K5+K7+K8	locator-only	synthesis/2026-09-12-obsidian-scan/D-wiki.md	
wiki-a131219d9efd	vault:wiki/财务分析与精细化管理.md	财务分析与精细化管理		K1+K6+K7	locator-only	synthesis/2026-09-12-obsidian-scan/D-wiki.md	
wiki-a1d528d67885	vault:wiki/企业IT架构与成本治理.md	企业IT架构与成本治理		K7	locator-only	synthesis/2026-09-12-obsidian-scan/D-wiki.md	
wiki-a1f786a351d3	vault:wiki/区域化IT治理与资产运营.md	区域化IT治理与资产运营			locator-only	synthesis/2026-09-12-obsidian-scan/D-wiki.md	
wiki-a21759ab7f91	vault:wiki/采购绩效指标体系.md	采购绩效指标体系		K2+K6	locator-only	synthesis/2026-09-12-obsidian-scan/D-wiki.md	
wiki-a21b7469e552	vault:wiki/财务BP采购审批策略.md	财务BP采购审批策略		K7	locator-only	synthesis/2026-09-12-obsidian-scan/D-wiki.md	
wiki-a341f1e4c8fe	vault:wiki/财务风险治理.md	财务风险治理		K7	locator-only	synthesis/2026-09-12-obsidian-scan/D-wiki.md	
wiki-a34af8655c49	vault:wiki/_财务共享服务中心(FSSC)_.md	_财务共享服务中心(FSSC)_		K6+K7	locator-only	synthesis/2026-09-12-obsidian-scan/D-wiki.md	
wiki-a3924e002205	vault:wiki/会计职业进阶技能组合.md	会计职业进阶技能组合		K4+K5+K6+K7	locator-only	synthesis/2026-09-12-obsidian-scan/D-wiki.md	
wiki-a440456bfbde	vault:wiki/数据治理与数据资产.md	数据治理与数据资产		K7+K8	locator-only	synthesis/2026-09-12-obsidian-scan/D-wiki.md	
wiki-a45e11764ea4	vault:wiki/成本分析.md	成本分析		K4+K5	locator-only	synthesis/2026-09-12-obsidian-scan/D-wiki.md	
wiki-a48f8a381806	vault:wiki/阿里妈妈资金管理.md	阿里妈妈资金管理		K1+K7	locator-only	synthesis/2026-09-12-obsidian-scan/D-wiki.md	
wiki-a4a4d0deafdb	vault:wiki/虚拟资金账户与业财一体化.md	虚拟资金账户与业财一体化		K1+K7	locator-only	synthesis/2026-09-12-obsidian-scan/D-wiki.md	
wiki-a4c7c5e65556	vault:wiki/经营导向财务分析框架.md	经营导向财务分析框架		K4+K5	locator-only	synthesis/2026-09-12-obsidian-scan/D-wiki.md	
wiki-a55e753e5005	vault:wiki/资金资损防控体系.md	资金资损防控体系		K4+K7	locator-only	synthesis/2026-09-12-obsidian-scan/D-wiki.md	
wiki-a575835fe955	vault:wiki/经营分析的系统性思维.md	经营分析的系统性思维		K3+K4+K5	locator-only	synthesis/2026-09-12-obsidian-scan/D-wiki.md	
wiki-a579ec199e6d	vault:wiki/_Claude Code 定价与成本控制_.md	_Claude Code 定价与成本控制_		K8	locator-only	synthesis/2026-09-12-obsidian-scan/D-wiki.md	
wiki-a5dc466bad1c	vault:wiki/FY24预算与费用补收沟通.md	FY24预算与费用补收沟通		K6	locator-only	synthesis/2026-09-12-obsidian-scan/D-wiki.md	
wiki-a5f5463ca000	vault:wiki/财务中台与计费结算.md	财务中台与计费结算		K7	locator-only	synthesis/2026-09-12-obsidian-scan/D-wiki.md	
wiki-a6791b3eb3a1	vault:wiki/AI大模型辅助海关税号归类.md	AI大模型辅助海关税号归类		K8	locator-only	synthesis/2026-09-12-obsidian-scan/D-wiki.md	
wiki-a69b0d56e2d6	vault:wiki/业财融合与财务转型.md	业财融合与财务转型		K4+K7	locator-only	synthesis/2026-09-12-obsidian-scan/D-wiki.md	
wiki-a71cfcf2cab7	vault:wiki/企业财务 AI 数据平台.md	企业财务 AI 数据平台		K4+K5+K7+K8	locator-only	synthesis/2026-09-12-obsidian-scan/D-wiki.md	
wiki-a72cae665e36	vault:wiki/利润维度体系.md	利润维度体系		K2+K3+K4+K6+K7	locator-only	synthesis/2026-09-12-obsidian-scan/D-wiki.md	
wiki-a764883a202f	vault:wiki/经营分析机制.md	经营分析机制		K4	locator-only	synthesis/2026-09-12-obsidian-scan/D-wiki.md	
wiki-a78a32c3b4c6	vault:wiki/资金结算系统建设.md	资金结算系统建设		K4+K7	locator-only	synthesis/2026-09-12-obsidian-scan/D-wiki.md	
wiki-a8050e3d0b16	vault:wiki/财务AI数据决策系统.md	财务AI数据决策系统		K4+K5+K7+K8	locator-only	synthesis/2026-09-12-obsidian-scan/D-wiki.md	
wiki-a84fc55d7615	vault:wiki/ChatGPT Plus Google Play 免税订阅策略.md	ChatGPT Plus Google Play 免税订阅策略		K8	locator-only	synthesis/2026-09-12-obsidian-scan/D-wiki.md	
wiki-a8536b7b5e5e	vault:wiki/资金管理岗位年中总结指南.md	资金管理岗位年中总结指南		K5	locator-only	synthesis/2026-09-12-obsidian-scan/D-wiki.md	
wiki-a86080bc6463	vault:wiki/跨境应收风险治理机制.md	跨境应收风险治理机制		K5+K7	locator-only	synthesis/2026-09-12-obsidian-scan/D-wiki.md	
wiki-a891cf824a05	vault:wiki/AI辅助海关税号归类.md	AI辅助海关税号归类		K7+K8	locator-only	synthesis/2026-09-12-obsidian-scan/D-wiki.md	
wiki-a898324dec5e	vault:wiki/财务分析方法与指标.md	财务分析方法与指标		K1+K2+K3+K4+K5+K7	locator-only	synthesis/2026-09-12-obsidian-scan/D-wiki.md	
wiki-a92c07dc5449	vault:wiki/AE资金领域.md	AE资金领域		K7	locator-only	synthesis/2026-09-12-obsidian-scan/D-wiki.md	
wiki-aaa683b896f4	vault:wiki/新手会计接全盘账六步实操指南.md	新手会计接全盘账六步实操指南		K1+K5+K6	locator-only	synthesis/2026-09-12-obsidian-scan/D-wiki.md	
wiki-aaed1f39ff67	vault:wiki/_业财一体化架构演进_.md	_业财一体化架构演进_		K1+K7	locator-only	synthesis/2026-09-12-obsidian-scan/D-wiki.md	
wiki-ab64c28477e3	vault:wiki/经营分析会与CEO核心决策力 (Business Analysis Meeting & CEO Decision-Making).md	经营分析会与CEO核心决策力 (Business Analysis Meeting & CEO Decision-Making)		K4	locator-only	synthesis/2026-09-12-obsidian-scan/D-wiki.md	
wiki-ab6c0e4a1090	vault:wiki/HALO 资产.md	HALO 资产		K7+K8	locator-only	synthesis/2026-09-12-obsidian-scan/D-wiki.md	
wiki-ac55335cc889	vault:wiki/大快美业财样板间.md	大快美业财样板间		K4+K7	locator-only	synthesis/2026-09-12-obsidian-scan/D-wiki.md	
wiki-ac8054046699	vault:wiki/资金结算团队晋升提名与人才盘点.md	资金结算团队晋升提名与人才盘点		K7	locator-only	synthesis/2026-09-12-obsidian-scan/D-wiki.md	
wiki-acb2e9bb3201	vault:wiki/经营分析报告六步法模板.md	经营分析报告六步法模板		K3+K4+K5	locator-only	synthesis/2026-09-12-obsidian-scan/D-wiki.md	
wiki-ad6c327b4f59	vault:wiki/资金结算域架构.md	资金结算域架构		K7	locator-only	synthesis/2026-09-12-obsidian-scan/D-wiki.md	
wiki-ad6cf902862d	vault:wiki/EBIT、EBITDA与净利润.md	EBIT、EBITDA与净利润		K3+K6	locator-only	synthesis/2026-09-12-obsidian-scan/D-wiki.md	
wiki-ad769248c610	vault:wiki/_AI项目成本管控与价值衡量_.md	_AI项目成本管控与价值衡量_		K6+K8	locator-only	synthesis/2026-09-12-obsidian-scan/D-wiki.md	
wiki-ad7f6463ad93	vault:wiki/AI 模型成本拐点.md	AI 模型成本拐点		K8	locator-only	synthesis/2026-09-12-obsidian-scan/D-wiki.md	
wiki-adb9ed6127c7	vault:wiki/个人地址与财务信息.md	个人地址与财务信息		K7	locator-only	synthesis/2026-09-12-obsidian-scan/D-wiki.md	
wiki-ade2625b2238	vault:wiki/财务BP (Finance Business Partner).md	财务BP (Finance Business Partner)		K4+K6+K7	locator-only	synthesis/2026-09-12-obsidian-scan/D-wiki.md	
wiki-ae4bb45c7ce7	vault:wiki/智能关务与业财结算.md	智能关务与业财结算		K7+K8	locator-only	synthesis/2026-09-12-obsidian-scan/D-wiki.md	
wiki-ae56530c48c7	vault:wiki/AI财务结算与容错机制.md	AI财务结算与容错机制		K7+K8	locator-only	synthesis/2026-09-12-obsidian-scan/D-wiki.md	
wiki-ae953c8de298	vault:wiki/采购与资产数字化管理.md	采购与资产数字化管理		K5	locator-only	synthesis/2026-09-12-obsidian-scan/D-wiki.md	
wiki-aeda92754b0a	vault:wiki/业财一体化八线模型.md	业财一体化八线模型		K4+K7+K8	locator-only	synthesis/2026-09-12-obsidian-scan/D-wiki.md	
wiki-af7a968d7285	vault:wiki/技术效能与成本收益模型.md	技术效能与成本收益模型		K6+K7	locator-only	synthesis/2026-09-12-obsidian-scan/D-wiki.md	
wiki-af94b2957d90	vault:wiki/可编辑财务管理系统工作台.md	可编辑财务管理系统工作台		K5	locator-only	synthesis/2026-09-12-obsidian-scan/D-wiki.md	
wiki-aff1bcd5310c	vault:wiki/月度现金流及资金缺口分析报表.md	月度现金流及资金缺口分析报表		K1+K2+K4+K5+K7	locator-only	synthesis/2026-09-12-obsidian-scan/D-wiki.md	
wiki-b0c453bc0b1d	vault:wiki/零售经营分析看板.md	零售经营分析看板		K3+K4+K5+K7	locator-only	synthesis/2026-09-12-obsidian-scan/D-wiki.md	
wiki-b0ec4e78a3cd	vault:wiki/采购与资产数字化运营.md	采购与资产数字化运营		K5	locator-only	synthesis/2026-09-12-obsidian-scan/D-wiki.md	
wiki-b1149e05e89c	vault:wiki/酒店经营分析五问.md	酒店经营分析五问		K2+K4	locator-only	synthesis/2026-09-12-obsidian-scan/D-wiki.md	
wiki-b1149f47be76	vault:wiki/菜鸟物流财务应收应付架构.md	菜鸟物流财务应收应付架构		K7	locator-only	synthesis/2026-09-12-obsidian-scan/D-wiki.md	
wiki-b234cd93153e	vault:wiki/SAP ERP业财一体化架构设计.md	SAP ERP业财一体化架构设计		K4+K7	locator-only	synthesis/2026-09-12-obsidian-scan/D-wiki.md	
wiki-b23a25c4bd48	vault:wiki/财务运营指标体系.md	财务运营指标体系		K7+K8	locator-only	synthesis/2026-09-12-obsidian-scan/D-wiki.md	
wiki-b27f94c973aa	vault:wiki/菜鸟资金域.md	菜鸟资金域		K5+K7	locator-only	synthesis/2026-09-12-obsidian-scan/D-wiki.md	
wiki-b28a9e02ecd6	vault:wiki/SAP ERP业财一体化设计.md	SAP ERP业财一体化设计		K4+K7	locator-only	synthesis/2026-09-12-obsidian-scan/D-wiki.md	
wiki-b2dbb7c82ee0	vault:wiki/财务自动化系统.md	财务自动化系统		K1+K7	locator-only	synthesis/2026-09-12-obsidian-scan/D-wiki.md	
wiki-b3139b2fd57b	vault:wiki/事业部产品线业绩考核报表体系.md	事业部产品线业绩考核报表体系		K5	locator-only	synthesis/2026-09-12-obsidian-scan/D-wiki.md	
wiki-b37419bc32d0	vault:wiki/_业财一体化_.md	_业财一体化_		K7	locator-only	synthesis/2026-09-12-obsidian-scan/D-wiki.md	
wiki-b474f98796a2	vault:wiki/业务管理报表.md	业务管理报表		K4	locator-only	synthesis/2026-09-12-obsidian-scan/D-wiki.md	
wiki-b49ad4701ec8	vault:wiki/OpenAI算力利润中心与AGI战略布局.md	OpenAI算力利润中心与AGI战略布局		K7+K8	locator-only	synthesis/2026-09-12-obsidian-scan/D-wiki.md	
wiki-b4fe7f07d9f6	vault:wiki/业财一体与经营精细化.md	业财一体与经营精细化		K4+K7+K8	locator-only	synthesis/2026-09-12-obsidian-scan/D-wiki.md	
wiki-b54ee7519a86	vault:wiki/三层视角经营分析框架.md	三层视角经营分析框架		K4+K7	locator-only	synthesis/2026-09-12-obsidian-scan/D-wiki.md	
wiki-b590fbf29fd0	vault:wiki/业务资金全链路管控.md	业务资金全链路管控		K3+K4+K5+K7	locator-only	synthesis/2026-09-12-obsidian-scan/D-wiki.md	
wiki-b6cb7c2f5814	vault:wiki/CFO协同与财务前瞻度量.md	CFO协同与财务前瞻度量		K7	locator-only	synthesis/2026-09-12-obsidian-scan/D-wiki.md	
wiki-b6e1914f1a2e	vault:wiki/资金结算与计费架构.md	资金结算与计费架构		K7	locator-only	synthesis/2026-09-12-obsidian-scan/D-wiki.md	
wiki-b7e2414b602a	vault:wiki/财务管理核心框架.md	财务管理核心框架		K1+K2+K6+K7	locator-only	synthesis/2026-09-12-obsidian-scan/D-wiki.md	
wiki-b7e32de4ecbe	vault:wiki/菜鸟FY22财务分析规划.md	菜鸟FY22财务分析规划		K4+K6	locator-only	synthesis/2026-09-12-obsidian-scan/D-wiki.md	
wiki-b8833cf2fb97	vault:wiki/业财融合经营分析.md	业财融合经营分析		K4+K7	locator-only	synthesis/2026-09-12-obsidian-scan/D-wiki.md	
wiki-b89187c76158	vault:wiki/经营分析双层指标体系.md	经营分析双层指标体系		K4+K7	locator-only	synthesis/2026-09-12-obsidian-scan/D-wiki.md	
wiki-b9233e3de517	vault:wiki/会计利润.md	会计利润			locator-only	synthesis/2026-09-12-obsidian-scan/D-wiki.md	
wiki-b934bbdaf596	vault:wiki/成本与费用.md	成本与费用		K1+K3+K6+K7	locator-only	synthesis/2026-09-12-obsidian-scan/D-wiki.md	
wiki-b97658fe893d	vault:wiki/Obsidian数字资产管理.md	Obsidian数字资产管理		K5	locator-only	synthesis/2026-09-12-obsidian-scan/D-wiki.md	
wiki-baafb1af2d13	vault:wiki/企业IT服务与资产运营.md	企业IT服务与资产运营		K7	locator-only	synthesis/2026-09-12-obsidian-scan/D-wiki.md	
wiki-bade7374a254	vault:wiki/预算差异分析.md	预算差异分析		K2+K3+K4+K5+K6	locator-only	synthesis/2026-09-12-obsidian-scan/D-wiki.md	
wiki-bb4965d7c07c	vault:wiki/第一性原理在财务管理中的应用.md	第一性原理在财务管理中的应用		K4+K6+K8	locator-only	synthesis/2026-09-12-obsidian-scan/D-wiki.md	
wiki-bbfe87cb7eb9	vault:wiki/AI 时代流程指标体系.md	AI 时代流程指标体系		K4+K8	locator-only	synthesis/2026-09-12-obsidian-scan/D-wiki.md	
wiki-bcb32e4939ac	vault:wiki/经营分析路径拆解法.md	经营分析路径拆解法		K4+K5	locator-only	synthesis/2026-09-12-obsidian-scan/D-wiki.md	
wiki-bcf367104b28	vault:wiki/三大财务报表.md	三大财务报表		K1+K4+K7	locator-only	synthesis/2026-09-12-obsidian-scan/D-wiki.md	
wiki-bd1046daeb3b	vault:wiki/资金结算平台化与中台服务演进.md	资金结算平台化与中台服务演进		K7	locator-only	synthesis/2026-09-12-obsidian-scan/D-wiki.md	
wiki-bd134f0bb49d	vault:wiki/资金域研发效能与合规治理.md	资金域研发效能与合规治理		K7+K8	locator-only	synthesis/2026-09-12-obsidian-scan/D-wiki.md	
wiki-bd305749f441	vault:wiki/菜鸟CFO域财务产品架构.md	菜鸟CFO域财务产品架构		K6+K7	locator-only	synthesis/2026-09-12-obsidian-scan/D-wiki.md	
wiki-bd422b1b6496	vault:wiki/应收账款管理.md	应收账款管理		K1+K4+K7	locator-only	synthesis/2026-09-12-obsidian-scan/D-wiki.md	
wiki-bd6860705216	vault:wiki/财务AI数字化应用.md	财务AI数字化应用		K4+K6+K7	locator-only	synthesis/2026-09-12-obsidian-scan/D-wiki.md	
wiki-be44466993a2	vault:wiki/业财契约标准化体系.md	业财契约标准化体系		K4+K5+K7	locator-only	synthesis/2026-09-12-obsidian-scan/D-wiki.md	
wiki-be90f1f80bf4	vault:wiki/IT 与资产管理大区化策略.md	IT 与资产管理大区化策略		K6	locator-only	synthesis/2026-09-12-obsidian-scan/D-wiki.md	
wiki-bec2e8c1b922	vault:wiki/业财一体化核心模型.md	业财一体化核心模型		K1+K7	locator-only	synthesis/2026-09-12-obsidian-scan/D-wiki.md	
wiki-becba657ed74	vault:wiki/业财融合与财务管报体系.md	业财融合与财务管报体系		K1+K5+K6+K7	locator-only	synthesis/2026-09-12-obsidian-scan/D-wiki.md	
wiki-bf1a55e484ac	vault:wiki/经营分析路径拆解框架.md	经营分析路径拆解框架		K4	locator-only	synthesis/2026-09-12-obsidian-scan/D-wiki.md	
wiki-bf893be1c27d	vault:wiki/经营分析会：洞察企业经营水平的窗口.md	经营分析会：洞察企业经营水平的窗口		K4+K7	locator-only	synthesis/2026-09-12-obsidian-scan/D-wiki.md	
wiki-bf963baca745	vault:wiki/业财一体与业务数字化重塑.md	业财一体与业务数字化重塑		K4+K7	locator-only	synthesis/2026-09-12-obsidian-scan/D-wiki.md	
wiki-bfc2f2eaccaa	vault:wiki/成本核算基本方法.md	成本核算基本方法			locator-only	synthesis/2026-09-12-obsidian-scan/D-wiki.md	
wiki-c10003ba25b3	vault:wiki/业财一体化实践.md	业财一体化实践		K7	locator-only	synthesis/2026-09-12-obsidian-scan/D-wiki.md	
wiki-c10988882114	vault:wiki/大区IT资产与成本管理体系.md	大区IT资产与成本管理体系		K6	locator-only	synthesis/2026-09-12-obsidian-scan/D-wiki.md	
wiki-c16ebec3da42	vault:wiki/资金结算与财务中台建设.md	资金结算与财务中台建设		K7	locator-only	synthesis/2026-09-12-obsidian-scan/D-wiki.md	
wiki-c1d9cc25e05b	vault:wiki/业财一体化与结算模型共建.md	业财一体化与结算模型共建		K7	locator-only	synthesis/2026-09-12-obsidian-scan/D-wiki.md	
wiki-c202f7c8f5da	vault:wiki/合并报表.md	合并报表		K1	locator-only	synthesis/2026-09-12-obsidian-scan/D-wiki.md	
wiki-c222b1aec380	vault:wiki/经营分析的价值与方法.md	经营分析的价值与方法		K4	locator-only	synthesis/2026-09-12-obsidian-scan/D-wiki.md	
wiki-c22dee4a2b0f	vault:wiki/业财一体化与流程优化.md	业财一体化与流程优化		K4+K5+K7	locator-only	synthesis/2026-09-12-obsidian-scan/D-wiki.md	
wiki-c248a110a5e8	vault:wiki/业财一体.md	业财一体		K7	locator-only	synthesis/2026-09-12-obsidian-scan/D-wiki.md	
wiki-c27939b98fe9	vault:wiki/菜鸟CPRM采购财务一体化.md	菜鸟CPRM采购财务一体化		K7	locator-only	synthesis/2026-09-12-obsidian-scan/D-wiki.md	
wiki-c2b64682209c	vault:wiki/菜鸟财务基础能力升级（BS简化与明细账）.md	菜鸟财务基础能力升级（BS简化与明细账）		K7	locator-only	synthesis/2026-09-12-obsidian-scan/D-wiki.md	
wiki-c32eb38a792f	vault:wiki/新手财务总监快速了解公司指南.md	新手财务总监快速了解公司指南		K1+K3+K5+K6+K7	locator-only	synthesis/2026-09-12-obsidian-scan/D-wiki.md	
wiki-c35832b041c8	vault:wiki/结算全链路与业财融合.md	结算全链路与业财融合		K5+K7	locator-only	synthesis/2026-09-12-obsidian-scan/D-wiki.md	
wiki-c394c43296b7	vault:wiki/OneMetric指标管理体系.md	OneMetric指标管理体系		K8	locator-only	synthesis/2026-09-12-obsidian-scan/D-wiki.md	
wiki-c3c2dd3d2821	vault:wiki/毛利率与现金流四象限分析.md	毛利率与现金流四象限分析		K1+K3+K4	locator-only	synthesis/2026-09-12-obsidian-scan/D-wiki.md	
wiki-c424fb016afb	vault:wiki/经营分析路径拆解.md	经营分析路径拆解		K2+K3+K4+K5+K7+K8	locator-only	synthesis/2026-09-12-obsidian-scan/D-wiki.md	
wiki-c4e88bb1267d	vault:wiki/多产品多约束盈亏平衡测算模型.md	多产品多约束盈亏平衡测算模型		K2+K3+K5	locator-only	synthesis/2026-09-12-obsidian-scan/D-wiki.md	
wiki-c4f103a6d315	vault:wiki/财务分析全流程.md	财务分析全流程		K5+K6	locator-only	synthesis/2026-09-12-obsidian-scan/D-wiki.md	
wiki-c4f97794a9ea	vault:wiki/现金流量表编制方法.md	现金流量表编制方法		K1	locator-only	synthesis/2026-09-12-obsidian-scan/D-wiki.md	
wiki-c50a268ba495	vault:wiki/资金域业务架构.md	资金域业务架构		K7	locator-only	synthesis/2026-09-12-obsidian-scan/D-wiki.md	
wiki-c535ba062a99	vault:wiki/战略经营分析机制.md	战略经营分析机制		K4	locator-only	synthesis/2026-09-12-obsidian-scan/D-wiki.md	
wiki-c545e01b2b62	vault:wiki/应收账款与结算运营.md	应收账款与结算运营		K7	locator-only	synthesis/2026-09-12-obsidian-scan/D-wiki.md	
wiki-c5897bfd29a6	vault:wiki/财务科目体系.md	财务科目体系		K1+K7	locator-only	synthesis/2026-09-12-obsidian-scan/D-wiki.md	
wiki-c5c435519572	vault:wiki/财务核心流程框架.md	财务核心流程框架		K7	locator-only	synthesis/2026-09-12-obsidian-scan/D-wiki.md	
wiki-c5dd8382f6b1	vault:wiki/基础定价与商业优惠分离.md	基础定价与商业优惠分离		K7	locator-only	synthesis/2026-09-12-obsidian-scan/D-wiki.md	
wiki-c684825b755b	vault:wiki/业财一体化与全链路协同.md	业财一体化与全链路协同		K7	locator-only	synthesis/2026-09-12-obsidian-scan/D-wiki.md	
wiki-c69c967a0cb8	vault:wiki/财务分析与经营洞察.md	财务分析与经营洞察		K1+K3+K4+K5+K7+K8	locator-only	synthesis/2026-09-12-obsidian-scan/D-wiki.md	
wiki-c753af676e11	vault:wiki/盈亏平衡分析模型（数据熊高级版）.md	盈亏平衡分析模型（数据熊高级版）		K5+K6+K8	locator-only	synthesis/2026-09-12-obsidian-scan/D-wiki.md	
wiki-c7ba1f3ff1c6	vault:wiki/资产负债分析.md	资产负债分析		K1+K2+K3+K4	locator-only	synthesis/2026-09-12-obsidian-scan/D-wiki.md	
wiki-c7d030db7153	vault:wiki/经营分析与指标体系构建.md	经营分析与指标体系构建		K4+K7	locator-only	synthesis/2026-09-12-obsidian-scan/D-wiki.md	
wiki-c89a5feed528	vault:wiki/业财融合与多组织管理.md	业财融合与多组织管理		K7	locator-only	synthesis/2026-09-12-obsidian-scan/D-wiki.md	
wiki-c8fb2feab583	vault:wiki/资金与结算平台核心业务规划.md	资金与结算平台核心业务规划		K7	locator-only	synthesis/2026-09-12-obsidian-scan/D-wiki.md	
wiki-c92e10175d81	vault:wiki/财务数字化与 AI 应用.md	财务数字化与 AI 应用		K7+K8	locator-only	synthesis/2026-09-12-obsidian-scan/D-wiki.md	
wiki-c96d7cd1e3a9	vault:wiki/Power BI财务分析驾驶舱.md	Power BI财务分析驾驶舱		K2+K3+K4+K5+K6	locator-only	synthesis/2026-09-12-obsidian-scan/D-wiki.md	
wiki-c97ca50267e4	vault:wiki/费用归口.md	费用归口		K7	locator-only	synthesis/2026-09-12-obsidian-scan/D-wiki.md	
wiki-c9bb0a4af333	vault:wiki/财务稽核与全链路稽核.md	财务稽核与全链路稽核		K5+K7+K8	locator-only	synthesis/2026-09-12-obsidian-scan/D-wiki.md	
wiki-c9f427bb0a5f	vault:wiki/产品定价模型.md	产品定价模型		K1+K2+K3+K5+K8	locator-only	synthesis/2026-09-12-obsidian-scan/D-wiki.md	
wiki-c9f561bdf25c	vault:wiki/季度财报经营分析通用框架.md	季度财报经营分析通用框架		K3+K4+K5	locator-only	synthesis/2026-09-12-obsidian-scan/D-wiki.md	
wiki-ca182bc2b1ac	vault:wiki/标准支出事项与成本管理单元.md	标准支出事项与成本管理单元		K6+K7	locator-only	synthesis/2026-09-12-obsidian-scan/D-wiki.md	
wiki-cacfa19f698b	vault:wiki/Obsidian + Agent Skills 个人数字资产管理.md	Obsidian + Agent Skills 个人数字资产管理		K8	locator-only	synthesis/2026-09-12-obsidian-scan/D-wiki.md	
wiki-cb35ccca9131	vault:wiki/财务规划与结算系统建设.md	财务规划与结算系统建设		K7	locator-only	synthesis/2026-09-12-obsidian-scan/D-wiki.md	
wiki-cb3c967d3e0b	vault:wiki/经营分析四维拆解框架.md	经营分析四维拆解框架		K3+K4+K6+K7	locator-only	synthesis/2026-09-12-obsidian-scan/D-wiki.md	
wiki-cbc86b39cc4c	vault:wiki/经营分析报告方法论.md	经营分析报告方法论		K4+K7	locator-only	synthesis/2026-09-12-obsidian-scan/D-wiki.md	
wiki-cd71d2ba3974	vault:wiki/预算执行与风险管理.md	预算执行与风险管理		K4+K6	locator-only	synthesis/2026-09-12-obsidian-scan/D-wiki.md	
wiki-cd7432b21399	vault:wiki/经营分析 (Business Analysis).md	经营分析 (Business Analysis)		K4	locator-only	synthesis/2026-09-12-obsidian-scan/D-wiki.md	
wiki-cd8bc281d130	vault:wiki/洗碗机核心选购指标.md	洗碗机核心选购指标			locator-only	synthesis/2026-09-12-obsidian-scan/D-wiki.md	
wiki-cdb48b42aa27	vault:wiki/财务COA标准化.md	财务COA标准化		K1+K7	locator-only	synthesis/2026-09-12-obsidian-scan/D-wiki.md	
wiki-cdb796f21a7a	vault:wiki/_企业人效分析与成本管控_.md	_企业人效分析与成本管控_			locator-only	synthesis/2026-09-12-obsidian-scan/D-wiki.md	
wiki-ce31665c20ac	vault:wiki/SAP ERP业财一体设计哲学.md	SAP ERP业财一体设计哲学		K1+K4+K7	locator-only	synthesis/2026-09-12-obsidian-scan/D-wiki.md	
wiki-ce38aba4b35c	vault:wiki/资金账户体系设计.md	资金账户体系设计		K1+K7	locator-only	synthesis/2026-09-12-obsidian-scan/D-wiki.md	
wiki-cf472a523de4	vault:wiki/本地财务经营分析驾驶舱.md	本地财务经营分析驾驶舱		K4+K5+K6	locator-only	synthesis/2026-09-12-obsidian-scan/D-wiki.md	
wiki-cf47a82c309b	vault:wiki/资金池多币种结算模型.md	资金池多币种结算模型		K7	locator-only	synthesis/2026-09-12-obsidian-scan/D-wiki.md	
wiki-cf7a9fb34e09	vault:wiki/Agent性能量化评估体系：从基础指标到专家级解决方案.md	Agent性能量化评估体系：从基础指标到专家级解决方案		K8	locator-only	synthesis/2026-09-12-obsidian-scan/D-wiki.md	
wiki-cf7d02f42fdf	vault:wiki/物流成本显性化.md	物流成本显性化		K7	locator-only	synthesis/2026-09-12-obsidian-scan/D-wiki.md	
wiki-d0081f380f59	vault:wiki/经营分析体系.md	经营分析体系		K4+K5+K7	locator-only	synthesis/2026-09-12-obsidian-scan/D-wiki.md	
wiki-d03b13aed9de	vault:wiki/财务经营分析.md	财务经营分析		K4+K5+K8	locator-only	synthesis/2026-09-12-obsidian-scan/D-wiki.md	
wiki-d09590ecdad1	vault:wiki/数据驱动报表与指标体系.md	数据驱动报表与指标体系		K5+K8	locator-only	synthesis/2026-09-12-obsidian-scan/D-wiki.md	
wiki-d09e7578f257	vault:wiki/内部财务服务计价与结算.md	内部财务服务计价与结算		K7	locator-only	synthesis/2026-09-12-obsidian-scan/D-wiki.md	
wiki-d0af60659093	vault:wiki/业财融合分析.md	业财融合分析		K3+K4+K7	locator-only	synthesis/2026-09-12-obsidian-scan/D-wiki.md	
wiki-d0e97f9b9b34	vault:wiki/业财一体化与财务数据治理.md	业财一体化与财务数据治理		K7	locator-only	synthesis/2026-09-12-obsidian-scan/D-wiki.md	
wiki-d13bc5d8ac8a	vault:wiki/会计核算岗位年中总结框架（准稳快省改）.md	会计核算岗位年中总结框架（准稳快省改）		K7	locator-only	synthesis/2026-09-12-obsidian-scan/D-wiki.md	
wiki-d17274304998	vault:wiki/经营分析会机制.md	经营分析会机制		K4	locator-only	synthesis/2026-09-12-obsidian-scan/D-wiki.md	
wiki-d1b24824f9be	vault:wiki/结算与财务链路数字化.md	结算与财务链路数字化		K4+K7	locator-only	synthesis/2026-09-12-obsidian-scan/D-wiki.md	
wiki-d1b7dfacf1ac	vault:wiki/财务与结算中台体系.md	财务与结算中台体系		K7	locator-only	synthesis/2026-09-12-obsidian-scan/D-wiki.md	
wiki-d1c833331b7e	vault:wiki/财务在经营分析会中的角色定位.md	财务在经营分析会中的角色定位		K4+K7	locator-only	synthesis/2026-09-12-obsidian-scan/D-wiki.md	
wiki-d206d226faa1	vault:wiki/核心指标管理系统.md	核心指标管理系统			locator-only	synthesis/2026-09-12-obsidian-scan/D-wiki.md	
wiki-d22c6a130e45	vault:wiki/财务业务透视法.md	财务业务透视法		K1+K4+K5+K6+K7+K8	locator-only	synthesis/2026-09-12-obsidian-scan/D-wiki.md	
wiki-d23242ea0ee6	vault:wiki/不同产业成本核算特点.md	不同产业成本核算特点		K7	locator-only	synthesis/2026-09-12-obsidian-scan/D-wiki.md	
wiki-d3d2c89d3890	vault:wiki/经营分析与财务分析的区别.md	经营分析与财务分析的区别		K3+K4+K6	locator-only	synthesis/2026-09-12-obsidian-scan/D-wiki.md	
wiki-d3d5273df475	vault:wiki/_地网业财一体化_.md	_地网业财一体化_		K6+K7	locator-only	synthesis/2026-09-12-obsidian-scan/D-wiki.md	
wiki-d3ed4ebfd9bf	vault:wiki/现金流管理.md	现金流管理		K7	locator-only	synthesis/2026-09-12-obsidian-scan/D-wiki.md	
wiki-d45878b17215	vault:wiki/盈亏平衡决策模型.md	盈亏平衡决策模型			locator-only	synthesis/2026-09-12-obsidian-scan/D-wiki.md	
wiki-d4b3c997f104	vault:wiki/预算管理.md	预算管理		K4+K6	locator-only	synthesis/2026-09-12-obsidian-scan/D-wiki.md	
wiki-d5cd355d863f	vault:wiki/业财一体化与管报核算链路.md	业财一体化与管报核算链路		K4+K7	locator-only	synthesis/2026-09-12-obsidian-scan/D-wiki.md	
wiki-d61a687ca1e7	vault:wiki/财务人员职业转型.md	财务人员职业转型		K7	locator-only	synthesis/2026-09-12-obsidian-scan/D-wiki.md	
wiki-d6e997d25c6d	vault:wiki/企业数字化与业财人效智能化.md	企业数字化与业财人效智能化		K7	locator-only	synthesis/2026-09-12-obsidian-scan/D-wiki.md	
wiki-d8067445a7b8	vault:wiki/资金结算平台化演进.md	资金结算平台化演进		K7	locator-only	synthesis/2026-09-12-obsidian-scan/D-wiki.md	
wiki-d811980e4de6	vault:wiki/产研业务规划与ROI管理.md	产研业务规划与ROI管理		K5+K8	locator-only	synthesis/2026-09-12-obsidian-scan/D-wiki.md	
wiki-d82ccbc54385	vault:wiki/海关商品税号智能归类.md	海关商品税号智能归类		K8	locator-only	synthesis/2026-09-12-obsidian-scan/D-wiki.md	
wiki-d8478b428bfd	vault:wiki/业财一体化与智能结算.md	业财一体化与智能结算		K7+K8	locator-only	synthesis/2026-09-12-obsidian-scan/D-wiki.md	
wiki-d9350c01abe2	vault:wiki/财务自动化.md	财务自动化		K7+K8	locator-only	synthesis/2026-09-12-obsidian-scan/D-wiki.md	
wiki-d9998fd56de5	vault:wiki/财务数字化与AI应用全景.md	财务数字化与AI应用全景		K6+K7+K8	locator-only	synthesis/2026-09-12-obsidian-scan/D-wiki.md	
wiki-d9f62a2c4fce	vault:wiki/AE资金结算架构升级（FY24）.md	AE资金结算架构升级（FY24）		K7	locator-only	synthesis/2026-09-12-obsidian-scan/D-wiki.md	
wiki-daabf8d9f3ec	vault:wiki/财务资金结算与经营数据体系.md	财务资金结算与经营数据体系		K4+K7	locator-only	synthesis/2026-09-12-obsidian-scan/D-wiki.md	
wiki-db063d5dc160	vault:wiki/财务对账自动化.md	财务对账自动化		K3+K4+K7	locator-only	synthesis/2026-09-12-obsidian-scan/D-wiki.md	
wiki-db8f7f54c07b	vault:wiki/财务三大报表.md	财务三大报表		K1+K2+K3	locator-only	synthesis/2026-09-12-obsidian-scan/D-wiki.md	
wiki-dbfdb2ce2a07	vault:wiki/菜鸟采购与资产管理.md	菜鸟采购与资产管理		K7	locator-only	synthesis/2026-09-12-obsidian-scan/D-wiki.md	
wiki-dbfdc97f0424	vault:wiki/AI大模型辅助海关商品税号归类.md	AI大模型辅助海关商品税号归类		K8	locator-only	synthesis/2026-09-12-obsidian-scan/D-wiki.md	
wiki-dc002f2dbd7e	vault:wiki/经营分析与财务分析.md	经营分析与财务分析		K4+K6+K7+K8	locator-only	synthesis/2026-09-12-obsidian-scan/D-wiki.md	
wiki-dc90aea6264f	vault:wiki/财务对账与核算体系.md	财务对账与核算体系		K7	locator-only	synthesis/2026-09-12-obsidian-scan/D-wiki.md	
wiki-dcc6cc5c9eca	vault:wiki/菜鸟产技战略与指标体系.md	菜鸟产技战略与指标体系		K8	locator-only	synthesis/2026-09-12-obsidian-scan/D-wiki.md	
wiki-dcff35409fd4	vault:wiki/现金流量表.md	现金流量表		K1+K3	locator-only	synthesis/2026-09-12-obsidian-scan/D-wiki.md	
wiki-dd19b4eedfbd	vault:wiki/_业务管理报表_.md	_业务管理报表_		K4+K7	locator-only	synthesis/2026-09-12-obsidian-scan/D-wiki.md	
wiki-dd2137d3d0a5	vault:wiki/应收账款风险管理.md	应收账款风险管理		K2+K7	locator-only	synthesis/2026-09-12-obsidian-scan/D-wiki.md	
wiki-dd314834feb8	vault:wiki/成本控制.md	成本控制		K2+K4+K6+K7	locator-only	synthesis/2026-09-12-obsidian-scan/D-wiki.md	
wiki-dd51ae60c1ab	vault:wiki/毛利率与净利率分析.md	毛利率与净利率分析		K2+K3+K4+K7	locator-only	synthesis/2026-09-12-obsidian-scan/D-wiki.md	
wiki-dddf45bb3d8a	vault:wiki/资金结算与财务一体化平台.md	资金结算与财务一体化平台		K7	locator-only	synthesis/2026-09-12-obsidian-scan/D-wiki.md	
wiki-de84c5a67231	vault:wiki/财务分析与经营分析.md	财务分析与经营分析		K4+K6	locator-only	synthesis/2026-09-12-obsidian-scan/D-wiki.md	
wiki-de92f2ef0ce3	vault:wiki/财务BP降本增效汇报.md	财务BP降本增效汇报		K4	locator-only	synthesis/2026-09-12-obsidian-scan/D-wiki.md	
wiki-deb93b53348f	vault:wiki/DIY语音输入工具vibe coding输入小工具深度解析低成本高效办公解决方案.md	DIY语音输入工具vibe coding输入小工具深度解析低成本高效办公解决方案		K8	locator-only	synthesis/2026-09-12-obsidian-scan/D-wiki.md	
wiki-dec7a8382dc5	vault:wiki/薪资定价机制.md	薪资定价机制			locator-only	synthesis/2026-09-12-obsidian-scan/D-wiki.md	
wiki-df1704b537cd	vault:wiki/AI财务结算产品.md	AI财务结算产品		K7+K8	locator-only	synthesis/2026-09-12-obsidian-scan/D-wiki.md	
wiki-df89dde27fb8	vault:wiki/现金流量表分析.md	现金流量表分析		K1+K3+K4+K5	locator-only	synthesis/2026-09-12-obsidian-scan/D-wiki.md	
wiki-dfba240d60c2	vault:wiki/CEO经营分析会与三大核心能力.md	CEO经营分析会与三大核心能力		K4	locator-only	synthesis/2026-09-12-obsidian-scan/D-wiki.md	
wiki-e07d012f9353	vault:wiki/会计引擎与核算架构.md	会计引擎与核算架构		K1+K7	locator-only	synthesis/2026-09-12-obsidian-scan/D-wiki.md	
wiki-e0dee064b26f	vault:wiki/AI辅助海关商品税号归类.md	AI辅助海关商品税号归类		K8	locator-only	synthesis/2026-09-12-obsidian-scan/D-wiki.md	
wiki-e150a1fb2f3e	vault:wiki/_业财一体化与结算资金体系_.md	_业财一体化与结算资金体系_		K5+K7	locator-only	synthesis/2026-09-12-obsidian-scan/D-wiki.md	
wiki-e17aae22ee82	vault:wiki/AE资金结算领域.md	AE资金结算领域		K7	locator-only	synthesis/2026-09-12-obsidian-scan/D-wiki.md	
wiki-e2258901ce33	vault:wiki/财务与HR领域产品专家.md	财务与HR领域产品专家		K7	locator-only	synthesis/2026-09-12-obsidian-scan/D-wiki.md	
wiki-e27d85d8ef6b	vault:wiki/GLPI (开源IT资产与服务管理).md	GLPI (开源IT资产与服务管理)			locator-only	synthesis/2026-09-12-obsidian-scan/D-wiki.md	
wiki-e2ac84dcc91e	vault:wiki/业财一体战役.md	业财一体战役		K7+K8	locator-only	synthesis/2026-09-12-obsidian-scan/D-wiki.md	
wiki-e2c0a8bc9041	vault:wiki/财务智能化运营体系.md	财务智能化运营体系		K7+K8	locator-only	synthesis/2026-09-12-obsidian-scan/D-wiki.md	
wiki-e2c89cb2c2c2	vault:wiki/应收应付链路(O2C与P2P).md	应收应付链路(O2C与P2P)		K7+K8	locator-only	synthesis/2026-09-12-obsidian-scan/D-wiki.md	
wiki-e31f771b53ae	vault:wiki/财务利润.md	财务利润		K2+K3	locator-only	synthesis/2026-09-12-obsidian-scan/D-wiki.md	
wiki-e330b172faa9	vault:wiki/自动化资金与财税管理系统.md	自动化资金与财税管理系统		K7	locator-only	synthesis/2026-09-12-obsidian-scan/D-wiki.md	
wiki-e371f33c188d	vault:wiki/信力绩效沟通（融资平台与资金服务）.md	信力绩效沟通（融资平台与资金服务）		K7	locator-only	synthesis/2026-09-12-obsidian-scan/D-wiki.md	
wiki-e3a40db73ad2	vault:wiki/CFO与FC（财务总监与Financial Controller）.md	CFO与FC（财务总监与Financial Controller）		K1+K6	locator-only	synthesis/2026-09-12-obsidian-scan/D-wiki.md	
wiki-e3fed22325d3	vault:wiki/财务总监年度工作总结与计划.md	财务总监年度工作总结与计划			locator-only	synthesis/2026-09-12-obsidian-scan/D-wiki.md	
wiki-e4e1bcb68aa4	vault:wiki/人工智能在财务中的应用.md	人工智能在财务中的应用		K5+K6	locator-only	synthesis/2026-09-12-obsidian-scan/D-wiki.md	
wiki-e51f8d0b46a7	vault:wiki/财务中台与业财分析平台.md	财务中台与业财分析平台		K7	locator-only	synthesis/2026-09-12-obsidian-scan/D-wiki.md	
wiki-e5be3a3c4f75	vault:wiki/业财一体化与管报核算架构.md	业财一体化与管报核算架构		K1+K7	locator-only	synthesis/2026-09-12-obsidian-scan/D-wiki.md	
wiki-e5ca5b4809f3	vault:wiki/收入确认与票据管理.md	收入确认与票据管理		K1+K4+K7	locator-only	synthesis/2026-09-12-obsidian-scan/D-wiki.md	
wiki-e5d2bcec7342	vault:wiki/毛利率经营分析.md	毛利率经营分析		K3+K4	locator-only	synthesis/2026-09-12-obsidian-scan/D-wiki.md	
wiki-e5e8fb4ad873	vault:wiki/技术型公司财务定价逻辑.md	技术型公司财务定价逻辑		K8	locator-only	synthesis/2026-09-12-obsidian-scan/D-wiki.md	
wiki-e632620d9a58	vault:wiki/经营分析 vs 财务分析.md	经营分析 vs 财务分析		K2+K4+K7	locator-only	synthesis/2026-09-12-obsidian-scan/D-wiki.md	
wiki-e6c3d31dbc65	vault:wiki/经营分析实战指南.md	经营分析实战指南		K4+K6	locator-only	synthesis/2026-09-12-obsidian-scan/D-wiki.md	
wiki-e6c3d693b5fd	vault:wiki/资产管理系统.md	资产管理系统		K5	locator-only	synthesis/2026-09-12-obsidian-scan/D-wiki.md	
wiki-e702d1b0cea4	vault:wiki/DeepSeek 在财务分析中的应用.md	DeepSeek 在财务分析中的应用		K4+K5+K8	locator-only	synthesis/2026-09-12-obsidian-scan/D-wiki.md	
wiki-e716adee94af	vault:wiki/欧洲自营网络与财税合规.md	欧洲自营网络与财税合规		K7	locator-only	synthesis/2026-09-12-obsidian-scan/D-wiki.md	
wiki-e75e7470b410	vault:wiki/业财一体化数据平台.md	业财一体化数据平台		K1+K4+K5+K6+K7	locator-only	synthesis/2026-09-12-obsidian-scan/D-wiki.md	
wiki-e7dffe626b80	vault:wiki/财务管控的底层逻辑：五流合一.md	财务管控的底层逻辑：五流合一		K7	locator-only	synthesis/2026-09-12-obsidian-scan/D-wiki.md	
wiki-e853b8b246ad	vault:wiki/业财融合与经营分析破局.md	业财融合与经营分析破局		K4+K7	locator-only	synthesis/2026-09-12-obsidian-scan/D-wiki.md	
wiki-e8943ce370f6	vault:wiki/盈利能力分析.md	盈利能力分析		K2+K7	locator-only	synthesis/2026-09-12-obsidian-scan/D-wiki.md	
wiki-e8b33bed5d19	vault:wiki/应收账款与存货管理.md	应收账款与存货管理		K1+K4+K5+K7	locator-only	synthesis/2026-09-12-obsidian-scan/D-wiki.md	
wiki-e91be1e7e9be	vault:wiki/Claude Agent Skills与Obsidian个人数字资产管理.md	Claude Agent Skills与Obsidian个人数字资产管理		K5+K8	locator-only	synthesis/2026-09-12-obsidian-scan/D-wiki.md	
wiki-e93ce4b522dc	vault:wiki/月度经营分析报告.md	月度经营分析报告		K2+K3+K4+K6	locator-only	synthesis/2026-09-12-obsidian-scan/D-wiki.md	
wiki-ea6e93762ef9	vault:wiki/_Claude Code 定价体系_.md	_Claude Code 定价体系_		K8	locator-only	synthesis/2026-09-12-obsidian-scan/D-wiki.md	
wiki-eaa5a3ac84c6	vault:wiki/结算AI助理与对账指标体系.md	结算AI助理与对账指标体系		K7+K8	locator-only	synthesis/2026-09-12-obsidian-scan/D-wiki.md	
wiki-eafcc68ff7d8	vault:wiki/菜鸟业财一体化（COA_COB与管报核算体系）.md	菜鸟业财一体化（COA_COB与管报核算体系）		K1+K7	locator-only	synthesis/2026-09-12-obsidian-scan/D-wiki.md	
wiki-eb0419e88d50	vault:wiki/财务共享服务中心.md	财务共享服务中心		K6+K7	locator-only	synthesis/2026-09-12-obsidian-scan/D-wiki.md	
wiki-eb06ff01d725	vault:wiki/经营分析5大核心方法.md	经营分析5大核心方法		K2+K4	locator-only	synthesis/2026-09-12-obsidian-scan/D-wiki.md	
wiki-eb535cc83b12	vault:wiki/会计利润、财务利润与管理利润.md	会计利润、财务利润与管理利润		K2+K6+K7	locator-only	synthesis/2026-09-12-obsidian-scan/D-wiki.md	
wiki-ec484e2ec92c	vault:wiki/制造业成本费用管控分析报表看板.md	制造业成本费用管控分析报表看板		K4+K5+K6+K7	locator-only	synthesis/2026-09-12-obsidian-scan/D-wiki.md	
wiki-ecd0be30f5db	vault:wiki/主价值链经营分析.md	主价值链经营分析		K4	locator-only	synthesis/2026-09-12-obsidian-scan/D-wiki.md	
wiki-ed393d3ce506	vault:wiki/财务数字员工.md	财务数字员工		K7	locator-only	synthesis/2026-09-12-obsidian-scan/D-wiki.md	
wiki-ed62223cd2a2	vault:wiki/业财一体化与标准成本管理.md	业财一体化与标准成本管理		K7	locator-only	synthesis/2026-09-12-obsidian-scan/D-wiki.md	
wiki-ee83258d0ef6	vault:wiki/财务服务计费逻辑.md	财务服务计费逻辑		K7	locator-only	synthesis/2026-09-12-obsidian-scan/D-wiki.md	
wiki-ee9a962065b7	vault:wiki/资金结算团队组织与人员管理.md	资金结算团队组织与人员管理		K5+K7	locator-only	synthesis/2026-09-12-obsidian-scan/D-wiki.md	
wiki-eef34e5792d4	vault:wiki/票易通发票管理平台税号授权服务.md	票易通发票管理平台税号授权服务		K7	locator-only	synthesis/2026-09-12-obsidian-scan/D-wiki.md	
wiki-ef1e9266918a	vault:wiki/2026年Q1财务分析报告要点.md	2026年Q1财务分析报告要点		K3+K4+K6+K7	locator-only	synthesis/2026-09-12-obsidian-scan/D-wiki.md	
wiki-ef4e1a546462	vault:wiki/CFO域财务产品架构.md	CFO域财务产品架构		K4+K6+K7	locator-only	synthesis/2026-09-12-obsidian-scan/D-wiki.md	
wiki-efcf6c2bcb33	vault:wiki/业财结算 AI 化方案.md	业财结算 AI 化方案		K7+K8	locator-only	synthesis/2026-09-12-obsidian-scan/D-wiki.md	
wiki-efdfdaab84b4	vault:wiki/软预算约束.md	软预算约束		K6	locator-only	synthesis/2026-09-12-obsidian-scan/D-wiki.md	
wiki-efe703aa52f6	vault:wiki/财务成本管控核心指标体系.md	财务成本管控核心指标体系		K3+K4+K5+K6	locator-only	synthesis/2026-09-12-obsidian-scan/D-wiki.md	
wiki-eff56dff4e11	vault:wiki/管理会计（一次核算与二次分摊）.md	管理会计（一次核算与二次分摊）		K7	locator-only	synthesis/2026-09-12-obsidian-scan/D-wiki.md	
wiki-f01d626e47a7	vault:wiki/ERP与财务中台.md	ERP与财务中台		K7	locator-only	synthesis/2026-09-12-obsidian-scan/D-wiki.md	
wiki-f074734d9d2a	vault:wiki/离岸信托补税政策（21号文）.md	离岸信托补税政策（21号文）			locator-only	synthesis/2026-09-12-obsidian-scan/D-wiki.md	
wiki-f08b4c50d83c	vault:wiki/_业财一体化与数字化运营_.md	_业财一体化与数字化运营_		K5+K6+K7+K8	locator-only	synthesis/2026-09-12-obsidian-scan/D-wiki.md	
wiki-f0baa7fb72cf	vault:wiki/AI编程范式与经验资产化.md	AI编程范式与经验资产化		K5	locator-only	synthesis/2026-09-12-obsidian-scan/D-wiki.md	
wiki-f0e777d64c01	vault:wiki/业财一体化.md	业财一体化		K7	locator-only	synthesis/2026-09-12-obsidian-scan/D-wiki.md	
wiki-f0ecb8dcc605	vault:wiki/业财稽核与资损防控.md	业财稽核与资损防控		K1+K7	locator-only	synthesis/2026-09-12-obsidian-scan/D-wiki.md	
wiki-f113e56e73e3	vault:wiki/资金结算团队提名晋升评估体系.md	资金结算团队提名晋升评估体系		K7	locator-only	synthesis/2026-09-12-obsidian-scan/D-wiki.md	
wiki-f18e41bf5d64	vault:wiki/全链路资金风控.md	全链路资金风控		K7	locator-only	synthesis/2026-09-12-obsidian-scan/D-wiki.md	
wiki-f18ff75c5152	vault:wiki/菜鸟跨境结算与财务架构.md	菜鸟跨境结算与财务架构		K4+K7	locator-only	synthesis/2026-09-12-obsidian-scan/D-wiki.md	
wiki-f1d79ce807f5	vault:wiki/CFO财务AI产品体系.md	CFO财务AI产品体系		K7+K8	locator-only	synthesis/2026-09-12-obsidian-scan/D-wiki.md	
wiki-f2e834a0ef28	vault:wiki/经营分析与决策支持体系.md	经营分析与决策支持体系		K4+K7	locator-only	synthesis/2026-09-12-obsidian-scan/D-wiki.md	
wiki-f317864e141c	vault:wiki/毛利分析路径.md	毛利分析路径		K2+K3+K4+K6	locator-only	synthesis/2026-09-12-obsidian-scan/D-wiki.md	
wiki-f3cc42861ad5	vault:wiki/定价与账期管理.md	定价与账期管理		K3	locator-only	synthesis/2026-09-12-obsidian-scan/D-wiki.md	
wiki-f416193e519a	vault:wiki/专业财务分析报告撰写方法.md	专业财务分析报告撰写方法		K2+K3+K5+K7	locator-only	synthesis/2026-09-12-obsidian-scan/D-wiki.md	
wiki-f507cb3a8314	vault:wiki/资金结算架构.md	资金结算架构		K7	locator-only	synthesis/2026-09-12-obsidian-scan/D-wiki.md	
wiki-f522eb17ae7d	vault:wiki/企业OS框架与业财一体化.md	企业OS框架与业财一体化		K7	locator-only	synthesis/2026-09-12-obsidian-scan/D-wiki.md	
wiki-f57c1cae27b7	vault:wiki/跨境支付与财务结算架构.md	跨境支付与财务结算架构		K7	locator-only	synthesis/2026-09-12-obsidian-scan/D-wiki.md	
wiki-f5bf904d65ad	vault:wiki/经营分析报告四步法.md	经营分析报告四步法		K4+K6	locator-only	synthesis/2026-09-12-obsidian-scan/D-wiki.md	
wiki-f5d6b0859e8d	vault:wiki/财务安全与稽核体系.md	财务安全与稽核体系		K4+K5+K7+K8	locator-only	synthesis/2026-09-12-obsidian-scan/D-wiki.md	
wiki-f6b195b2c1a6	vault:wiki/企业资金结算与供应链金融.md	企业资金结算与供应链金融		K3+K5+K7	locator-only	synthesis/2026-09-12-obsidian-scan/D-wiki.md	
wiki-f6b6e15f5cd0	vault:wiki/财务国际化实践（菜鸟案例）.md	财务国际化实践（菜鸟案例）		K7	locator-only	synthesis/2026-09-12-obsidian-scan/D-wiki.md	
wiki-f6df86d51bd1	vault:wiki/动态关税敏捷闭环.md	动态关税敏捷闭环		K7	locator-only	synthesis/2026-09-12-obsidian-scan/D-wiki.md	
wiki-f6ed1a264676	vault:wiki/资金结算与金融招聘情况 20171017.md	资金结算与金融招聘情况 20171017		K7	locator-only	synthesis/2026-09-12-obsidian-scan/D-wiki.md	
wiki-f71f7ef70040	vault:wiki/采购风控与资产全生命周期管理.md	采购风控与资产全生命周期管理		K5+K7	locator-only	synthesis/2026-09-12-obsidian-scan/D-wiki.md	
wiki-f79e3927d0a3	vault:wiki/资产负债表与利润表勾稽关系.md	资产负债表与利润表勾稽关系		K1+K2	locator-only	synthesis/2026-09-12-obsidian-scan/D-wiki.md	
wiki-f7baf1d729cc	vault:wiki/财务结算AI智能体架构.md	财务结算AI智能体架构		K5+K7+K8	locator-only	synthesis/2026-09-12-obsidian-scan/D-wiki.md	
wiki-f7cc2c5b9104	vault:wiki/财务产品与计费结算.md	财务产品与计费结算		K7	locator-only	synthesis/2026-09-12-obsidian-scan/D-wiki.md	
wiki-f822094e0b62	vault:wiki/利润表分析.md	利润表分析		K1+K3+K6	locator-only	synthesis/2026-09-12-obsidian-scan/D-wiki.md	
wiki-f86831f14136	vault:wiki/资金结算平台.md	资金结算平台		K4+K7	locator-only	synthesis/2026-09-12-obsidian-scan/D-wiki.md	
wiki-f8a7b17b7119	vault:wiki/菜鸟标准支出事项与成本管理单元.md	菜鸟标准支出事项与成本管理单元		K6+K7	locator-only	synthesis/2026-09-12-obsidian-scan/D-wiki.md	
wiki-f8d854663d56	vault:wiki/资金结算平台化.md	资金结算平台化		K7	locator-only	synthesis/2026-09-12-obsidian-scan/D-wiki.md	
wiki-f939da852971	vault:wiki/财务经营思维.md	财务经营思维		K1+K3+K4+K5+K7	locator-only	synthesis/2026-09-12-obsidian-scan/D-wiki.md	
wiki-fa172d54c887	vault:wiki/应收账款分析模型.md	应收账款分析模型		K1+K2+K4	locator-only	synthesis/2026-09-12-obsidian-scan/D-wiki.md	
wiki-fa60b7bad2e9	vault:wiki/应收账款分析.md	应收账款分析		K1+K2+K3	locator-only	synthesis/2026-09-12-obsidian-scan/D-wiki.md	
wiki-fa8f45655adb	vault:wiki/菜鸟资金结算与风控域.md	菜鸟资金结算与风控域		K5+K7	locator-only	synthesis/2026-09-12-obsidian-scan/D-wiki.md	
wiki-fb476a129e28	vault:wiki/跨OU资金收付.md	跨OU资金收付		K7	locator-only	synthesis/2026-09-12-obsidian-scan/D-wiki.md	
wiki-fb9747e35f18	vault:wiki/财务链路系统架构.md	财务链路系统架构		K7+K8	locator-only	synthesis/2026-09-12-obsidian-scan/D-wiki.md	
wiki-fbdfeeed9059	vault:wiki/财务资损防控体系.md	财务资损防控体系		K4+K7	locator-only	synthesis/2026-09-12-obsidian-scan/D-wiki.md	
wiki-fca9f1fc59bb	vault:wiki/财务人工作习惯与思维进阶.md	财务人工作习惯与思维进阶		K1+K6	locator-only	synthesis/2026-09-12-obsidian-scan/D-wiki.md	
wiki-fce74a5d5043	vault:wiki/IT 资产全生命周期管理.md	IT 资产全生命周期管理		K5+K6	locator-only	synthesis/2026-09-12-obsidian-scan/D-wiki.md	
wiki-fcfe27d039aa	vault:wiki/智能定价中心.md	智能定价中心		K7	locator-only	synthesis/2026-09-12-obsidian-scan/D-wiki.md	
wiki-fded0041bac4	vault:wiki/财务人员转型.md	财务人员转型		K8	locator-only	synthesis/2026-09-12-obsidian-scan/D-wiki.md	
wiki-fe65435d1555	vault:wiki/计提（会计处理方法）.md	计提（会计处理方法）		K7	locator-only	synthesis/2026-09-12-obsidian-scan/D-wiki.md	
wiki-fe882b6ad6ae	vault:wiki/财务系统国际化.md	财务系统国际化		K4+K7	locator-only	synthesis/2026-09-12-obsidian-scan/D-wiki.md	
wiki-fe973fe7b2a7	vault:wiki/财务基础能力升级（BS简化与明细账）.md	财务基础能力升级（BS简化与明细账）		K7	locator-only	synthesis/2026-09-12-obsidian-scan/D-wiki.md	
wiki-ff4448f90ef7	vault:wiki/菜鸟数字化资产管理.md	菜鸟数字化资产管理		K7	locator-only	synthesis/2026-09-12-obsidian-scan/D-wiki.md	
wiki-ffdce36c0baa	vault:wiki/OneMetric指标平台.md	OneMetric指标平台		K8	locator-only	synthesis/2026-09-12-obsidian-scan/D-wiki.md	
